가게	🏪	편의점
가게	🏬	백화점
가금	🪿	거위
가나	🇬🇭	깃발: 가나
가나세디	₵	가나 세디
가는중	👣	발자국
가는중	🔜	곧
가니쉬	🍋‍🟩	라임
가득	🈵	찰 만
가득넣은	🥙	밀전병에 싼 요리
가든파티	👒	여성용 모자
가라데	🥋	도복
가라오케	🎤	마이크
가락신	🩴	가락신
가로	🚥	가로 신호등
가로선으로채워진정사각형	▤	가로선으로 채워진 정사각형
가로선이있는빈위쪽화살표	⇪	가로선이 있는 빈 위쪽 화살표
가로선이있는아래쪽화살표	↧	가로선이 있는 아래쪽 화살표
가로선이있는위쪽화살표	↥	가로선이 있는 위쪽 화살표
가로신호등	🚥	가로 신호등
가리키기	☝	위쪽을 가리키는 손
가리키기	🫵	보는 사람을 가리키는 검지
가리키다	🫵	보는 사람을 가리키는 검지
가리키다	🈯	가리킬 지
가리킬지	🈯	가리킬 지
가면	🥸	변장한 얼굴
가면	👹	도깨비 가면
가면	👺	코주부 도깨비 가면
가면	🎭	가면
가뭄	🌵	선인장
가방	👜	핸드백
가방	👝	파우치
가방	🛍	쇼핑백
가방	🎒	학교 가방
가방	💰	돈주머니
가방	💼	서류 가방
가방	🛄	짐 찾는 곳
가버림	💨	달려나감
가벼운	🪶	깃털
가봉	🇬🇦	깃발: 가봉
가부좌	🧘	가부좌한 사람
가부좌	🧘‍♂	가부좌한 남자
가부좌	🧘‍♀	가부좌한 여자
가부좌한남자	🧘‍♂	가부좌한 남자
가부좌한사람	🧘	가부좌한 사람
가부좌한여자	🧘‍♀	가부좌한 여자
가수	🧑‍🎤	가수
가수	👨‍🎤	남자 가수
가수	👩‍🎤	여자 가수
가스	⛽	주유소
가슴이아픈	💔	깨진 하트
가시	🦔	고슴도치
가십	💁	손바닥 꺾은 사람
가운데손가락	🖕	중지
가운뎃점	・	일본어 가운뎃점
가운뎃점	·	가운뎃점
가위	✌	브이 표시
가위	💇‍♂	남자 헤어컷
가위	💇‍♀	여자 헤어컷
가위	✂	가위
가위와빗	💇	헤어컷
가을	🍂	낙엽
가을	🥮	월병
가을낙엽	🍃	바람에 흔들리는 나뭇잎
가이드	🪬	함사
가이아나	🇬🇾	깃발: 가이아나
가재	🦞	바닷가재
가족	👪	가족
가족	🧑‍🧑‍🧒	가족: 성인, 성인, 아이
가족	🧑‍🧑‍🧒‍🧒	가족: 성인, 성인, 아이, 아이
가족	🧑‍🧒	가족: 성인, 아이
가족	🧑‍🧒‍🧒	가족: 성인, 아이, 아이
가족	👨‍👩‍👦	가족: 남자 여자 남자 아이
가족	👨‍👩‍👧	가족: 남자 여자 여자 아이
가족	👨‍👩‍👧‍👦	가족: 남자 여자 여자 아이 남자 아이
가족	👨‍👩‍👦‍👦	가족: 남자 여자 남자 아이 남자 아이
가족	👨‍👩‍👧‍👧	가족: 남자 여자 여자 아이 여자 아이
가족	👨‍👨‍👦	가족: 남자 남자 남자 아이
가족	👨‍👨‍👧	가족: 남자 남자 여자 아이
가족	👨‍👨‍👧‍👦	가족: 남자 남자 여자 아이 남자 아이
가족	👨‍👨‍👦‍👦	가족: 남자 남자 남자 아이 남자 아이
가족	👨‍👨‍👧‍👧	가족: 남자 남자 여자 아이 여자 아이
가족	👩‍👩‍👦	가족: 여자 여자 남자 아이
가족	👩‍👩‍👧	가족: 여자 여자 여자 아이
가족	👩‍👩‍👧‍👦	가족: 여자 여자 여자 아이 남자 아이
가족	👩‍👩‍👦‍👦	가족: 여자 여자 남자 아이 남자 아이
가족	👩‍👩‍👧‍👧	가족: 여자 여자 여자 아이 여자 아이
가족	👨‍👦	가족: 남자 남자 아이
가족	👨‍👦‍👦	가족: 남자 남자 아이 남자 아이
가족	👨‍👧	가족: 남자 여자 아이
가족	👨‍👧‍👦	가족: 남자 여자 아이 남자 아이
가족	👨‍👧‍👧	가족: 남자 여자 아이 여자 아이
가족	👩‍👦	가족: 여자 남자 아이
가족	👩‍👦‍👦	가족: 여자 남자 아이 남자 아이
가족	👩‍👧	가족: 여자 여자 아이
가족	👩‍👧‍👦	가족: 여자 여자 아이 남자 아이
가족	👩‍👧‍👧	가족: 여자 여자 아이 여자 아이
가죽끈	🩴	가락신
가지	🍆	가지
가지진뿔	🫎	무스
각	∠	각
각	📐	삼각자
각얼음	🧊	얼음
간	🍧	샤베트 아이스크림
간얼음	🍧	샤베트 아이스크림
간호사	🧑‍⚕	의료인
간호사	👨‍⚕	남자 의료인
간호사	👩‍⚕	여자 의료인
갈고리	🪝	갈고리
갈기	🦁	사자 얼굴
갈색	🤎	갈색 하트
갈색	🟤	갈색 원
갈색	🟫	갈색 사각형
갈색사각형	🟫	갈색 사각형
갈색양송이버섯	🍄‍🟫	갈색 양송이 버섯
갈색원	🟤	갈색 원
갈색하트	🤎	갈색 하트
감귤	🍊	귤
감기	😷	마스크 낀 얼굴
감기	🤧	재채기하는 얼굴
감동	🥲	눈물 흘리며 웃는 얼굴
감동없는	😐	덤덤한 얼굴
감비아	🇬🇲	깃발: 감비아
감사	🥲	눈물 흘리며 웃는 얼굴
감사	🥹	눈물을 참는 얼굴
감사	🙏	기도
감싼	🫔	타말레
감은눈	😚	눈을 감은 채로 키스하는 얼굴
감은눈	😙	미소 짓는 눈으로 키스하는 얼굴
감자	🥔	감자
감자튀김	🍟	감자튀김
감정	🥹	눈물을 참는 얼굴
감정	😢	우는 얼굴
감정	💝	리본 달린 하트
감정	💖	빛나는 하트
감정	💗	커지는 하트
감정	💓	두근거리는 하트
감정	💞	회전하는 하트
감정	💕	하트 두 개
감정	💔	깨진 하트
감정	❤	빨간색 하트
감정	💛	노란색 하트
감정	💚	초록색 하트
감정	💙	파란색 하트
감정	💜	보라색 하트
감정	💋	입술
감정	♥	하트
감정없는	😑	무표정한 얼굴
감탄	!	느낌표
감탄	¡	거꾸로 된 느낌표
감탄	🫢	눈을 뜨고 손으로 입을 가린 얼굴
감탄	🥹	눈물을 참는 얼굴
감탄부호	!	느낌표
감탄부호	¡	거꾸로 된 느낌표
감탄의문부호	‽	감탄 의문 부호
갑각류	🦐	새우
갑자기깨달은	🤭	손으로 입을 가린 얼굴
갓난아기	👶	아기
갓난아기	🍼	젖병
갓태어난	👩‍🍼	수유 중인 여자
갓태어난	👨‍🍼	수유 중인 남자
갓태어난	🧑‍🍼	수유 중인 사람
갓태어난	🐥	정면을 향해 날개를 편 병아리
갓태어난병아리	🐣	알에서 깬 병아리
강	🚣	노젓는 사람
강	🚣‍♂	노젓는 남자
강	🚣‍♀	노젓는 여자
강사	🧑‍🏫	교사
강사	👨‍🏫	남교사
강사	👩‍🏫	여교사
강아지	🐶	강아지 얼굴
강아지	🐕	개
강아지	🐩	푸들
강아지눈	🥺	애원하는 얼굴
강아지얼굴	🐶	강아지 얼굴
강연자	🧑‍🏫	교사
강연자	👨‍🏫	남교사
강연자	👩‍🏫	여교사
강우	☔	빗방울이 있는 우산
강한비	☔	빗방울이 있는 우산
강함	💪	알통
같다	=	같음
같음	=	같음
같음	≤	이하
같음	≥	이상
같음	🟰	등호 기호
같이춤춰요	🕺	남자 댄서
같지않음	≠	같지 않음
같지않음	≤	이하
같지않음	≥	이상
개	🦴	뼈다귀
개	🐶	강아지 얼굴
개	🐕	개
개	🐕‍🦺	보조견
개	🐩	푸들
개구리	🐸	개구리 얼굴
개구리얼굴	🐸	개구리 얼굴
개띠	🐶	강아지 얼굴
개미	🐜	개미
개발자	🧑‍💻	기술 전문가
개발자	👨‍💻	남자 기술 전문가
개발자	👩‍💻	여자 기술 전문가
개성있는	😎	선글라스 낀 얼굴
개월	🈷	달 월
개인	💻	노트북
갬블	🎰	슬롯 머신
갱신	🐦‍🔥	불사조
거꾸로	¡	거꾸로 된 느낌표
거꾸로	¿	거꾸로 된 물음표
거꾸로된느낌표	¡	거꾸로 된 느낌표
거꾸로된물음표	¿	거꾸로 된 물음표
거꾸로된얼굴	🙃	거꾸로 된 얼굴
거듭	√	제곱근
거듭신	🈸	거듭 신
거듭제곱근	√	제곱근
거래	🤝	악수
거미	🕷	거미
거미	🕸	거미줄
거미줄	🕸	거미줄
거북	🐢	거북이
거북등괄호	〔	여는 거북등괄호
거북등괄호	〕	닫는 거북등괄호
거북이	🐢	거북이
거울	🪞	거울
거위	🪿	거위
거의같음	≈	거의 같음
거의같지않음위의후속	⪺	거의 같지 않음 위의 후속
거인	🫈	털복숭이
거절	🫷	왼쪽으로 밀치는 손
거절	🫸	오른쪽으로 밀치는 손
거짓말	🤥	거짓말하는 얼굴
거짓말쟁이	🤥	거짓말하는 얼굴
거짓말하는얼굴	🤥	거짓말하는 얼굴
거품	🫧	거품
걱정	😟	걱정스러운 얼굴
걱정	🫦	입술을 깨물고 있는 입
걱정스러운	😨	두려워하는 얼굴
걱정스러운	🫦	입술을 깨물고 있는 입
걱정스러운얼굴	😟	걱정스러운 얼굴
걱정스러움	😟	걱정스러운 얼굴
건강	❤‍🩹	낫고 있는 하트
건강	🍎	빨간 사과
건강	🫚	생강 뿌리
건강	🥗	야채샐러드
건강관리	🧑‍⚕	의료인
건강관리	👨‍⚕	남자 의료인
건강관리	👩‍⚕	여자 의료인
건널목	🚸	어린이 보호 구역
건물	🏛	고전 양식의 건축물
건물	🏗	건물 공사
건물	🏘	주택 건물
건물	🏚	낡은 주택 건물
건물	🏠	집
건물	🏢	빌딩
건물	🏣	일본 우체국
건물	🏤	우체국
건물	🏥	병원
건물	🏦	은행
건물	🏨	호텔
건물	🏩	모텔
건물	🏪	편의점
건물	🏫	학교
건물	🏬	백화점
건물	🏭	공장
건물	🏯	일본 성
건물	🏰	유럽 성
건물	⛪	교회
건물	🏙	도시 전경
건물	🌆	도시 야경
건물	🌇	일몰
건물공사	🏗	건물 공사
건반	🎹	피아노
건배	🥂	건배하는 샴페인 잔
건배하는샴페인잔	🥂	건배하는 샴페인 잔
건설	👷	건설 노동자
건설	👷‍♂	건설 현장 남자 노동자
건설	👷‍♀	건설 현장 여자 노동자
건설노동자	👷	건설 노동자
건설현장남자노동자	👷‍♂	건설 현장 남자 노동자
건설현장여자노동자	👷‍♀	건설 현장 여자 노동자
건전지	🔋	배터리
건지	🇬🇬	깃발: 건지
건축가	🧑‍💼	회사원
건축가	👨‍💼	남자 회사원
건축가	👩‍💼	여자 회사원
걷기	🚶	보행자
걷기	🚶‍♂	걷는 남자
걷기	🚶‍♀	걷는 여자
걷기	🚶‍➡	보행자: 오른쪽을 향한
걷기	🚶‍♀‍➡	걷는 여자: 오른쪽을 향한
걷기	🚶‍♂‍➡	걷는 남자: 오른쪽을 향한
걷는남자	🚶	보행자
걷는남자	🚶‍♂	걷는 남자
걷는남자	🚶‍➡	보행자: 오른쪽을 향한
걷는남자	🚶‍♂‍➡	걷는 남자: 오른쪽을 향한
걷는사람	🚶	보행자
걷는사람	🚶‍♂	걷는 남자
걷는사람	🚶‍♀	걷는 여자
걷는사람	🚶‍➡	보행자: 오른쪽을 향한
걷는사람	🚶‍♀‍➡	걷는 여자: 오른쪽을 향한
걷는사람	🚶‍♂‍➡	걷는 남자: 오른쪽을 향한
걷는여자	🚶‍♀	걷는 여자
걷는여자	🚶‍♀‍➡	걷는 여자: 오른쪽을 향한
걸리게하다	🪝	갈고리
걸어가는사람	🚶	보행자
걸어가는사람	🚶‍♂	걷는 남자
걸어가는사람	🚶‍♀	걷는 여자
걸어가는사람	🚶‍➡	보행자: 오른쪽을 향한
걸어가는사람	🚶‍♀‍➡	걷는 여자: 오른쪽을 향한
걸어가는사람	🚶‍♂‍➡	걷는 남자: 오른쪽을 향한
걸음	👣	발자국
검	🤺	펜싱하는 사람
검	⚔	쌍검
검거	👮	경찰관
검색	🔍	왼쪽으로 향한 돋보기
검색	🔎	오른쪽으로 향한 돋보기
검색하기	🔍	왼쪽으로 향한 돋보기
검색하기	🔎	오른쪽으로 향한 돋보기
검은	🐈‍⬛	검은 고양이
검은고양이	🐈‍⬛	검은 고양이
검은구멍	🕳	구멍
검은새	🐦‍⬛	검은 새
검은색깃발	🏴	펄럭이는 검은색 깃발
검은색다이아몬드	◆	검은색 다이아몬드
검은색다이아몬드를포함하고있는흰색다이아몬드	◈	검은색 다이아몬드를 포함하고 있는 흰색 다이아몬드
검은색렌즈괄호	【	여는 검은색 렌즈 괄호
검은색렌즈괄호	】	닫는 검은색 렌즈 괄호
검은색사각형을포함하고있는흰색정사각형	▣	검은색 사각형을 포함하고 있는 흰색 정사각형
검은색삼각형	▲	검은색 위쪽 삼각형
검은색삼각형	▼	검은색 아래쪽 삼각형
검은색세로직사각형	▮	검은색 세로 직사각형
검은색아래쪽삼각형	▼	검은색 아래쪽 삼각형
검은색원	⚫	검은색 원
검은색원을포함하고있는흰색원	◉	검은색 원을 포함하고 있는 흰색 원
검은색위쪽삼각형	▲	검은색 위쪽 삼각형
검은색작은사각형	▪	작은 검은색 사각형
검은색정사각형	■	검은색 정사각형
검은색직사각형	▬	검은색 직사각형
검은색큰사각형	⬛	큰 검은색 사각형
검은색펜촉	✒	검은색 펜촉
검은색평행사변형	▰	검은색 평행 사변형
검은색하트	🖤	검은색 하트
검정	🖤	검은색 하트
검정	🐦‍⬛	검은 새
검정색중간사각형	◼	중간 검은색 사각형
검지	🤞	검지와 중지 크로스
검지	☝	위쪽을 가리키는 손
검지손가락	👈	왼쪽을 가리키는 손등
검지손가락	👉	오른쪽을 가리키는 손등
검지손가락	👆	위쪽을 가리키는 손등
검지손가락	👇	아래쪽을 가리키는 손등
검지와중지크로스	🤞	검지와 중지 크로스
겁	🫦	입술을 깨물고 있는 입
겁먹은	😦	입 벌리고 찌푸린 얼굴
겁먹은	😧	괴로워하는 얼굴
겁먹은	😓	식은땀 흘리는 얼굴
게	🦀	꽃게
게으른	🦥	나무늘보
게이	👬	손을 잡고 있는 두 명의 남자
게이	🌈	무지개
게이	🏳‍🌈	무지개 깃발
게이머	👾	에일리언
게임	👾	에일리언
게임	🏐	배구공
게임	🎳	볼링
게임	🏏	크리켓
게임	🏑	필드 하키
게임	🏒	아이스 하키와 퍽
게임	🏓	탁구
게임	🥌	컬링 스톤
게임	🎯	과녁 명중
게임	🎱	당구
게임	🎮	비디오 게임
게임	🕹	조이스틱
게임	🎰	슬롯 머신
게임	🎲	주사위
게임	♠	스페이드
게임	♥	하트
게임	♦	다이아몬드
게임	♣	클럽
게임	🃏	조커
게임	🀄	마작
게임	🎴	화투
게임패드	🎮	비디오 게임
게자리	🦀	꽃게
게자리	♋	게자리
겨울	🪾	잎이 없는 나무
겨울	☃	눈사람
겨울	⛄	스노우맨
격식	🤵	턱시도를 입은 사람
격식	🤵‍♂	턱시도를 입은 남자
격식	🤵‍♀	턱시도를 입은 여자
격식있는	👔	넥타이
격식차린	🎩	마술사 모자
격자무늬	🏁	격자 무늬 깃발
격자무늬깃발	🏁	격자 무늬 깃발
격투	🫯	싸움 구름
견과류	🥜	땅콩
견과류	🌰	밤
결별	💔	깨진 하트
결승선깃발	🏁	격자 무늬 깃발
결심	💭	생각 풍선
결투	🤼‍♂	레슬링하는 남자
결투	🤼‍♀	레슬링하는 여자
결혼	💒	결혼식
결혼	💍	반지
결혼식	🤵	턱시도를 입은 사람
결혼식	🤵‍♂	턱시도를 입은 남자
결혼식	🤵‍♀	턱시도를 입은 여자
결혼식	👰	면사포를 쓴 사람
결혼식	👰‍♂	면사포를 쓴 남자
결혼식	👰‍♀	면사포를 쓴 여자
결혼식	💒	결혼식
결혼식	💍	반지
결혼식	💎	원석
결혼한	💒	결혼식
겹낫표	『	여는 겹낫표
겹낫표	』	닫는 겹낫표
경고	🚨	사이렌
경고	⚠	주의
경기	🏃	뛰는 사람
경기	🏃‍♂	뛰는 남자
경기	🏃‍♀	뛰는 여자
경기	🤼	레슬링하는 사람
경기	🤼‍♂	레슬링하는 남자
경기	🤼‍♀	레슬링하는 여자
경기	🏅	스포츠 메달
경기	🏐	배구공
경기	🏏	크리켓
경기	🏑	필드 하키
경기	🏒	아이스 하키와 퍽
경기	🥌	컬링 스톤
경기	🎲	주사위
경기	🏁	격자 무늬 깃발
경기	🏃‍➡	뛰는 사람: 오른쪽을 향한
경기	🏃‍♀‍➡	뛰는 여자: 오른쪽을 향한
경기	🏃‍♂‍➡	뛰는 남자: 오른쪽을 향한
경기에서짐	🎲	주사위
경기장	🏟	경기장
경도	🌐	자오선 지구
경락	💆	마사지 받는 사람
경례	🫡	경례하는 얼굴
경례	🖖	벌칸식 인사
경례하는얼굴	🫡	경례하는 얼굴
경로적분	∮	경로 적분
경마	🏇	승마
경마	🐎	말
경보	🚨	사이렌
경비대	💂	근위병
경비대	💂‍♂	남자 근위병
경비대	💂‍♀	여자 근위병
경비대원	💂	근위병
경비대원	💂‍♂	남자 근위병
경비대원	💂‍♀	여자 근위병
경비행기	🛩	경비행기
경삼륜차	🛺	경삼륜차
경유	⛽	주유소
경전철	🚈	경전철
경주	🏍	오토바이
경주용자동차	🏎	경주용 자동차
경찰	👮	경찰관
경찰	👮‍♂	남자 경찰관
경찰	👮‍♀	여자 경찰관
경찰	🚓	경찰차
경찰	🚔	오고 있는 경찰차
경찰	🚨	사이렌
경찰관	👮	경찰관
경찰관	👮‍♂	남자 경찰관
경찰관	👮‍♀	여자 경찰관
경찰복	👮‍♂	남자 경찰관
경찰복	👮‍♀	여자 경찰관
경찰차	🚓	경찰차
경찰차	🚔	오고 있는 경찰차
경찰차사이렌	🚨	사이렌
계단	🪜	사다리
계란	🐣	알에서 깬 병아리
계란	🥚	달걀
계란	🍳	프라이팬
계란프라이	🍳	프라이팬
계산	🧮	주판
계산한	🤑	돈 모양의 입이 있는 얼굴
고개를끄덕이다	🙂‍↕	끄덕끄덕
고개를흔들다	🙂‍↔	도리도리
고구마	🍠	고구마
고글	🥽	고글
고급	👛	지갑
고기	🍖	고기
고기	🍗	닭다리
고기	🥩	고깃덩이
고기	🥓	베이컨
고기	🥧	파이
고기덩어리	🍖	고기
고깃덩이	🥩	고깃덩이
고깔모자	🥳	파티하는 얼굴
고드름	🥶	추워하는 얼굴
고래	🐳	물 뿜는 고래
고래	🐋	고래
고래	🫍	범고래
고려해서	🤔	생각하는 얼굴
고르디타	🫓	플랫브레드
고리	🪝	갈고리
고리	➰	고리
고리가있는행성	🪐	고리가 있는 행성
고리점	。	고리점
고릴라	🦍	고릴라
고마워	🙏	모은 손
고마워	💐	꽃다발
고마워	🫂	포옹하는 사람
고민이많은	😧	괴로워하는 얼굴
고소하다는웃음짓는고양이	😼	썩소 짓는 고양이
고속	🚄	고속열차
고속	🚅	고속철
고속도로	🛣	고속도로
고속상승버튼	⏫	빨리 올리기 버튼
고속열차	🚄	고속열차
고속철	🚅	고속철
고수머리	🦱	곱슬머리
고스톱	🎴	화투
고스트	👻	유령
고슴도치	🦔	고슴도치
고압	⚡	고압 주의
고압경고	⚡	고압 주의
고압주의	⚡	고압 주의
고양이	🐱	고양이 얼굴
고양이	🐈	고양이
고양이	😺	활짝 웃는 고양이 얼굴
고양이	😸	미소 짓는 눈으로 활짝 웃는 고양이 얼굴
고양이	😹	기쁨의 눈물을 흘리는 고양이 얼굴
고양이	😻	하트 눈 고양이 얼굴
고양이	😼	썩소 짓는 고양이
고양이	😽	키스하는 고양이 얼굴
고양이	🙀	절규하는 고양이 얼굴
고양이	😿	울고 있는 고양이 얼굴
고양이	😾	뾰로통한 고양이 얼굴
고양이	🐈‍⬛	검은 고양이
고양이같은	🐈‍⬛	검은 고양이
고양이얼굴	🐱	고양이 얼굴
고전	🏛	고전 양식의 건축물
고전빌딩	🏛	고전 양식의 건축물
고전양식의건축물	🏛	고전 양식의 건축물
고정용핀	🧷	옷핀
고집불통	🫏	당나귀
고추	🌶	홍고추
고추	🫑	피망
고통	🥲	눈물 흘리며 웃는 얼굴
곡괭이	⛏	곡괭이
곡괭이	⚒	망치와 곡괭이
곡선	🪝	갈고리
곡식	🌾	벼
곡예	🤸	옆돌기하는 사람
곡절부호	^	곡절 부호
곤돌라	🚠	산악 케이블카
곤돌라	🚡	케이블카
곤란	💦	땀
곤충	🦋	나비
곤충	🐛	송충이
곤충	🐜	개미
곤충	🐝	꿀벌
곤충	🪲	딱정벌레
곤충	🦗	귀뚜라미
곤충	🪳	바퀴벌레
곤충	🕷	거미
곧	🔜	곧
곧진행된다는신호	🔜	곧
곧진행된다는표시	🔜	곧
곧진행된다는화살표	🔜	곧
골	🥍	라크로스
골	🥅	골대
골대	🥅	골대
골드	🥇	금메달
골드	🪙	동전
골뱅이표	@	앳 기호
골치아파하는남자	🤦‍♂	골치 아파하는 남자
골치아파하는사람	🤦	골치 아파하는 사람
골치아파하는여자	🤦‍♀	골치 아파하는 여자
골치아픔	💆	마사지 받는 사람
골퍼	🏌	골프치는 사람
골퍼	🏌‍♂	골프치는 남자
골프	🏌	골프치는 사람
골프	🏌‍♂	골프치는 남자
골프	🏌‍♀	골프치는 여자
골프	⛳	골프
골프	🚩	세모 깃발
골프선수	🏌	골프치는 사람
골프선수	🏌‍♂	골프치는 남자
골프선수	🏌‍♀	골프치는 여자
골프연습장	🏌	골프치는 사람
골프연습장	🏌‍♂	골프치는 남자
골프치는남자	🏌‍♂	골프치는 남자
골프치는사람	🏌	골프치는 사람
골프치는여자	🏌‍♀	골프치는 여자
골프티	🏌	골프치는 사람
골프티	🏌‍♂	골프치는 남자
곰	🐻	곰 얼굴
곰	🐻‍❄	북극곰
곰	🍯	꿀
곰	🧸	테디 베어
곰곰히	🤔	생각하는 얼굴
곰돌이	🐻	곰 얼굴
곰발바닥	🐾	곰발바닥
곰발자국	🐾	곰발바닥
곰얼굴	🐻	곰 얼굴
곰인형	🧸	테디 베어
곱셈	×	곱셈 기호
곱셈	✖	곱하기
곱셈	❌	엑스 표시
곱셈	❎	엑스 표시 버튼
곱셈기호	×	곱셈 기호
곱셈기호	✖	곱하기
곱슬	➰	고리
곱슬곱슬한	➿	두 개의 고리
곱슬머리	🦱	곱슬머리
곱슬머리	🧑‍🦱	사람: 곱슬머리
곱슬머리	👨‍🦱	남자: 곱슬머리
곱슬머리	👩‍🦱	여자: 곱슬머리
곱하기	×	곱셈 기호
곱하기	✖	곱하기
곱하기	❌	엑스 표시
곱하기	❎	엑스 표시 버튼
공	🏌	골프치는 사람
공	🏌‍♂	골프치는 남자
공	🏌‍♀	골프치는 여자
공	⛹	공을 갖고 있는 사람
공	⛹‍♂	공 가진 남자
공	⛹‍♀	공 가진 여자
공	🤾‍♀	핸드볼하는 여자
공	🎊	박 터트리기
공	⚽	축구공
공	⚾	야구공
공	🥎	소프트볼
공	🏀	농구
공	🏐	배구공
공	🏉	럭비공
공	🎾	테니스
공	🎳	볼링
공	🏏	크리켓
공	🏑	필드 하키
공	🥍	라크로스
공	🏓	탁구
공	🎱	당구
공	🧶	실뭉치
공	🈳	빌 공
공	0⃣	키 캡: 0
공가진남자	⛹‍♂	공 가진 남자
공가진여자	⛹‍♀	공 가진 여자
공구	🧰	공구통
공구통	🧰	공구통
공구함	🧰	공구통
공놀이	🤾	핸드볼하는 사람
공룡	🦕	초식 공룡
공룡	🦖	티라노사우루스
공부	🏫	학교
공부	📚	책 여러 권
공부벌레	🤓	모범생 얼굴
공사	🏗	건물 공사
공사	🚧	공사 중
공사	🚩	세모 깃발
공사중	🚧	공사 중
공사중표시	🚧	공사 중
공상에잠긴얼굴	😶‍🌫	공상에 잠긴 얼굴
공업	🧑‍🏭	공장 직원
공업	👨‍🏭	공장 남자 직원
공업	👩‍🏭	공장 여자 직원
공연	🎫	티켓
공연	🎭	가면
공원	🏞	국립공원
공을갖고있는남자	⛹‍♂	공 가진 남자
공을갖고있는사람	⛹	공을 갖고 있는 사람
공을갖고있는여자	⛹‍♀	공 가진 여자
공작	🦚	공작
공장	🧑‍🏭	공장 직원
공장	👨‍🏭	공장 남자 직원
공장	👩‍🏭	공장 여자 직원
공장	🏭	공장
공장남자직원	👨‍🏭	공장 남자 직원
공장여자직원	👩‍🏭	공장 여자 직원
공장직원	🧑‍🏭	공장 직원
공주	👸	공주
공주님	👸	공주
공중	🚡	케이블카
공중부양	🕴	공중에 떠 있는 정장 입은 남자
공중에떠있는정장입은남자	🕴	공중에 떠 있는 정장 입은 남자
공중화장실	🚻	화장실
공중화장실	🚾	더블유씨
공집합	∅	공집합
공책	📔	표지가 있는 노트
공책	📓	공책
공책	📒	노트
공튀기는남자	⛹‍♂	공 가진 남자
공튀기는사람	⛹	공을 갖고 있는 사람
공튀기는여자	⛹‍♀	공 가진 여자
공평한	⚖	접시저울
공포	😨	두려워하는 얼굴
공포	😱	공포에 절규하는 얼굴
공포	🧛	뱀파이어
공포	🧛‍♂	남자 뱀파이어
공포	🧛‍♀	여자 뱀파이어
공포	🧟	좀비
공포	🧟‍♂	남자 좀비
공포	🧟‍♀	여자 좀비
공포에가득찬얼굴	😨	두려워하는 얼굴
공포에절규하는얼굴	😱	공포에 절규하는 얼굴
공황	🫪	왜곡된 얼굴
과나코	🦙	라마
과녁	🎯	과녁 명중
과녁명중	🎯	과녁 명중
과들루프	🇬🇵	깃발: 과들루프
과일	🍇	포도
과일	🍈	멜론
과일	🍉	수박
과일	🍊	귤
과일	🍋	레몬
과일	🍋‍🟩	라임
과일	🍌	바나나
과일	🍍	파인애플
과일	🥭	망고
과일	🍎	빨간 사과
과일	🍏	초록 사과
과일	🍐	배
과일	🍑	복숭아
과일	🍒	체리
과일	🍓	딸기
과일	🫐	블루베리
과일	🥝	키위
과일	🍅	토마토
과일	🥑	아보카도
과일	🥧	파이
과테말라	🇬🇹	깃발: 과테말라
과피모	👲	중국 전통 모자를 쓰고 있는 남자
과학	🦠	미생물
과학	🔍	왼쪽으로 향한 돋보기
과학	🔎	오른쪽으로 향한 돋보기
과학	🧪	시험관
과학	🔬	현미경
과학	🔭	망원경
과학	📡	위성 안테나
과학자	🧑‍🔬	과학자
과학자	👨‍🔬	남자 과학자
과학자	👩‍🔬	여자 과학자
과학자	🥼	실험실 가운
관	⚰	관
관계에따라뒤에옴	⊱	관계에 따라 뒤에 옴
관계에따라앞에옴	⊰	관계에 따라 앞에 옴
관람차	🎡	관람차
관리자	🧑‍💼	회사원
관리자	👨‍💼	남자 회사원
관리자	👩‍💼	여자 회사원
관자놀이	💆‍♂	마사지 받는 남자
관자놀이	💆‍♀	마사지 받는 여자
관현악	🪉	하프
괄호	{	여는 중괄호
괄호	«	왼쪽 이중 꺽쇠괄호
괄호	»	오른쪽 이중 꺽쇠괄호
괄호	)	닫는 괄호
괄호	[	여는 대괄호
괄호	]	닫는 대괄호
괄호	}	닫는 중괄호
괄호	《	여는 이중 소괄호
괄호	》	닫는 이중 소괄호
괄호	【	여는 검은색 렌즈 괄호
괄호	】	닫는 검은색 렌즈 괄호
괄호	〔	여는 거북등괄호
괄호	〕	닫는 거북등괄호
괄호	〖	여는 흰색 렌즈 괄호
괄호	〗	닫는 흰색 렌즈 괄호
괌	🇬🇺	깃발: 괌
광대	🤡	어릿광대 얼굴
광대역	🛜	무선
광산	⛏	곡괭이
광학	💽	엠디
광학	💿	씨디
광학	📀	디비디
괭이	🐈	고양이
괴로움	😧	괴로워하는 얼굴
괴로워하는얼굴	😧	괴로워하는 얼굴
괴물	💩	똥
괴물	👹	도깨비 가면
괴물	👽	외계인
괴물	🧌	트롤
괴생명체	🫈	털복숭이
괴짜	😜	윙크하면서 혀를 내민 얼굴
괴짜	🤪	괴짜 얼굴
괴짜	🤓	모범생 얼굴
괴짜얼굴	🤪	괴짜 얼굴
교사	🧑‍🏫	교사
교사	👨‍🏫	남교사
교사	👩‍🏫	여교사
교수	🧑‍🏫	교사
교수	👨‍🏫	남교사
교수	👩‍🏫	여교사
교외	🏠	집
교외	🏡	정원이 있는 집
교육	🎓	졸업 모자
교육	📕	펼치지 않은 책
교육	📖	펼쳐진 책
교육	📗	초록색 책
교육	📘	파란색 책
교육	📙	주황색 책
교육	📚	책 여러 권
교자	🥟	만두
교집합	∩	교집합
교차	🤞	검지와 중지 크로스
교차	🔀	랜덤 재생
교차	🎌	엇갈린 일본 국기
교차된검두개	⚔	쌍검
교차된깃발	🎌	엇갈린 일본 국기
교차로	🚥	가로 신호등
교차로	🚦	세로 신호등
교통	🚥	가로 신호등
교통	🚦	세로 신호등
교통	🚸	어린이 보호 구역
교통	⛔	진입 금지
교통수단	🚂	기관차
교통수단	🚃	전철
교통수단	🚈	경전철
교통수단	🚝	모노레일
교통수단	🚌	버스
교통수단	🚐	미니버스
교통수단	🚑	구급차
교통수단	🚕	택시
교통수단	🚗	자동차
교통수단	🚘	오고 있는 자동차
교통수단	🚙	지프
교통수단	🚚	운송 트럭
교통수단	🚛	트레일러 트럭
교통수단	🚜	트랙터
교통수단	🚲	자전거
교통수단	🚁	헬리콥터
교통수단	🚠	산악 케이블카
교통신호	🛑	멈춤 표시
교환	💱	환전
교활한	😏	히죽거리는 얼굴
교회	👼	아기 천사
교회	⛪	교회
교회	🔔	종
교회결혼식	💒	결혼식
구	9⃣	키 캡: 9
구경	👀	왕눈이 눈알
구글리	👀	왕눈이 눈알
구급	⛑	흰 십자가가 있는 헬멧
구급차	🚑	구급차
구기종목	🤾	핸드볼하는 사람
구기종목	🤾‍♂	핸드볼하는 남자
구기종목	🤾‍♀	핸드볼하는 여자
구기종목	🥅	골대
구더기	🪰	파리
구두	👞	남성용 구두
구두	👠	하이힐
구르기	🤣	바닥을 구르며 웃는 얼굴
구름	💨	달려나감
구름	💭	생각 풍선
구름	☁	구름
구름	⛅	구름 뒤의 해
구름	⛈	번개가 치는 비구름
구름	🌤	작은 구름 뒤의 태양
구름	🌥	큰 구름 뒤의 태양
구름	🌦	비구름 뒤의 태양
구름	🌧	비구름
구름	🌨	눈구름
구름	🌩	번개구름
구름	🌪	토네이도
구름	🌫	안개
구름뒤의해	⛅	구름 뒤의 해
구름에가린해	⛅	구름 뒤의 해
구멍	🕳	구멍
구멍	⛳	골프
구멍	🪏	삽
구멍이뽕뽕	🧽	스펀지
구명기구	🛟	구명부환
구명부환	🛟	구명부환
구명조끼	🦺	구명조끼
구명튜브	🛟	구명부환
구부러진오른쪽화살표	⇝	구부러진 오른쪽 화살표
구부러진왼쪽화살표	⇜	구부러진 왼쪽 화살표
구부린다리	🦵	한쪽 다리
구부린모자	🧢	야구모자
구부린팔	💪	알통
구분	§	단락
구불구불한	🥨	프레첼
구사일생	😥	실망했지만 안도하는 얼굴
구속	👮	경찰관
구속	👮‍♂	남자 경찰관
구속	👮‍♀	여자 경찰관
구슬	🔮	수정 구슬
구슬	🧿	악마의 눈
구식	📼	비디오테이프
구역질을하는얼굴	🤢	구역질을 하는 얼굴
구운	🍠	고구마
구조	🧑‍🚒	소방관
구조	👨‍🚒	남자 소방관
구조	👩‍🚒	여자 소방관
구조	🛟	구명부환
구조	🆘	에스오에스
구조대원헬멧	⛑	흰 십자가가 있는 헬멧
구조신호	🆘	에스오에스
구조원	🛟	구명부환
구토	🤢	구역질을 하는 얼굴
구하다	🛟	구명부환
국	🍲	국
국가행사	🎌	엇갈린 일본 국기
국기	🎌	엇갈린 일본 국기
국립	🏞	국립공원
국립공원	🏞	국립공원
국수	🍜	국수
국제연합	🇺🇳	깃발: 국제연합
군대	🫡	경례하는 얼굴
군대	🎖	무공 훈장
군대	🪖	군용 헬멧
군모	🪖	군용 헬멧
군용	🪖	군용 헬멧
군용헬멧	🪖	군용 헬멧
군인	🥷	닌자
군인	🪖	군용 헬멧
군주	🫅	왕관을 쓴 사람
굴	🦪	굴
굿	👍	올린 엄지
굿럭	🫡	경례하는 얼굴
굿바이	🫂	포옹하는 사람
굿밤	🛌	침대에 누운 사람
궁수	🏹	활과 화살
궁수	♐	사수자리
궁전	🏯	일본 성
궁전	🏰	유럽 성
권총	🔫	물총
권투	🥊	권투 글러브
권투글러브	🥊	권투 글러브
귀	👂	귀
귀	🧏	청각 장애가 있는 사람
귀	👯‍♂	토끼 귀를 쓰고 춤추는 남자들
귀뚜라미	🦗	귀뚜라미
귀를막고있는원숭이	🙉	귀를 막고 있는 원숭이
귀신	👻	유령
귀신얼굴	👻	유령
귀여움	💞	회전하는 하트
귀여움	🩷	분홍색 하트
귀족	🫅	왕관을 쓴 사람
귀중품	🪎	보물 상자
균류	🍄	버섯
균사류	🍄‍🟫	갈색 양송이 버섯
균형	🤹	저글링하는 사람
균형	🤹‍♂	저글링하는 남자
균형	⚖	접시저울
귤	🍊	귤
그래프	💹	엔화 관련 상승하는 그래프
그래프	📈	상승하는 그래프
그래프	📉	내려가는 그래프
그래프	📊	막대 그래프
그러므로기호	∴	그러므로 기호
그럴리없어	🤯	폭발하는 얼굴
그레나다	🇬🇩	깃발: 그레나다
그레이브액센트	`	억음 부호
그루브	💃	여자 댄서
그루브	🕺	남자 댄서
그룻	🍜	국수
그릇과숟가락	🥣	스푼과 사발
그리스	🇬🇷	깃발: 그리스
그리움	😢	우는 얼굴
그린	💚	초록색 하트
그린	🏌	골프치는 사람
그린	🏌‍♂	골프치는 남자
그린	🥗	야채샐러드
그린	🔰	일본 초보운전 표시
그린란드	🇬🇱	깃발: 그린란드
그림	🖼	그림 액자
그림	🎨	팔레트
그림그리기	🎨	팔레트
그림액자	🖼	그림 액자
그만	🫷	왼쪽으로 밀치는 손
그만	🫸	오른쪽으로 밀치는 손
그만두다	🫳	손바닥을 아래로 향한 손
그만두라는손	🫳	손바닥을 아래로 향한 손
그물채	🥍	라크로스
그믐	🌑	삭
그믐달	🌑	삭
그믐달	🌘	그믐달 하현
그믐달	🌜	그믐달
그믐달하현	🌘	그믐달 하현
극장	🎭	가면
극장	🎦	영화
근	√	제곱근
근사	≈	거의 같음
근사값	≒	근사값
근위병	💂	근위병
근위병	💂‍♂	남자 근위병
근위병	💂‍♀	여자 근위병
근육	💪	알통
글라스	🥛	우유 한잔
글래스	🍷	와인잔
글래스	🥃	양주잔
글러브	🥊	권투 글러브
글로벌	🌍	유럽과 아프리카가 보이는 지구
글로벌	🌎	미대륙이 보이는 지구
글로벌	🌏	아시아와 호주가 보이는 지구
글로브	🥎	소프트볼
글머리기호	•	글머리 기호
글머리기호연산자	∙	글머리 기호 연산자
글썽이는눈	🥺	애원하는 얼굴
글쎄	🤷	어깨를 으쓱하는 사람
글쎄	🤷‍♂	어깨를 으쓱하는 남자
글쎄	🤷‍♀	어깨를 으쓱하는 여자
글쓰기	✍	글을 쓰고 있는 손
글을쓰고있는손	✍	글을 쓰고 있는 손
금	🪙	동전
금	🪎	보물 상자
금관	🪊	트롬본
금메달	🏅	스포츠 메달
금메달	🥇	금메달
금발	👱	금발인 사람
금발	👱‍♂	금발 남자
금발	👱‍♀	금발 여자
금발	👵	할머니
금발남자	👱‍♂	금발 남자
금발여자	👱‍♀	금발 여자
금발인사람	👱	금발인 사람
금방돌아옴	🔜	곧
금속	🪙	동전
금연	🚭	금연 신호
금연구역	🚭	금연 신호
금연구역신호	🚭	금연 신호
금연신호	🚭	금연 신호
금지	🙈	눈을 가리고 있는 원숭이
금지	🙉	귀를 막고 있는 원숭이
금지	🙊	입을 막고 있는 원숭이
금지	🙅	안 된다는 제스처를 하는 사람
금지	🔕	음소거
금지	⛔	진입 금지
금지	🚫	금지
금지	🚳	자전거 금지
금지	🚭	금연 신호
금지	🚯	쓰레기 투기 금지
금지	🚱	마실 수 없는 물
금지	🚷	보행자 금지
금지	📵	휴대전화 사용금지
금지	🔞	성인용
금지	🈲	금할 금
금지된	🙈	눈을 가리고 있는 원숭이
금하다	🈲	금할 금
금할금	🈲	금할 금
급하강버튼	⏬	빨리 내리기 버튼
급한	🏃	뛰는 사람
급한	🏃‍♂	뛰는 남자
급한	🏃‍♀	뛰는 여자
급한	🏃‍➡	뛰는 사람: 오른쪽을 향한
급한	🏃‍♀‍➡	뛰는 여자: 오른쪽을 향한
급한	🏃‍♂‍➡	뛰는 남자: 오른쪽을 향한
긍정	🙂‍↕	끄덕끄덕
긍지	🥲	눈물 흘리며 웃는 얼굴
기계팔	🦾	기계 팔
기관차	🚂	기관차
기구	✂	가위
기구	🔬	현미경
기념	🎈	풍선
기념	🎊	박 터트리기
기념	🎑	달맞이
기념	🎗	추모 리본
기념일	💝	리본 달린 하트
기념일	💞	회전하는 하트
기념일	💕	하트 두 개
기념일	💏	키스
기념일	💑	연인
기념일	💐	꽃다발
기념일	👩‍❤‍💋‍👨	키스: 여자 남자
기념일	👨‍❤‍💋‍👨	키스: 남자 남자
기념일	👩‍❤‍💋‍👩	키스: 여자 여자
기념일	👩‍❤‍👨	연인: 여자 남자
기념일	👨‍❤‍👨	연인: 남자 남자
기념일	👩‍❤‍👩	연인: 여자 여자
기니	🇬🇳	깃발: 기니
기니비사우	🇬🇼	깃발: 기니비사우
기다려	🫷	왼쪽으로 밀치는 손
기다려	🫸	오른쪽으로 밀치는 손
기다려	🤌	꼬집는 손가락
기다림	⏳	시간이 남은 모래시계
기도	🤲	내민 두 손
기도	🙏	기도
기도	📿	묵주
기도	🛐	예배공간
기도실	🛐	예배공간
기도하는사람	🙏	기도
기도한	👏	손뼉
기독교	⛪	교회
기독교	✝	라틴 십자가
기독교	☦	전통적인 십자가
기록	🧾	영수증
기록	⏺	녹음/녹화 버튼
기름	🛢	기름통
기름	🪔	기름 램프
기름램프	🪔	기름 램프
기름통	🛢	기름통
기린	🦒	기린
기모노	👘	기모노
기발한생각	💡	전구
기뻐하면서우는고양이	😹	기쁨의 눈물을 흘리는 고양이 얼굴
기쁨	😊	미소 짓는 눈으로 살짝 웃는 얼굴
기쁨	😹	기쁨의 눈물을 흘리는 고양이 얼굴
기쁨	👏	손뼉
기쁨으로가득찬마음	💖	빛나는 하트
기쁨의눈물	🥹	눈물을 참는 얼굴
기쁨의눈물	😹	기쁨의 눈물을 흘리는 고양이 얼굴
기쁨의눈물을흘리는고양이얼굴	😹	기쁨의 눈물을 흘리는 고양이 얼굴
기쁨의눈물을흘리는얼굴	😂	기쁨의 눈물을 흘리는 얼굴
기사	🐉	용
기사	⚜	백합 문장
기생충	🪱	지렁이
기수	🏇	승마
기술	🥷	닌자
기술자	👨‍🔧	남자 정비공
기술자	👩‍🔧	여자 정비공
기술자	🧑‍🔬	과학자
기술자	👨‍🔬	남자 과학자
기술자	👩‍🔬	여자 과학자
기술전문가	🧑‍💻	기술 전문가
기술전문가	👨‍💻	남자 기술 전문가
기술전문가	👩‍💻	여자 기술 전문가
기어	⚙	톱니바퀴
기울어진등호이거나보다작음	⩽	기울어진 등호이거나 보다 작음
기원쪽지	🎋	소원을 건 나무
기일	🪦	묘비
기장	🧑‍✈	기장
기장	👨‍✈	남자 기장
기장	👩‍✈	여자 기장
기저귀	🚼	수유실
기차	🚂	기관차
기차	🚃	전철
기차	🚅	고속철
기차	🚆	기차
기차	🚈	경전철
기차	🚉	기차역
기차	🚝	모노레일
기차	🚞	기차 터널
기차역	🚉	기차역
기차터널	🚞	기차 터널
기타	🎸	기타
기하학무늬	🔴	빨간 원
기하학무늬	🔵	파란 원
기하학무늬	⚫	검은색 원
기하학무늬	⚪	흰색 원
기하학무늬	⬛	큰 검은색 사각형
기하학무늬	⬜	큰 흰색 사각형
기하학무늬	◼	중간 검은색 사각형
기하학무늬	◻	중간 흰색 사각형
기하학무늬	◾	중각 작은 검은색 사각형
기하학무늬	◽	중간 작은 흰색 사각형
기하학무늬	▪	작은 검은색 사각형
기하학무늬	▫	작은 흰색 사각형
기하학무늬	🔷	큰 파란색 마름모
기하학무늬	🔸	작은 주황색 마름모
기하학무늬	🔹	작은 파란색 마름모
기하학무늬	🔺	빨간색 위쪽 삼각형
기하학무늬	💠	점이 찍힌 다이아몬드 모양
기하학무늬	🔘	라디오 버튼
기하학무늬	🔳	테두리가 하얀 사각 버튼
기하학무늬	🔲	테두리가 검은 사각 버튼
기호	∩	교집합
기호	∪	합집합
기호	💢	화남
기호	♀	여성 기호
기호	♂	남성 기호
기호	〽	부분 교체 기호
기호	🔣	기호
기후변화	🪸	산호초
긴가로선이있는북서쪽화살표	↸	긴 가로선이 있는 북서쪽 화살표
긴북	🪘	긴 북
긴장	😅	땀 흘리며 웃는 얼굴
긴장	💗	커지는 하트
긴장	💆	마사지 받는 사람
긴장한	😟	걱정스러운 얼굴
긴장한	😰	땀 흘리며 불안해하는 얼굴
긴장한	😓	식은땀 흘리는 얼굴
긴줄	—	긴줄표
긴줄표	—	긴줄표
길찾기	🧭	나침반
길찾기	⬆	위쪽 화살표
길찾기	↗	오른쪽 위 화살표
길찾기	➡	우향 화살표
길찾기	⬇	아래쪽 화살표
길찾기	↙	왼쪽 아래 화살표
길찾기	⬅	좌향 화살표
길찾기	↖	왼쪽 위 화살표
김	☕	뜨거운 음료
김이나는	🍜	국수
깃	🪶	깃털
깃발	🎏	물고기 깃발
깃발	🏁	격자 무늬 깃발
깃발	🚩	세모 깃발
깃발	🏴	펄럭이는 검은색 깃발
깃발	🏳	펄럭이는 흰색 깃발
깃발	🏳‍🌈	무지개 깃발
깃발	🏳‍⚧	트랜스젠더 깃발
깃발	🇦🇨	깃발: 어센션섬
깃발	🇦🇩	깃발: 안도라
깃발	🇦🇪	깃발: 아랍에미리트
깃발	🇦🇫	깃발: 아프가니스탄
깃발	🇦🇬	깃발: 앤티가 바부다
깃발	🇦🇮	깃발: 앵귈라
깃발	🇦🇱	깃발: 알바니아
깃발	🇦🇲	깃발: 아르메니아
깃발	🇦🇴	깃발: 앙골라
깃발	🇦🇶	깃발: 남극 대륙
깃발	🇦🇷	깃발: 아르헨티나
깃발	🇦🇸	깃발: 아메리칸 사모아
깃발	🇦🇹	깃발: 오스트리아
깃발	🇦🇺	깃발: 오스트레일리아
깃발	🇦🇼	깃발: 아루바
깃발	🇦🇽	깃발: 올란드 제도
깃발	🇦🇿	깃발: 아제르바이잔
깃발	🇧🇦	깃발: 보스니아 헤르체고비나
깃발	🇧🇧	깃발: 바베이도스
깃발	🇧🇩	깃발: 방글라데시
깃발	🇧🇪	깃발: 벨기에
깃발	🇧🇫	깃발: 부르키나파소
깃발	🇧🇬	깃발: 불가리아
깃발	🇧🇭	깃발: 바레인
깃발	🇧🇮	깃발: 부룬디
깃발	🇧🇯	깃발: 베냉
깃발	🇧🇱	깃발: 생바르텔레미
깃발	🇧🇲	깃발: 버뮤다
깃발	🇧🇳	깃발: 브루나이
깃발	🇧🇴	깃발: 볼리비아
깃발	🇧🇶	깃발: 네덜란드령 카리브
깃발	🇧🇷	깃발: 브라질
깃발	🇧🇸	깃발: 바하마
깃발	🇧🇹	깃발: 부탄
깃발	🇧🇻	깃발: 부베섬
깃발	🇧🇼	깃발: 보츠와나
깃발	🇧🇾	깃발: 벨라루스
깃발	🇧🇿	깃발: 벨리즈
깃발	🇨🇦	깃발: 캐나다
깃발	🇨🇨	깃발: 코코스 제도
깃발	🇨🇩	깃발: 콩고-킨샤사
깃발이내려진닫힌우편함	📪	표지가 내려간 닫힌 우편함
깃발이내려진열린우편함	📭	표지가 내려간 열린 우편함
깃발이올려진닫힌우편함	📫	표지가 올라간 닫힌 우편함
깃발이올려진열린우편함	📬	표지가 올라간 열린 우편함
깃털	🪶	깃털
깊어지는마음	💗	커지는 하트
깊어지는사랑	💗	커지는 하트
까마귀	🐦‍⬛	검은 새
까먹은	😧	괴로워하는 얼굴
까악	🐦‍⬛	검은 새
깜짝놀란얼굴	🫢	눈을 뜨고 손으로 입을 가린 얼굴
깜짝놀란얼굴	😲	깜짝 놀란 얼굴
깜짝놀람	🫨	요동치는 얼굴
깨끗한	🪥	칫솔
깨달음	💭	생각 풍선
깨무는	🫦	입술을 깨물고 있는 입
깨진하트	💔	깨진 하트
꺼내기	⏏	꺼냄 버튼
꺼냄	⏏	꺼냄 버튼
꺼냄버튼	⏏	꺼냄 버튼
꺼짐	📴	휴대전화 끄기
꺽쇠괄호	〈	여는 소괄호
꺽쇠괄호	〉	닫는 소괄호
꺾인고개	🥀	시든 꽃
꼬리를무는화살표	🔁	전곡 반복 재생
꼬마악마	👿	머리에 뿔이 달린 화난 얼굴
꼬은	🥨	프레첼
꼬인	🪢	매듭
꼬집기	👌	오케이를 표시한 손
꼬집는	🤌	꼬집는 손가락
꼬집는손	🤏	꼬집는 손
꼬집는손가락	🤌	꼬집는 손가락
꼬치	🍢	오뎅
꼬치	🍡	떡꼬치
꼬투리	🫛	완두콩 꼬투리
꼭	🙏	기도
꼭잡은	👭	손을 잡고 있는 두 명의 여자
꼭잡은	👬	손을 잡고 있는 두 명의 남자
꼭쥐고	✊	주먹
꽃	💐	꽃다발
꽃	🌸	벚꽃
꽃	💮	흰 꽃
꽃	🪷	연꽃
꽃	🏵	장미
꽃	🌹	장미꽃
꽃	🥀	시든 꽃
꽃	🌺	무궁화
꽃	🌻	해바라기
꽃	🌼	꽃송이
꽃	🌷	튤립
꽃	🪻	히아신스
꽃게	🦀	꽃게
꽃다발	💐	꽃다발
꽃도장	💮	흰 꽃
꽃모양어묵	🍥	어묵
꽃모양오뎅	🍥	어묵
꽃송이	🌸	벚꽃
꽃송이	🌼	꽃송이
꽃이피는	🌸	벚꽃
꽃이피는	🌷	튤립
꽃이피다	🌼	꽃송이
꽃표시	💮	흰 꽃
꽝	💥	충돌
꽥꽥	🪿	거위
꾸러미	📦	소포
꿀	🐻	곰 얼굴
꿀	🐝	꿀벌
꿀	🍯	꿀
꿀꿀	🐽	돼지코
꿀꿀이	🐖	돼지
꿀단지	🍯	꿀
꿀벌	🐝	꿀벌
꿀통	🍯	꿀
꿈	💭	생각 풍선
꿈	🌒	초승달 상현
꿈	🌜	그믐달
끄덕끄덕	🙂‍↕	끄덕끄덕
끈	🪢	매듭
끊어진	⛓‍💥	끊어진 쇠사슬
끊어진쇠사슬	⛓‍💥	끊어진 쇠사슬
끔찍한	😝	눈을 감고 메롱하는 얼굴
끔찍한	🤢	구역질을 하는 얼굴
끔찍한	😢	우는 얼굴
끔찍한	😞	실망한 얼굴
끝났어	💅	매니큐어
끝내기화살표	🔚	종료
끝이오른쪽을향한아래쪽화살표	↳	끝이 오른쪽을 향한 아래쪽 화살표
끝이오른쪽을향한위쪽화살표	↱	끝이 오른쪽을 향한 위쪽 화살표
끝이왼쪽을향한아래쪽화살표	↲	끝이 왼쪽을 향한 아래쪽 화살표
끝이왼쪽을향한위쪽화살표	↰	끝이 왼쪽을 향한 위쪽 화살표
낄낄거리는	😏	히죽거리는 얼굴
나	🙋	한 손 든 사람
나누기	÷	나눗셈 기호
나누기	➗	나누기
나누기	🈹	나눌 할
나누기기호	÷	나눗셈 기호
나누기슬래시	∕	나누기 슬래시
나누기표시	➗	나누기
나누다	∣	나누다
나눌할	🈹	나눌 할
나눔	🈹	나눌 할
나눗셈	÷	나눗셈 기호
나눗셈기호	÷	나눗셈 기호
나무	🌲	소나무
나무	🌳	나무
나무	🌴	야자수
나무	🌵	선인장
나무	🍄	버섯
나무	🪾	잎이 없는 나무
나무	🌰	밤
나무	🪵	목재
나무	🎋	소원을 건 나무
나무	🪓	도끼
나무늘보	🦥	나무늘보
나무몸통	🪾	잎이 없는 나무
나뭇가지	🪹	빈 둥지
나뭇가지	🪺	알이 들어 있는 둥지
나뭇가지	🪾	잎이 없는 나무
나미비아	🇳🇦	깃발: 나미비아
나블라	∇	나블라
나블라기호	∇	나블라
나비	🦋	나비
나쁜	😐	덤덤한 얼굴
나쁜	😑	무표정한 얼굴
나쁜것은듣지도말라	🙉	귀를 막고 있는 원숭이
나쁜것은말하지도말라	🙊	입을 막고 있는 원숭이
나쁜것은보지도말라	🙈	눈을 가리고 있는 원숭이
나쁜놈	🦹	슈퍼 악당
나쁜놈	🦹‍♂	남자 슈퍼 악당
나사	🪛	드라이버
나사	🔩	볼트와 너트
나선형눈	😵‍💫	현기증 난 얼굴
나우루	🇳🇷	깃발: 나우루
나이스	😁	미소 짓는 눈으로 웃는 얼굴
나이스	👍	올린 엄지
나이제한	🔞	성인용
나이지리아	🇳🇬	깃발: 나이지리아
나이지리아나이라	₦	나이지리아 나이라
나이프	🍽	포크와 나이프가 있는 접시
나이프	🍴	포크와 나이프
나자르	🧿	악마의 눈
나죽었어	💀	해골
나중에봐	👋	흔드는 손
나중에얘기해	👊	주먹 전면
나침반	🧭	나침반
나팔	🥳	파티하는 얼굴
나팔	📯	호른
낙담	😔	수심 어린 얼굴
낙담한	😅	땀 흘리며 웃는 얼굴
낙담한	😞	실망한 얼굴
낙담한얼굴	😔	수심 어린 얼굴
낙성	🌠	별똥별
낙엽	🌳	나무
낙엽	🍂	낙엽
낙엽수	🌳	나무
낙옆	🍁	단풍잎
낙타	🐪	낙타
낙타	🐫	쌍봉 낙타
낙하산	🪂	낙하산
낚시	🚣	노젓는 사람
낚시	🚣‍♂	노젓는 남자
낚시	🦦	수달
낚시	🐟	물고기
낚시	🎣	낚싯대
낚싯대	🎣	낚싯대
난	🫓	플랫브레드
날	🛼	롤러스케이트
날개	🧚	요정
날개	🧚‍♂	남자 요정
날개	🧚‍♀	여자 요정
날개	🪽	날개
날개	🦋	나비
날개	💸	날개 달린 돈
날개달린돈	💸	날개 달린 돈
날다	🕊	비둘기
날다	🪽	날개
날라오는주먹	👊	주먹 전면
날리기	🪁	연
날선택해	🙋	한 손 든 사람
날숨	😮‍💨	날숨 쉬는 얼굴
날숨쉬는얼굴	😮‍💨	날숨 쉬는 얼굴
날씨	🌁	자욱한 안개
날씨	🌡	온도계
날씨	☀	태양
날씨	🌞	얼굴이 있는 해
날씨	☁	구름
날씨	🌤	작은 구름 뒤의 태양
날씨	🌥	큰 구름 뒤의 태양
날씨	🌦	비구름 뒤의 태양
날씨	🌧	비구름
날씨	🌨	눈구름
날씨	🌩	번개구름
날씨	🌪	토네이도
날씨	🌫	안개
날씨	🌀	태풍
날씨	🌈	무지개
날씨	☔	빗방울이 있는 우산
날씨	❄	눈송이
날씨	💧	물방울
날아가는돈	💸	날개 달린 돈
날아오르다	🪽	날개
날짜	📅	달력
날카로운	🪒	면도칼
낡은주택건물	🏚	낡은 주택 건물
남교사	👨‍🏫	남교사
남극	🐧	펭귄
남극대륙	🇦🇶	깃발: 남극 대륙
남녀인형	🎎	일본 인형
남녀커플	👫	손을 잡고 있는 남녀
남동쪽	↘	오른쪽 아래 화살표
남동쪽이중화살표	⇘	남동쪽 이중 화살표
남서쪽	↙	왼쪽 아래 화살표
남서쪽이중화살표	⇙	남서쪽 이중 화살표
남성	👨	남자
남성	👱‍♂	금발 남자
남성	👴	할아버지
남성	👨‍🍼	수유 중인 남자
남성	🕺	남자 댄서
남성	🚹	남자 화장실
남성	♂	남성 기호
남성	👨‍🦰	남자: 빨간 머리
남성	👨‍🦱	남자: 곱슬머리
남성	👨‍🦳	남자: 백발
남성	👨‍🦲	남자: 대머리
남성기호	♂	남성 기호
남성용	🚹	남자 화장실
남성용구두	👞	남성용 구두
남성용신발	👞	남성용 구두
남성커플	👬	손을 잡고 있는 두 명의 남자
남수단	🇸🇸	깃발: 남수단
남아프리카	🇿🇦	깃발: 남아프리카
남자	👱	금발인 사람
남자	👨	남자
남자	🧔‍♂	수염 난 남자
남자	👱‍♂	금발 남자
남자	👴	할아버지
남자	🙅‍♂	안 된다는 제스처를 하는 남자
남자	🧏‍♂	청각장애가 있는 남자
남자	🤦‍♂	골치 아파하는 남자
남자	🤷‍♂	어깨를 으쓱하는 남자
남자	👨‍⚕	남자 의료인
남자	👨‍🎓	남학생
남자	👨‍🏫	남교사
남자	👨‍⚖	남자 판사
남자	👨‍🌾	남자 농부
남자	👨‍🍳	남자 요리사
남자	👨‍🔧	남자 정비공
남자	👨‍🏭	공장 남자 직원
남자	👨‍💼	남자 회사원
남자	👨‍🔬	남자 과학자
남자	👨‍💻	남자 기술 전문가
남자	👨‍🎤	남자 가수
남자	👨‍🎨	남자 화가
남자	👨‍✈	남자 기장
남자	👨‍🚀	남자 우주비행사
남자	👨‍🚒	남자 소방관
남자	👮‍♂	남자 경찰관
남자	🕵‍♂	남자 탐정
남자	💂‍♂	남자 근위병
남자	👷	건설 노동자
남자	👷‍♂	건설 현장 남자 노동자
남자	👲	중국 전통 모자를 쓰고 있는 남자
남자	🤵‍♂	턱시도를 입은 남자
남자	👰‍♂	면사포를 쓴 남자
남자	🫃	임신한 남자
남자	👨‍🍼	수유 중인 남자
남자	🦸‍♂	남자 히어로
남자	🧍‍♂	서 있는 남자
남자	🧎‍♂	무릎을 꿇은 남자
남자	👨‍🦯	지팡이를 든 남자
남자	👨‍🦼	전동 휠체어를 탄 남자
남자	👨‍🦽	수동 휠체어를 탄 남자
남자	🕺	남자 댄서
남자	🕴	공중에 떠 있는 정장 입은 남자
남자	👯‍♂	토끼 귀를 쓰고 춤추는 남자들
남자	🚵‍♂	산악 자전거 타는 남자
남자	🤸‍♂	옆돌기하는 남자
남자	🤼‍♂	레슬링하는 남자
남자	🤽‍♂	수구하는 남자
남자가수	👨‍🎤	남자 가수
남자경찰관	👮‍♂	남자 경찰관
남자과학자	👨‍🔬	남자 과학자
남자근위병	💂‍♂	남자 근위병
남자기술전문가	👨‍💻	남자 기술 전문가
남자기장	👨‍✈	남자 기장
남자농부	👨‍🌾	남자 농부
남자댄서	🕺	남자 댄서
남자마법사	🧙‍♂	남자 마법사
남자뱀파이어	🧛‍♂	남자 뱀파이어
남자소방관	👨‍🚒	남자 소방관
남자슈퍼악당	🦹‍♂	남자 슈퍼 악당
남자아이	👦	남자 아이
남자아이	👩‍👩‍👦	가족: 여자 여자 남자 아이
남자아이	👩‍👩‍👧‍👦	가족: 여자 여자 여자 아이 남자 아이
남자아이	👩‍👩‍👦‍👦	가족: 여자 여자 남자 아이 남자 아이
남자아이	👩‍👦	가족: 여자 남자 아이
남자아이	👩‍👦‍👦	가족: 여자 남자 아이 남자 아이
남자아이	👩‍👧‍👦	가족: 여자 여자 아이 남자 아이
남자엘프	🧝‍♂	남자 엘프
남자역도선수	🏋‍♂	남자 역도 선수
남자요리사	👨‍🍳	남자 요리사
남자요정	🧚‍♂	남자 요정
남자용	🚹	남자 화장실
남자우주비행사	👨‍🚀	남자 우주비행사
남자의료인	👨‍⚕	남자 의료인
남자인어	🧜	인어
남자인어	🧜‍♂	남자 인어
남자정비공	👨‍🔧	남자 정비공
남자좀비	🧟‍♂	남자 좀비
남자지니	🧞‍♂	남자 지니
남자친구	👨	남자
남자친구	👨‍🦰	남자: 빨간 머리
남자친구	👨‍🦱	남자: 곱슬머리
남자친구	👨‍🦳	남자: 백발
남자친구	👨‍🦲	남자: 대머리
남자탐정	🕵‍♂	남자 탐정
남자판사	👨‍⚖	남자 판사
남자헤어컷	💇‍♂	남자 헤어컷
남자화가	👨‍🎨	남자 화가
남자화장실	🚹	남자 화장실
남자회사원	👨‍💼	남자 회사원
남자히어로	🦸‍♂	남자 히어로
남쪽	⬇	아래쪽 화살표
남학생	👨‍🎓	남학생
납골단지	⚱	납골 단지
납작한	🥘	납작한 냄비
납작한냄비	🥘	납작한 냄비
낫고있는하트	❤‍🩹	낫고 있는 하트
낫표	「	여는 낫표
낫표	」	닫는 낫표
낫표	『	여는 겹낫표
낫표	』	닫는 겹낫표
낮	🌞	얼굴이 있는 해
낮은밝기	🔅	밝기 낮음
낮잠	😴	졸고 있는 얼굴
낮잠	😫	피곤한 얼굴
낮잠	🛌	침대에 누운 사람
내기	👌	오케이를 표시한 손
내기	💰	돈주머니
내니	👩‍🍼	수유 중인 여자
내니	🧑‍🍼	수유 중인 사람
내려가는	📉	내려가는 그래프
내려가는그래프	📉	내려가는 그래프
내려간	📪	표지가 내려간 닫힌 우편함
내려진	📭	표지가 내려간 열린 우편함
내리기버튼	🔽	내리기 버튼
내리는눈없이눈사람	⛄	스노우맨
내린엄지	👎	내린 엄지
내림표	♭	내림표
내민두손	🤲	내민 두 손
내부	💠	점이 찍힌 다이아몬드 모양
내부곱	⨼	내부곱
내성적	🫥	테두리가 점선으로 된 얼굴
내쉬기	🫁	폐
내쉼	😮‍💨	날숨 쉬는 얼굴
냄비	🫕	퐁듀
냄비	🫖	찻주전자
냄새	💩	똥
냄새	👃	코
냄새가고약한	🦨	스컹크
냄새가지독한	💩	똥
냄새나는	🦨	스컹크
냐옹이	🐈	고양이
냠냠	😋	맛있는 음식을 음미하는 얼굴
너	🫵	보는 사람을 가리키는 검지
너구리	🦝	너구리
너무많이먹은	🫃	임신한 남자
너무많이먹은	🫄	임신한 사람
너무비싼	🫰	엄지와 중지를 교차한 손
너무슬프지않니	🥺	애원하는 얼굴
너무웃겨서눈물	😂	기쁨의 눈물을 흘리는 얼굴
너무웃기는	😂	기쁨의 눈물을 흘리는 얼굴
너클	👊	주먹 전면
너트	🔩	볼트와 너트
넙죽	🙇	절하는 사람
넙죽	🙇‍♂	절하는 남자
넙죽	🙇‍♀	절하는 여자
넛츠	🥜	땅콩
네	🫡	경례하는 얼굴
네	🆗	오케이
네덜란드	🇳🇱	깃발: 네덜란드
네덜란드령카리브	🇧🇶	깃발: 네덜란드령 카리브
네모안에씨엘	🆑	씨엘
네비게이션	🧭	나침반
네스트	🪹	빈 둥지
네스팅인형	🪆	네스팅 인형
네시	🕓	네 시
네시반	🕟	네 시 반
네일아트	💅	매니큐어
네일케어	💅	매니큐어
네잎클로버	🍀	네잎클로버
네트	🥅	골대
네트워크	🛜	무선
네팔	🇳🇵	깃발: 네팔
넥타이	👔	넥타이
노	🚣	노젓는 사람
노	🚣‍♂	노젓는 남자
노	🚣‍♀	노젓는 여자
노굿	🆖	엔지
노굿신호	🆖	엔지
노끈	🪢	매듭
노동	👷	건설 노동자
노동	👷‍♂	건설 현장 남자 노동자
노동	👷‍♀	건설 현장 여자 노동자
노동자	👨‍🏭	공장 남자 직원
노동자	👷	건설 노동자
노동자	👷‍♂	건설 현장 남자 노동자
노동자	👷‍♀	건설 현장 여자 노동자
노란색	💛	노란색 하트
노란색	🔰	일본 초보운전 표시
노란색	🟡	노란색 원
노란색	🟨	노란색 사각형
노란색사각형	🟨	노란색 사각형
노란색원	🟡	노란색 원
노란색초록색이파리모양	🔰	일본 초보운전 표시
노란색하트	💛	노란색 하트
노란택시	🚕	택시
노란택시	🚖	오고 있는 택시
노란하트	💛	노란색 하트
노래	🧑‍🎤	가수
노래	👨‍🎤	남자 가수
노래	👩‍🎤	여자 가수
노래	🎤	마이크
노래방	🎤	마이크
노래음표	🎶	노래 음표
노르웨이	🇳🇴	깃발: 노르웨이
노새	🫏	당나귀
노을	🌆	도시 야경
노을	🌇	일몰
노인	🧓	노인
노인	👴	할아버지
노인	👵	할머니
노젓기	🚣	노젓는 사람
노젓기	🚣‍♂	노젓는 남자
노젓기	🚣‍♀	노젓는 여자
노젓는남자	🚣‍♂	노젓는 남자
노젓는배	🚣‍♀	노젓는 여자
노젓는보트	🚣	노젓는 사람
노젓는보트	🚣‍♂	노젓는 남자
노젓는사람	🚣	노젓는 사람
노젓는여자	🚣‍♀	노젓는 여자
노트	📔	표지가 있는 노트
노트	📓	공책
노트	📒	노트
노트	📝	메모
노트	🗒	스프링 노트
노트	📋	클립보드
노트북	💻	노트북
노퍽섬	🇳🇫	깃발: 노퍽섬
노후	🏚	낡은 주택 건물
녹는	🫠	녹아 내리는 얼굴
녹다	🫠	녹아 내리는 얼굴
녹다	🫕	퐁듀
녹색	🟢	녹색 원
녹색	🟩	녹색 사각형
녹색사각형	🟩	녹색 사각형
녹색원	🟢	녹색 원
녹색채소	🥬	녹색 채소
녹색책	📗	초록색 책
녹색하트	💚	초록색 하트
녹아내리는	🫠	녹아 내리는 얼굴
녹아내리는얼굴	🫠	녹아 내리는 얼굴
녹음	℗	음원 복제권
녹음	⏺	녹음/녹화 버튼
녹음버튼	⏺	녹음/녹화 버튼
녹화	⏺	녹음/녹화 버튼
녹화버튼	⏺	녹음/녹화 버튼
논리곱	∧	논리곱
논쟁	🫯	싸움 구름
놀기	🛝	미끄럼틀
놀기	🎴	화투
놀라움	😲	깜짝 놀란 얼굴
놀란	😯	숨죽인 얼굴
놀란얼굴	😲	깜짝 놀란 얼굴
놀람	🫢	눈을 뜨고 손으로 입을 가린 얼굴
놀람	😟	걱정스러운 얼굴
놀람	😮	입벌린 얼굴
놀람	🫪	왜곡된 얼굴
놀람	😦	입 벌리고 찌푸린 얼굴
놀람	😧	괴로워하는 얼굴
놀람	🙀	절규하는 고양이 얼굴
놀람	🎁	선물
놀림	😉	윙크하는 얼굴
놀이	🛝	미끄럼틀
놀이공원	🎠	회전 목마
놀이공원	🛝	미끄럼틀
놀이공원	🎡	관람차
놀이공원	🎢	롤러코스터
놀이터	🛝	미끄럼틀
놀잇감	🧸	테디 베어
농구	⛹	공을 갖고 있는 사람
농구	⛹‍♂	공 가진 남자
농구	⛹‍♀	공 가진 여자
농구	🏀	농구
농구공	⛹	공을 갖고 있는 사람
농구공	⛹‍♂	공 가진 남자
농구공	⛹‍♀	공 가진 여자
농구공	🏀	농구
농구링	🏀	농구
농구선수	⛹	공을 갖고 있는 사람
농구선수	⛹‍♂	공 가진 남자
농구선수	⛹‍♀	공 가진 여자
농담	😜	윙크하면서 혀를 내민 얼굴
농담	😏	히죽거리는 얼굴
농부	🧑‍🌾	농부
농부	👨‍🌾	남자 농부
농부	👩‍🌾	여자 농부
농사꾼	🧑‍🌾	농부
농사꾼	👨‍🌾	남자 농부
농사꾼	👩‍🌾	여자 농부
농작물	🌽	옥수수
농장	🐴	말 얼굴
농장	🐮	소 얼굴
농장	🐂	소
농장	🐄	젖소
농장	🐷	돼지 얼굴
농장	🐖	돼지
농장	🐽	돼지코
농장	🐑	양
농장	🐐	염소
농장	🌽	옥수수
농장주인	🧑‍🌾	농부
농장주인	👨‍🌾	남자 농부
농장주인	👩‍🌾	여자 농부
높게	🔊	스피커 소리 크게
높은밝기	🔆	밝기 높음
높은음자리	🎼	높은음자리표
높은음자리표	🎼	높은음자리표
뇌	🧠	뇌
뇌룡	🦕	초식 공룡
뇌우	⛈	번개가 치는 비구름
누가알겠어	🤷‍♂	어깨를 으쓱하는 남자
누가알겠어	🤷‍♀	어깨를 으쓱하는 여자
눈	😄	미소 짓는 눈으로 활짝 웃는 얼굴
눈	😁	미소 짓는 눈으로 웃는 얼굴
눈	😊	미소 짓는 눈으로 살짝 웃는 얼굴
눈	🤪	괴짜 얼굴
눈	😝	눈을 감고 메롱하는 얼굴
눈	🙄	눈을 굴리고 있는 얼굴
눈	🫩	다크서클이 있는 얼굴
눈	😻	하트 눈 고양이 얼굴
눈	😽	키스하는 고양이 얼굴
눈	👁‍🗨	말풍선 속 눈
눈	👀	왕눈이 눈알
눈	👁	눈
눈	⛷	스키 타는 사람
눈	🏂	스노보드 타는 사람
눈	🏔	눈 덮인 산
눈	🌨	눈구름
눈	❄	눈송이
눈	☃	눈사람
눈	⛄	스노우맨
눈	🎿	스키
눈	🛷	썰매
눈	👓	안경
눈	🕶	선글라스
눈	🪏	삽
눈감고미소	😆	눈웃음짓는 얼굴
눈감고뽀뽀하는고양이	😽	키스하는 고양이 얼굴
눈감고웃는얼굴	😆	눈웃음짓는 얼굴
눈구름	🌨	눈구름
눈굴리기	🙄	눈을 굴리고 있는 얼굴
눈덮인산	🏔	눈 덮인 산
눈물	😂	기쁨의 눈물을 흘리는 얼굴
눈물	🥲	눈물 흘리며 웃는 얼굴
눈물	😢	우는 얼굴
눈물	😭	엉엉 우는 얼굴
눈물	😹	기쁨의 눈물을 흘리는 고양이 얼굴
눈물	😿	울고 있는 고양이 얼굴
눈물	💧	물방울
눈물나게웃긴	🤣	바닥을 구르며 웃는 얼굴
눈물을참는얼굴	🥹	눈물을 참는 얼굴
눈물흘리는고양이	😿	울고 있는 고양이 얼굴
눈물흘리며웃는얼굴	🥲	눈물 흘리며 웃는 얼굴
눈부시는	🌟	반짝이는 별
눈부신	😎	선글라스 낀 얼굴
눈부신	🌞	얼굴이 있는 해
눈사람	☃	눈사람
눈사람	⛄	스노우맨
눈송이	❄	눈송이
눈썰매	🛷	썰매
눈썹	😏	히죽거리는 얼굴
눈썹	🥸	변장한 얼굴
눈썹을치켜올린얼굴	🤨	눈썹을 치켜올린 얼굴
눈알	🙄	눈을 굴리고 있는 얼굴
눈웃음	😁	미소 짓는 눈으로 웃는 얼굴
눈웃음	😊	미소 짓는 눈으로 살짝 웃는 얼굴
눈웃음지으며웃는얼굴	😊	미소 짓는 눈으로 살짝 웃는 얼굴
눈웃음지으며입벌리고웃는얼굴	😆	눈웃음짓는 얼굴
눈웃음지으며활짝웃는얼굴	😄	미소 짓는 눈으로 활짝 웃는 얼굴
눈웃음짓는얼굴	😆	눈웃음짓는 얼굴
눈웃음짓는웃는얼굴	😁	미소 짓는 눈으로 웃는 얼굴
눈을가리고있는원숭이	🙈	눈을 가리고 있는 원숭이
눈을감고메롱하는얼굴	😝	눈을 감고 메롱하는 얼굴
눈을감고혀를내민얼굴	😝	눈을 감고 메롱하는 얼굴
눈을감은채로키스하는얼굴	😚	눈을 감은 채로 키스하는 얼굴
눈을굴리고있는얼굴	🙄	눈을 굴리고 있는 얼굴
눈을뜨고손으로입을가린얼굴	🫢	눈을 뜨고 손으로 입을 가린 얼굴
눈을반짝이는	👧	여자 아이
눈을크게뜨고웃는얼굴	😃	눈을 크게 뜨고 웃는 얼굴
눈을크게뜬얼굴	😳	상기된 얼굴
눈이부신	💍	반지
눈하나	👁	눈
눈한개	👁	눈
뉴	🆕	뉴
뉴문	🌑	삭
뉴문	🌚	얼굴이 있는 삭
뉴버튼	🆕	뉴
뉴스	📰	신문
뉴스	🗞	돌돌 말린 신문
뉴신호	🆕	뉴
뉴욕	🗽	자유의 여신상
뉴질랜드	🇳🇿	깃발: 뉴질랜드
뉴칼레도니아	🇳🇨	깃발: 뉴칼레도니아
느낌	😍	하트 눈 얼굴
느낌	😓	식은땀 흘리는 얼굴
느낌	😫	피곤한 얼굴
느낌	😤	화내며 씩씩거리는 얼굴
느낌	😡	뾰로통한 얼굴
느낌	😠	화난 얼굴
느낌	❕	하얀색 느낌표
느낌표	!	느낌표
느낌표	¡	거꾸로 된 느낌표
느낌표	❣	하트 모양 느낌표
느낌표	‼	두 개의 느낌표
느낌표	⁉	느낌표와 물음표
느낌표	❕	하얀색 느낌표
느낌표	❗	빨간색 느낌표
느낌표와물음표	⁉	느낌표와 물음표
느린	🦥	나무늘보
늑대	🐺	늑대 얼굴
늑대얼굴	🐺	늑대 얼굴
늙은	👴	할아버지
늙은	👵	할머니
늦은	🫩	다크서클이 있는 얼굴
늦은	⏰	알람 시계
니우에	🇳🇺	깃발: 니우에
니제르	🇳🇪	깃발: 니제르
니카라과	🇳🇮	깃발: 니카라과
니트	🧶	실뭉치
닌자	🥷	닌자
다가오는	🚍	오고 있는 버스
다가오는	🚘	오고 있는 자동차
다가오는경찰차	🚔	오고 있는 경찰차
다가오는택시	🚖	오고 있는 택시
다나바타나무	🎋	소원을 건 나무
다듬기	💅	매니큐어
다람쥐	🐿	얼룩다람쥐
다르마	☸	진리의 수레바퀴
다리	🦵	한쪽 다리
다리	🍗	닭다리
다리	🌉	밤하늘을 배경으로 하는 다리
다리꼬기	🧘	가부좌한 사람
다리꼬기	🧘‍♂	가부좌한 남자
다리꼬기	🧘‍♀	가부좌한 여자
다리한쪽	🦵	한쪽 다리
다비드	✡	다윗의 별
다비드별	✡	다윗의 별
다섯	✋	손바닥
다섯시	🕔	다섯 시
다섯시반	🕠	다섯 시 반
다운버튼	🔽	내리기 버튼
다윗	✡	다윗의 별
다윗의별	✡	다윗의 별
다음장면	⏭	다음 트랙 버튼
다음트랙	⏭	다음 트랙 버튼
다음트랙버튼	⏭	다음 트랙 버튼
다이너마이트	🧨	폭죽
다이빙	🦪	굴
다이빙	🤿	다이빙 마스크
다이빙	🥽	고글
다이빙마스크	🤿	다이빙 마스크
다이아몬드	♦	다이아몬드
다이아몬드	💍	반지
다이아몬드	💎	원석
다이아몬드모양	◊	마름모
다이아몬드모양	💠	점이 찍힌 다이아몬드 모양
다이아몬드무늬	♦	다이아몬드
다이어트	🍎	빨간 사과
다채로운	🎨	팔레트
다치다	🩼	목발
다친	🩼	목발
다침	🩼	목발
다크서클	🫩	다크서클이 있는 얼굴
다크서클이있는얼굴	🫩	다크서클이 있는 얼굴
다툼	🫯	싸움 구름
다트	🎯	과녁 명중
다함께춤춰요	💃	여자 댄서
단검	🗡	단검
단계	🪜	사다리
단단한	🪨	바위
단도	🗡	단검
단락	§	단락
단락	¶	단락 기호
단락기호	¶	단락 기호
단봉낙타	🐪	낙타
단서	🫆	지문
단서	🗝	오래된 열쇠
단안경을쓴얼굴	🧐	단안경을 쓴 얼굴
단음식을좋아함	🍫	초콜렛
단음식을좋아함	🍬	사탕
단지	🍯	꿀
단지	🏺	암포라
단지	⚱	납골 단지
단짝	👯	토끼 귀를 쓰고 춤추는 사람들
단짝	👯‍♀	토끼 귀를 쓰고 춤추는 여자들
단풍잎	🍁	단풍잎
단풍잎	🍂	낙엽
단화	🥿	플랫 슈즈
닫는거북등괄호	〕	닫는 거북등괄호
닫는검은색렌즈괄호	】	닫는 검은색 렌즈 괄호
닫는겹낫표	』	닫는 겹낫표
닫는괄호	)	닫는 괄호
닫는낫표	」	닫는 낫표
닫는대괄호	]	닫는 대괄호
닫는소괄호	〉	닫는 소괄호
닫는이중소괄호	》	닫는 이중 소괄호
닫는중괄호	}	닫는 중괄호
닫는태그	>	초과
닫는흰색렌즈괄호	〗	닫는 흰색 렌즈 괄호
닫힌	📫	표지가 올라간 닫힌 우편함
달	🌑	삭
달	🌒	초승달 상현
달	🌓	오른쪽 반달
달	🌔	상현달
달	🌕	보름달
달	🌖	하현달
달	🌗	왼쪽 반달
달	🌘	그믐달 하현
달	🌙	초승달
달	🌚	얼굴이 있는 삭
달	🌛	얼굴이 있는 초승달
달	🌜	그믐달
달	🌝	얼굴이 있는 보름달
달	🎑	달맞이
달	🈷	달 월
달가닥소리	🪇	마라카스
달걀	🥚	달걀
달과다리	🌉	밤하늘을 배경으로 하는 다리
달님	🌚	얼굴이 있는 삭
달님	🌛	얼굴이 있는 초승달
달님	🌜	그믐달
달님	🌝	얼굴이 있는 보름달
달러	🪙	동전
달러	💰	돈주머니
달러	💵	달러
달러	💸	날개 달린 돈
달러화	💵	달러
달러화	💲	미국 달러
달러화	$	달러화
달려나감	💨	달려나감
달력	📅	달력
달력	📆	뜯어진 달력
달력	🗓	스프링 달력
달리기	💨	달려나감
달리기	🏃	뛰는 사람
달리기	🏃‍♂	뛰는 남자
달리기	🏃‍♀	뛰는 여자
달리기	👟	운동화
달리기	🏃‍➡	뛰는 사람: 오른쪽을 향한
달리기	🏃‍♀‍➡	뛰는 여자: 오른쪽을 향한
달리기	🏃‍♂‍➡	뛰는 남자: 오른쪽을 향한
달맞이	🎑	달맞이
달맞이행사	🎑	달맞이
달아오른얼굴	😳	상기된 얼굴
달월	🈷	달 월
달위에얼굴	🌚	얼굴이 있는 삭
달콤	😛	혀를 내민 얼굴
달콤	😰	땀 흘리며 불안해하는 얼굴
달콤	🍦	소프트 아이스크림
달콤	🍨	아이스크림
달콤	🍩	도넛
달콤	🍪	쿠키
달콤	🎂	생일 케이크
달콤	🍰	조각 케익
달콤	🍫	초콜렛
달콤	🍬	사탕
달콤	🍭	롤리팝
달콤	🍮	커스타드 푸딩
달콤	🍯	꿀
달콤	🧃	음료 팩
달콤	💧	물방울
달콤한	🍠	고구마
달팽이	🐌	달팽이
달팽이껍질	🐚	달팽이집
달팽이집	🐚	달팽이집
닭	🐔	닭
닭고기	🍗	닭다리
닭다리	🍗	닭다리
담배	😮‍💨	날숨 쉬는 얼굴
담배	🚬	흡연 구역 신호
담배	🚭	금연 신호
담벼락	🧱	벽돌
답	🟰	등호 기호
당고	🍡	떡꼬치
당구	🎱	당구
당구공	🎱	당구
당근	👌	오케이를 표시한 손
당근	👍	올린 엄지
당근	🥕	당근
당나귀	🫏	당나귀
당신	🫵	보는 사람을 가리키는 검지
당혹한얼굴	😖	당혹한 얼굴
당혹함	😖	당혹한 얼굴
당황	🫢	눈을 뜨고 손으로 입을 가린 얼굴
당황	🫣	한쪽 눈을 가리고 훔쳐보는 얼굴
당황	🥹	눈물을 참는 얼굴
당황	💦	땀
당황	🤦	골치 아파하는 사람
당황	🤦‍♂	골치 아파하는 남자
당황	🤦‍♀	골치 아파하는 여자
당황	🧂	소금
당황스러워	😳	상기된 얼굴
당황한	🫠	녹아 내리는 얼굴
당황한얼굴	😖	당혹한 얼굴
닻	⚓	닻
닻	🔱	삼지창
닿다	🫱	오른쪽으로 향하는 손등
대	🆚	대
대거	🗡	단검
대관람차	🎡	관람차
대괄호	[	여는 대괄호
대괄호	]	닫는 대괄호
대기	⏰	알람 시계
대나무	🐼	판다 얼굴
대나무	🎍	일본 장식
대단한	👏	손뼉
대단해	😛	혀를 내민 얼굴
대단해	👏	손뼉
대략같음	≅	대략 같음
대마법사	🧙	마법사
대마법사	🧙‍♂	남자 마법사
대마법사	🧙‍♀	여자 마법사
대만	🧋	버블티
대만	🇹🇼	깃발: 대만
대머리	👴	할아버지
대머리	🦲	대머리
대머리	🧑‍🦲	사람: 대머리
대머리	👨‍🦲	남자: 대머리
대머리	👩‍🦲	여자: 대머리
대문자	🔠	대문자
대문자입력	🔠	대문자
대성통곡	😭	엉엉 우는 얼굴
대시	〰	물결 모양 대시
대양	🪸	산호초
대한민국	🇰🇷	깃발: 대한민국
대항	🆚	대
대화	💬	말풍선
대화창	💬	말풍선
댄서	🧑‍🩰	발레 무용수
댄서	💃	여자 댄서
댄서	🕺	남자 댄서
댄서	👯	토끼 귀를 쓰고 춤추는 사람들
댄서	👯‍♂	토끼 귀를 쓰고 춤추는 남자들
댄서	👯‍♀	토끼 귀를 쓰고 춤추는 여자들
댄스	💃	여자 댄서
댄스	🕺	남자 댄서
댄스	🪩	미러볼
댄스	🪇	마라카스
댄싱	💃	여자 댄서
댄싱	🕺	남자 댄서
댐	🦫	비버
더블	👯	토끼 귀를 쓰고 춤추는 사람들
더블	👯‍♀	토끼 귀를 쓰고 춤추는 여자들
더블	⏫	빨리 올리기 버튼
더블	⏬	빨리 내리기 버튼
더블	⏸	일시 정지 버튼
더블	➿	두 개의 고리
더블유씨	🚾	더블유씨
더블프라임	″	더블 프라임
더운	🫠	녹아 내리는 얼굴
더운	🥵	더운 얼굴
더운	🪭	접이식 손 부채
더운얼굴	🥵	더운 얼굴
더움	☀	태양
더워죽는	🥵	더운 얼굴
더위먹은	🥵	더운 얼굴
더하기	+	더하기 표시
더하기	➕	더하기
더하기표시	+	더하기 표시
더하기표시	➕	더하기
더하다	+	더하기 표시
덕	🪯	칸다
던지기	🤾	핸드볼하는 사람
던지기	🤾‍♀	핸드볼하는 여자
덤덤한얼굴	😐	덤덤한 얼굴
덤플링	🥟	만두
덫	🪤	쥐덫
데굴데굴	🤣	바닥을 구르며 웃는 얼굴
데님	👖	바지
데드리프트	🏋	역도 선수
데드리프트	🏋‍♂	남자 역도 선수
데모	🪧	플래카드
데스크벨	🛎	호출 벨
데스크안내원	💁	손바닥 꺾은 사람
데스크톱	🖥	데스크톱 컴퓨터
데스크톱컴퓨터	🖥	데스크톱 컴퓨터
데이스파	🧖	사우나 하는 사람
데이스파	🧖‍♂	사우나 하는 남자
데이스파	🧖‍♀	사우나 하는 여자
데이터	📈	상승하는 그래프
데이터	📉	내려가는 그래프
데이터	📊	막대 그래프
데이트	😗	키스하는 얼굴
데이트	😚	눈을 감은 채로 키스하는 얼굴
데이트	😙	미소 짓는 눈으로 키스하는 얼굴
데이트	💘	화살이 꽂힌 하트
데이트	👭	손을 잡고 있는 두 명의 여자
데이트	👫	손을 잡고 있는 남녀
데이트	👬	손을 잡고 있는 두 명의 남자
데이트	💏	키스
데이트	💐	꽃다발
데이트	💄	립스틱
데이트	👩‍❤‍💋‍👨	키스: 여자 남자
데이트	👨‍❤‍💋‍👨	키스: 남자 남자
데이트	👩‍❤‍💋‍👩	키스: 여자 여자
데자부	🔄	반시계 방향 화살표
데킬라	🍋‍🟩	라임
덴마크	🇩🇰	덴마크 국기
도	°	도
도교	☯	음양
도구	🔪	식칼
도구	🏺	암포라
도구	⚓	닻
도구	🔥	불
도구	🔮	수정 구슬
도구	🔍	왼쪽으로 향한 돋보기
도구	🔎	오른쪽으로 향한 돋보기
도구	🔦	손전등
도구	✂	가위
도구	🔨	망치
도구	🛠	망치와 렌치
도구	🪚	목공 톱
도구	🔧	렌치
도구	🪛	드라이버
도구	🔩	볼트와 너트
도구	⚙	톱니바퀴
도구	⚗	증류기
도구	🔬	현미경
도구	🔭	망원경
도구	💉	주사기
도구	🔱	삼지창
도깨비	👹	도깨비 가면
도깨비	👺	코주부 도깨비 가면
도깨비가면	👹	도깨비 가면
도깨비얼굴	👹	도깨비 가면
도끼	🪓	도끼
도넛	🍩	도넛
도도새	🦤	도도새
도로	🛣	고속도로
도리도리	🙂‍↔	도리도리
도마뱀	🦎	도마뱀
도미니카	🇩🇲	깃발: 도미니카
도미니카공화국	🇩🇴	깃발: 도미니카 공화국
도박	🎰	슬롯 머신
도박	🎴	화투
도보	🚶‍♂	걷는 남자
도보	🚶‍♀	걷는 여자
도보	🚶‍♀‍➡	걷는 여자: 오른쪽을 향한
도보	🚶‍♂‍➡	걷는 남자: 오른쪽을 향한
도복	🥋	도복
도서	📕	펼치지 않은 책
도서관	📖	펼쳐진 책
도서관	📗	초록색 책
도서관	📘	파란색 책
도서관	📙	주황색 책
도서관	📚	책 여러 권
도수	°	도
도시	🏙	도시 전경
도시	🌆	도시 야경
도시락	🍱	도시락
도시야경	🌆	도시 야경
도시에해가짐	🌇	일몰
도시전경	🏙	도시 전경
도어	🚪	문
도와드릴게요	🙋	한 손 든 사람
도움	💁	손바닥 꺾은 사람
도움	⛑	흰 십자가가 있는 헬멧
도움	🩼	목발
도착	🚆	기차
도착	🚈	경전철
도착	🛬	비행기 착륙
도착	🛄	짐 찾는 곳
도착하는중	🛬	비행기 착륙
도쿄	🗼	도쿄 타워
도쿄타워	🗼	도쿄 타워
독감	🤧	재채기하는 얼굴
독감주사	💉	주사기
독버섯	🍄	버섯
독서	📖	펼쳐진 책
독서	📗	초록색 책
독서	📙	주황색 책
독서	📚	책 여러 권
독수리	🦅	독수리
독일	🍺	맥주잔
독일	🇩🇪	깃발: 독일
독일페니	₰	독일 페니
돈	🤑	돈 모양의 입이 있는 얼굴
돈	👌	오케이를 표시한 손
돈	🫰	엄지와 중지를 교차한 손
돈	🧧	세뱃돈
돈	💎	원석
돈	🪙	동전
돈	🪎	보물 상자
돈	💴	엔
돈	💵	달러
돈	💷	파운드
돈	💸	날개 달린 돈
돈	💳	신용카드
돈	💱	환전
돈	💲	미국 달러
돈	$	달러화
돈가방	💰	돈주머니
돈날림	💸	날개 달린 돈
돈모양의입이있는얼굴	🤑	돈 모양의 입이 있는 얼굴
돈봉투	🧧	세뱃돈
돈주머니	💰	돈주머니
돋보기	🔎	오른쪽으로 향한 돋보기
돌	👊	주먹 전면
돌	🛘	산사태
돌	🪨	바위
돌	🥌	컬링 스톤
돌고래	🐬	돌고래
돌돌말린신문	🗞	돌돌 말린 신문
돌아다니기	🚶	보행자
돌아다니기	🚶‍♂	걷는 남자
돌아다니기	🚶‍♀	걷는 여자
돌아다니기	🚶‍➡	보행자: 오른쪽을 향한
돌아다니기	🚶‍♀‍➡	걷는 여자: 오른쪽을 향한
돌아다니기	🚶‍♂‍➡	걷는 남자: 오른쪽을 향한
동그라미	⏺	녹음/녹화 버튼
동그라미	⭕	빨간색 정답 동그라미
동그라미	Ⓜ	원글자 엠
동그라미	🟠	오렌지색 원
동그라미	🟡	노란색 원
동그라미	🟢	녹색 원
동그라미	🟣	보라색 원
동그라미	⚫	검은색 원
동그라미	⚪	흰색 원
동그랗게말린고리	➰	고리
동등	🟰	등호 기호
동메달	🥉	동메달
동물	😺	활짝 웃는 고양이 얼굴
동물	😸	미소 짓는 눈으로 활짝 웃는 고양이 얼굴
동물	😹	기쁨의 눈물을 흘리는 고양이 얼굴
동물	😻	하트 눈 고양이 얼굴
동물	😼	썩소 짓는 고양이
동물	😽	키스하는 고양이 얼굴
동물	🙀	절규하는 고양이 얼굴
동물	😿	울고 있는 고양이 얼굴
동물	😾	뾰로통한 고양이 얼굴
동물	🙈	눈을 가리고 있는 원숭이
동물	🙉	귀를 막고 있는 원숭이
동물	🐵	원숭이 얼굴
동물	🐒	원숭이
동물	🦍	고릴라
동물	🦧	오랑우탄
동물	🐶	강아지 얼굴
동물	🐕	개
동물	🐩	푸들
동물	🐺	늑대 얼굴
동물	🦊	여우 얼굴
동물	🦝	너구리
동물	🐱	고양이 얼굴
동물	🐈	고양이
동물	🐈‍⬛	검은 고양이
동물	🦁	사자 얼굴
동물	🐯	호랑이 얼굴
동물	🐅	호랑이
동물	🐆	표범
동물	🐴	말 얼굴
동물	🫎	무스
동물	🫏	당나귀
동물	🐎	말
동물	🦌	사슴
동물	🦬	들소
동물	🐮	소 얼굴
동물	🐂	소
동물	🐃	물소
동물	🐄	젖소
동물	🐷	돼지 얼굴
동물	🐖	돼지
동물	🐗	멧돼지
동물	🐽	돼지코
동물	🐏	숫양
동물	🐑	양
동물	🐐	염소
동물	🐪	낙타
동물	🐫	쌍봉 낙타
동물	🦙	라마
동물발자국	🐾	곰발바닥
동물원	🐅	호랑이
동물원	🐆	표범
동물원	🐃	물소
동물원	🐏	숫양
동물원	🐊	악어
동상	🥶	추워하는 얼굴
동상	🗽	자유의 여신상
동상	🗿	모아이
동성연인	👭	손을 잡고 있는 두 명의 여자
동성연인	👬	손을 잡고 있는 두 명의 남자
동성커플	👭	손을 잡고 있는 두 명의 여자
동성커플	👬	손을 잡고 있는 두 명의 남자
동심원	◎	동심원
동영상	📷	카메라
동영상촬영	📹	캠코더
동의	💯	백점
동의	👊	주먹 전면
동일	≡	등호
동작	🙅	안 된다는 제스처를 하는 사람
동전	👛	지갑
동전	🪙	동전
동쪽	➡	우향 화살표
동티모르	🇹🇱	깃발: 동티모르
동화	😇	후광이 비치는 웃는 얼굴
동화	😈	머리에 뿔이 달린 웃는 얼굴
동화	👿	머리에 뿔이 달린 화난 얼굴
동화	💀	해골
동화	👹	도깨비 가면
동화	👺	코주부 도깨비 가면
동화	👻	유령
동화	👽	외계인
동화	👸	공주
동화	👼	아기 천사
동화	🧚	요정
동화	🧚‍♂	남자 요정
동화	🧚‍♀	여자 요정
동화	🧜	인어
동화	🧜‍♂	남자 인어
동화	🧜‍♀	여자 인어
동화	🧌	트롤
동화	🐲	용 얼굴
동화	🐉	용
동화	🔮	수정 구슬
돛단배	⛵	돛단배
돼지	🐷	돼지 얼굴
돼지	🐖	돼지
돼지	🐗	멧돼지
돼지고기	🐷	돼지 얼굴
돼지고기	🐖	돼지
돼지고기	🥓	베이컨
돼지띠	🐷	돼지 얼굴
돼지얼굴	🐷	돼지 얼굴
돼지코	🐽	돼지코
됐어	😒	지루해하는 얼굴
되감기	🔄	반시계 방향 화살표
되감기	⏪	되감기 버튼
되감기버튼	⏪	되감기 버튼
되돌리기버튼	◀	반대로 버튼
두개	🤲	내민 두 손
두개	⏩	빨리 감기 버튼
두개	⏪	되감기 버튼
두개의고리	➿	두 개의 고리
두개의구부러진고리	➿	두 개의 고리
두개의느낌표	‼	두 개의 느낌표
두개의루프	➿	두 개의 고리
두근거리는마음	💓	두근거리는 하트
두근거리는하트	💓	두근거리는 하트
두근거림	💖	빛나는 하트
두근두근	💓	두근거리는 하트
두꺼운더하기표시	➕	더하기
두남자	👯‍♂	토끼 귀를 쓰고 춤추는 남자들
두려운	😱	공포에 절규하는 얼굴
두려움	😨	두려워하는 얼굴
두려워하는얼굴	😨	두려워하는 얼굴
두루마리	📜	문서
두루마리	🧻	두루마리
두손모아기도하는사람	🙏	기도
두손을든사람	🙌	만세
두손펼치기	👐	양손을 모아서 벌린 모양
두시	🕑	두 시
두시반	🕝	두 시 반
두줄등호이거나보다큼	⪚	두 줄 등호이거나 보다 큼
두통	😣	참아내는 얼굴
두통	💆	마사지 받는 사람
두통	💆‍♂	마사지 받는 남자
두통	💆‍♀	마사지 받는 여자
둘다	☯	음양
둥근괄호	)	닫는 괄호
둥근머리압정	📍	둥근 머리 핀
둥근머리핀	📍	둥근 머리 핀
둥지	🪹	빈 둥지
둥지	🪺	알이 들어 있는 둥지
뒤로	🔙	뒤로
뒤에오지않음	⊁	뒤에 오지 않음
뒤에옴	≻	뒤에 옴
뒤집힘	🙃	거꾸로 된 얼굴
뒷문	🚪	문
드라이버	🪛	드라이버
드라큘라	🧛	뱀파이어
드라큘라	🧛‍♂	남자 뱀파이어
드라큘라	🧛‍♀	여자 뱀파이어
드래곤	🐲	용 얼굴
드래곤	🐉	용
드럼	🛢	기름통
드럼	🥁	드럼
드럼	🪘	긴 북
드레스	👗	원피스
드레스	🥻	사리
드레스	👛	지갑
드레스	👜	핸드백
드레스	👝	파우치
드레스	👠	하이힐
드리블	⛹	공을 갖고 있는 사람
드리블	⛹‍♂	공 가진 남자
드리블	⛹‍♀	공 가진 여자
드링크	🍹	음료수
득점	💯	백점
듣기	🙉	귀를 막고 있는 원숭이
듣기	👂	귀
들다	🫴	손바닥을 위로 향한 손
들소	🦬	들소
들어보이기	🤚	손등
들어오지마시오	⛔	진입 금지
들어오지마시오	🚫	금지
들이마시기	🫁	폐
들통	🪣	양동이
등	🎃	할로윈
등	🏮	일본식 등
등록상표	®	등록상표
등반	🧗	클라이밍하는 사람
등반	🧗‍♂	클라이밍하는 남자
등반	🧗‍♀	클라이밍하는 여자
등산	🧗	클라이밍하는 사람
등산	🧗‍♂	클라이밍하는 남자
등산	🧗‍♀	클라이밍하는 여자
등산	🥾	등산화
등산가	🧗	클라이밍하는 사람
등산가	🧗‍♂	클라이밍하는 남자
등산가	🧗‍♀	클라이밍하는 여자
등산화	🥾	등산화
등호	≡	등호
등호기호	🟰	등호 기호
등호안의고리	≖	등호 안의 고리
디바	💁	손바닥 꺾은 사람
디바	💁‍♀	손바닥 꺾은 여자
디비디	💿	씨디
디비디	📀	디비디
디스켓	💾	플로피 디스크
디스코	🪩	미러볼
디스크	🥏	원반
디스크	💽	엠디
디스크	💾	플로피 디스크
디스크	💿	씨디
디야	🪔	기름 램프
디에고가르시아	🇩🇬	깃발: 디에고 가르시아
디오니소스	🍇	포도
디저트	🍡	떡꼬치
디저트	🍦	소프트 아이스크림
디저트	🍨	아이스크림
디저트	🍩	도넛
디저트	🎂	생일 케이크
디저트	🍰	조각 케익
디저트	🧁	컵케이크
디저트	🍬	사탕
디저트	🍮	커스타드 푸딩
디플로도쿠스	🦕	초식 공룡
따가워	🪼	해파리
따뜻하게두른	🧣	스카프
따뜻하게입은	🧥	코트
따봉	👍	올린 엄지
따옴표	'	타자기 아포스트로피
따옴표	‘	왼쪽 아포스트로피
따옴표	’	오른쪽 아포스트로피
따옴표	‚	오른쪽 아래 아포스트로피
따옴표	“	왼쪽 큰따옴표
따옴표	”	오른쪽 큰따옴표
따옴표	„	오른쪽 아래 큰따옴표
딱딱	🫰	엄지와 중지를 교차한 손
딱정벌레	🪲	딱정벌레
딱정벌레	🐞	무당벌레
딸	👧	여자 아이
딸기	🍓	딸기
딸들	👭	손을 잡고 있는 두 명의 여자
땀	😅	땀 흘리며 웃는 얼굴
땀	💦	땀
땀	💧	물방울
땀흘리는	🥵	더운 얼굴
땀흘리는	😓	식은땀 흘리는 얼굴
땀흘리며불안해하는얼굴	😰	땀 흘리며 불안해하는 얼굴
땀흘리며웃는얼굴	😅	땀 흘리며 웃는 얼굴
땅에꽂힌파라솔	⛱	땅에 꽂힌 파라솔
땅콩	🥜	땅콩
떠먹는아이스크림	🍨	아이스크림
떡	🍡	떡꼬치
떡꼬치	🍡	떡꼬치
떨고있음	🫨	요동치는 얼굴
떨리는마음	💓	두근거리는 하트
떨림	🪇	마라카스
떨어뜨리다	🫳	손바닥을 아래로 향한 손
떨어지는	🍂	낙엽
떨어지는	🌠	별똥별
떼	🦬	들소
떼까마귀	🐦‍⬛	검은 새
뗏목	🚣	노젓는 사람
뗏목	🚣‍♂	노젓는 남자
똑똑	👋	흔드는 손
똥	💩	똥
똥	🪠	뚫어뻥
똥덩어리	💩	똥
똥무더기	💩	똥
뚜껑열린머리	🤯	폭발하는 얼굴
뚫어뻥	🪠	뚫어뻥
뛰기	🏃	뛰는 사람
뛰기	🏃‍♂	뛰는 남자
뛰기	🏃‍♀	뛰는 여자
뛰기	🏃‍➡	뛰는 사람: 오른쪽을 향한
뛰기	🏃‍♀‍➡	뛰는 여자: 오른쪽을 향한
뛰기	🏃‍♂‍➡	뛰는 남자: 오른쪽을 향한
뛰는남자	🏃‍♂	뛰는 남자
뛰는남자	🏃‍♂‍➡	뛰는 남자: 오른쪽을 향한
뛰는사람	🏃	뛰는 사람
뛰는사람	🏃‍➡	뛰는 사람: 오른쪽을 향한
뛰는여자	🏃‍♀	뛰는 여자
뛰는여자	🏃‍♀‍➡	뛰는 여자: 오른쪽을 향한
뜨개질	🧵	실타래
뜨개질	🧶	실뭉치
뜨거운	🫠	녹아 내리는 얼굴
뜨거운	🔥	불
뜨거운	💣	폭탄
뜨거운음료	☕	뜨거운 음료
뜨거움	☕	뜨거운 음료
뜨거움	♨	온천
뜨다	🪏	삽
뜯어진달력	📆	뜯어진 달력
띠용	💫	어지러움
라디오	📻	라디오
라디오	🔘	라디오 버튼
라디오버튼	🔘	라디오 버튼
라마	🦙	라마
라마단	🌙	초승달
라마단	☪	초승달과 별
라면	🍜	국수
라바쉬	🫓	플랫브레드
라벤더	🪻	히아신스
라벨	🏷	라벨
라오스	🇱🇦	깃발: 라오스
라오스키프	₭	라오스 키프
라우터	🛜	무선
라이드	🚲	자전거
라이딩	🚴	자전거 타는 사람
라이딩	🚴‍♂	자전거 타는 남자
라이딩	🚴‍♀	자전거 타는 여자
라이딩	🚵	산악 자전거 타는 사람
라이딩	🚵‍♂	산악 자전거 타는 남자
라이베리아	🇱🇷	깃발: 라이베리아
라이센스	🪪	신분증
라일락	🪻	히아신스
라임	🍋‍🟩	라임
라지블루마름모	🔷	큰 파란색 마름모
라지오렌지마름모	🔶	큰 주황색 마름모
라켓	🎾	테니스
라켓	🏸	배드민턴
라쿤	🦝	너구리
라크로스	🥍	라크로스
라트비아	🇱🇻	깃발: 라트비아
라틴	🔡	소문자
라틴	🔤	라틴어 알파벳
라틴십자가	✝	라틴 십자가
라틴어알파벳	🔤	라틴어 알파벳
라틴어알파벳입력	🔤	라틴어 알파벳
락	👨‍🎤	남자 가수
락	👩‍🎤	여자 가수
락	🔒	자물쇠
락	🔓	열린 자물쇠
락스타	👨‍🎤	남자 가수
락스타	👩‍🎤	여자 가수
락음악	🤘	뿔 모양 손짓
랍스터	🦞	바닷가재
랜덤재생	🔀	랜덤 재생
랜딩중	🛬	비행기 착륙
램프	🪔	기름 램프
램프	🛋	소파와 전등
램프문지르기	🧞	지니
램프문지르기	🧞‍♂	남자 지니
램프문지르기	🧞‍♀	여자 지니
랩	🌯	부리또
랩탑	💻	노트북
러닝	🎽	러닝 셔츠
러닝	👟	운동화
러닝셔츠	🎽	러닝 셔츠
러닝화	👟	운동화
러브	🫶	손 하트
러브레터	💌	러브레터
러브호텔	🏩	모텔
러시아	🪆	네스팅 인형
러시아	🇷🇺	깃발: 러시아
러시아루블	₽	러시아 루블
럭비	🏉	럭비공
럭비공	🏉	럭비공
럭셔리	🧖	사우나 하는 사람
럭셔리	🧖‍♂	사우나 하는 남자
럭셔리	🧖‍♀	사우나 하는 여자
럭셔리	🚤	쾌속정
런닝	🏃	뛰는 사람
런닝	🏃‍♂	뛰는 남자
런닝	🏃‍♀	뛰는 여자
런닝	🏃‍➡	뛰는 사람: 오른쪽을 향한
런닝	🏃‍♀‍➡	뛰는 여자: 오른쪽을 향한
런닝	🏃‍♂‍➡	뛰는 남자: 오른쪽을 향한
런던	💂	근위병
런던	💂‍♂	남자 근위병
런던	💂‍♀	여자 근위병
레드	🔺	빨간색 위쪽 삼각형
레드서클	🔴	빨간 원
레몬	🍋	레몬
레바논	🇱🇧	깃발: 레바논
레벨	🎚	레벨 슬라이더
레벨슬라이더	🎚	레벨 슬라이더
레소토	🇱🇸	깃발: 레소토
레스토랑	🍞	빵
레스토랑	🍳	프라이팬
레스토랑	🍝	스파게티
레스토랑	🍢	오뎅
레스토랑	🍥	어묵
레스토랑	🍦	소프트 아이스크림
레스토랑	🍧	샤베트 아이스크림
레스토랑	🍨	아이스크림
레스토랑	🍬	사탕
레스토랑	🍭	롤리팝
레스토랑	🍶	사케
레스토랑	🍴	포크와 나이프
레스토랑	🏮	일본식 등
레슬러	🤼	레슬링하는 사람
레슬러	🤼‍♂	레슬링하는 남자
레슬러	🤼‍♀	레슬링하는 여자
레슬링	🤼	레슬링하는 사람
레슬링	🤼‍♂	레슬링하는 남자
레슬링	🤼‍♀	레슬링하는 여자
레슬링선수	🤼	레슬링하는 사람
레슬링하는남자	🤼‍♂	레슬링하는 남자
레슬링하는두남자	🤼‍♂	레슬링하는 남자
레슬링하는두여자	🤼‍♀	레슬링하는 여자
레슬링하는사람	🤼	레슬링하는 사람
레슬링하는여자	🤼‍♀	레슬링하는 여자
레오	🦁	사자 얼굴
레오파드	🐆	표범
레위니옹	🇷🇪	깃발: 레위니옹
레이스	🐎	말
레이싱	🏇	승마
레이싱	🐎	말
레이싱	🏎	경주용 자동차
레이싱	🏍	오토바이
레이싱	🏁	격자 무늬 깃발
레이싱카	🏎	경주용 자동차
레인보우	🌈	무지개
레일	🚃	전철
레즈비언	🌈	무지개
레즈비언	🏳‍🌈	무지개 깃발
레크리에이션	🚙	지프
렌치	🛠	망치와 렌치
렌치	🔧	렌치
로맨스	💌	러브레터
로맨스	💘	화살이 꽂힌 하트
로맨스	💙	파란색 하트
로맨스	💋	입술
로맨스	💏	키스
로맨스	💑	연인
로맨스	💐	꽃다발
로맨스	💒	결혼식
로맨스	💍	반지
로맨스	💎	원석
로맨스	👩‍❤‍💋‍👨	키스: 여자 남자
로맨스	👨‍❤‍💋‍👨	키스: 남자 남자
로맨스	👩‍❤‍💋‍👩	키스: 여자 여자
로맨스	👩‍❤‍👨	연인: 여자 남자
로맨스	👨‍❤‍👨	연인: 남자 남자
로맨스	👩‍❤‍👩	연인: 여자 여자
로맨틱	😍	하트 눈 얼굴
로맨틱	😘	키스를 보내는 얼굴
로맨틱	💚	초록색 하트
로봇	🤖	로봇 얼굴
로봇얼굴	🤖	로봇 얼굴
로션	🧴	로션
로션통	🧴	로션
로열	🫅	왕관을 쓴 사람
로열	🤴	왕자
로열티	🫅	왕관을 쓴 사람
로우라인	_	밑줄
로제트	🏵	장미
로케트	🚀	로켓
로켓	🧑‍🚀	우주비행사
로켓	👨‍🚀	남자 우주비행사
로켓	👩‍🚀	여자 우주비행사
로켓	🚀	로켓
로플콥터	🚁	헬리콥터
록	🧑‍🎤	가수
록스타	🧑‍🎤	가수
롤러	🎢	롤러코스터
롤러	🛼	롤러스케이트
롤러스케이트	🛼	롤러스케이트
롤러코스터	🎢	롤러코스터
롤리팝	🍭	롤리팝
루마니아	🇷🇴	깃발: 루마니아
루블	₽	러시아 루블
루어	🪤	쥐덫
루프	➰	고리
루피	₹	인도 루피
루피	₨	루피
루핀	🪻	히아신스
룩셈부르크	🇱🇺	깃발: 룩셈부르크
르완다	🇷🇼	깃발: 르완다
리듬	🪘	긴 북
리라	₤	리라
리모델링	👷	건설 노동자
리모델링	👷‍♂	건설 현장 남자 노동자
리모델링	👷‍♀	건설 현장 여자 노동자
리본	💝	리본 달린 하트
리본	🎀	리본
리본	🎗	추모 리본
리본달린하트	💝	리본 달린 하트
리볼버	🔫	물총
리브르투아누아	₶	리브르 투아누아
리비아	🇱🇾	깃발: 리비아
리스닝	👂	귀
리알	﷼	리알
리코더	🪈	플루트
리톱스	🗿	모아이
리투아니아	🇱🇹	깃발: 리투아니아
리프트	🫴	손바닥을 위로 향한 손
리히텐슈타인	🇱🇮	깃발: 리히텐슈타인
릴랙스	🤌	꼬집는 손가락
립스틱	👄	입
립스틱	🫦	입술을 깨물고 있는 입
립스틱	💄	립스틱
링	🤼	레슬링하는 사람
링	💍	반지
링크	🔗	링크
링크표시	🔗	링크
마가리타	🍋‍🟩	라임
마그넷	🧲	자석
마녀	🧙	마법사
마녀	🧙‍♀	여자 마법사
마녀	🪄	마술 지팡이
마녀	🧹	빗자루
마늘	🧄	마늘
마다가스카르	🇲🇬	깃발: 마다가스카르
마라카스	🪇	마라카스
마라토너	🏃	뛰는 사람
마라토너	🏃‍➡	뛰는 사람: 오른쪽을 향한
마라톤	🏃	뛰는 사람
마라톤	🏃‍♂	뛰는 남자
마라톤	🏃‍♀	뛰는 여자
마라톤	🏃‍➡	뛰는 사람: 오른쪽을 향한
마라톤	🏃‍♀‍➡	뛰는 여자: 오른쪽을 향한
마라톤	🏃‍♂‍➡	뛰는 남자: 오른쪽을 향한
마라톤선수	🏃	뛰는 사람
마라톤선수	🏃‍➡	뛰는 사람: 오른쪽을 향한
마르티니크	🇲🇶	깃발: 마르티니크
마른	🚱	마실 수 없는 물
마름모	◊	마름모
마름모	🔶	큰 주황색 마름모
마름모	🔷	큰 파란색 마름모
마름모	🔸	작은 주황색 마름모
마름모	🔹	작은 파란색 마름모
마름모	💠	점이 찍힌 다이아몬드 모양
마름모꼴	◊	마름모
마름모꼴	💠	점이 찍힌 다이아몬드 모양
마리아	🪬	함사
마법	🧙	마법사
마법	🧙‍♂	남자 마법사
마법	🧙‍♀	여자 마법사
마법	🧝	엘프
마법	🧝‍♂	남자 엘프
마법	🧝‍♀	여자 엘프
마법사	🧙	마법사
마법사	🧙‍♂	남자 마법사
마법사	🧙‍♀	여자 마법사
마법사	🪄	마술 지팡이
마사지	💆	마사지 받는 사람
마사지	💆‍♂	마사지 받는 남자
마사지	💆‍♀	마사지 받는 여자
마사지를받는사람	💆	마사지 받는 사람
마사지받는남자	💆‍♂	마사지 받는 남자
마사지받는사람	💆	마사지 받는 사람
마사지받는여자	💆‍♀	마사지 받는 여자
마셜제도	🇲🇭	깃발: 마셜 제도
마술	✨	블링블링
마술	🔮	수정 구슬
마술	🪄	마술 지팡이
마술	🎩	마술사 모자
마술사	🧙	마법사
마술사	🧙‍♂	남자 마법사
마술사	🧙‍♀	여자 마법사
마술사	🪄	마술 지팡이
마술사	🎩	마술사 모자
마술사모자	🎩	마술사 모자
마술지팡이	🪄	마술 지팡이
마스크	😷	마스크 낀 얼굴
마스크	🎭	가면
마스크낀얼굴	😷	마스크 낀 얼굴
마시는	🍼	젖병
마시지마시오	🚱	마실 수 없는 물
마실수없는	🚱	마실 수 없는 물
마실수없는물	🚱	마실 수 없는 물
마요트	🇾🇹	깃발: 마요트
마우스	🐁	생쥐
마우스	🖱	컴퓨터 마우스
마우스	🖲	트랙볼
마음	❤‍🔥	불 난 하트
마음	❤	빨간색 하트
마음이머무는곳	🏠	집
마음이머무는곳	🏡	정원이 있는 집
마이너스	-	하이픈 마이너스
마이너스	⁻	마이너스 승
마이너스	➖	빼기
마이너스승	⁻	마이너스 승
마이크	🧑‍🎤	가수
마이크	👨‍🎤	남자 가수
마이크	👩‍🎤	여자 가수
마이크	🎙	스튜디오 마이크
마이크	🎤	마이크
마이크로	µ	마이크로
마이크로기호	µ	마이크로
마이크로폰	🎙	스튜디오 마이크
마작	🀄	마작
마작기호	🀄	마작
마작빨간용	🀄	마작
마장마술	🐴	말 얼굴
마침표	.	마침표
마침표	。	고리점
마커	📑	북마크 탭
마크	🔖	북마크
마테차	🧉	마테차
마트료시카	🪆	네스팅 인형
마티니	🍸	칵테일
막대	|	수직선
막대	📊	막대 그래프
막대	🩼	목발
막대	📶	안테나 신호
막대그래프	📊	막대 그래프
막대사탕	🍭	롤리팝
만	🈵	찰 만
만년필	🖋	만년필
만두	🥟	만두
만들다	📲	왼쪽에 화살표가 있는 휴대전화
만세	🙌	만세
만세하고있는사람	🙌	만세
만월	🌕	보름달
만점	💯	백점
만족	😆	눈웃음짓는 얼굴
만족	😊	미소 짓는 눈으로 살짝 웃는 얼굴
만티야	🧕	머리에 스카프를 두른 여자
만화	💩	똥
만화	💥	충돌
만화	💦	땀
만화	💨	달려나감
만화	💬	말풍선
만화	💭	생각 풍선
만화	💤	졸림
만화	💧	물방울
만화	💣	폭탄
많거나같음	≳	많거나 같음
말	💬	말풍선
말	🗨	왼쪽 말풍선
말	🏇	승마
말	🐴	말 얼굴
말	🐎	말
말과기수	🏇	승마
말굽자석	🧲	자석
말도안돼	😳	상기된 얼굴
말띠	🐴	말 얼굴
말라리아	🦟	모기
말라위	🇲🇼	깃발: 말라위
말레이시아	🇲🇾	깃발: 말레이시아
말리	🇲🇱	깃발: 말리
말린	📃	안으로 말린 문서
말린	🗞	돌돌 말린 신문
말얼굴	🐴	말 얼굴
말이없는	😶	입이 없는 얼굴
말줄임표	…	말줄임표
말풍선	💬	말풍선
말풍선	👁‍🗨	말풍선 속 눈
말풍선	🗨	왼쪽 말풍선
말풍선	🗯	화난 표현의 오른쪽 말풍선
말풍선속눈	👁‍🗨	말풍선 속 눈
말하고있는옆얼굴	🗣	말하고 있는 옆얼굴
말하는	🗣	말하고 있는 옆얼굴
말하는새	🦜	앵무새
말하다	🙊	입을 막고 있는 원숭이
말하지마	🤐	지퍼로 입을 잠근 얼굴
말함	🗣	말하고 있는 옆얼굴
말해줘	🫴	손바닥을 위로 향한 손
맑은공기	🪟	창문
맑음	☀	태양
맘모스	🦣	매머드
맙소사	😝	눈을 감고 메롱하는 얼굴
맙소사	😮	입벌린 얼굴
맙소사	😯	숨죽인 얼굴
맙소사	🙀	절규하는 고양이 얼굴
맙소사	🙈	눈을 가리고 있는 원숭이
맙소사	👀	왕눈이 눈알
맙소사	🙆	오케이라는 제스처를 하는 사람
맙소사	🙆‍♂	오케이라는 제스처를 하는 남자
맙소사	🤦	골치 아파하는 사람
맙소사	🤦‍♂	골치 아파하는 남자
맙소사	🤦‍♀	골치 아파하는 여자
맛	😝	눈을 감고 메롱하는 얼굴
맛	🧅	양파
맛	🧂	소금
맛이간	🥴	헤롱헤롱 얼굴
맛있는음식을음미하는얼굴	😋	맛있는 음식을 음미하는 얼굴
맛있어	😋	맛있는 음식을 음미하는 얼굴
맛있어하는얼굴	😋	맛있는 음식을 음미하는 얼굴
맛있음	🍴	포크와 나이프
망고	🥭	망고
망연자실한	😯	숨죽인 얼굴
망원경	🔭	망원경
망치	🔨	망치
망치	⛏	곡괭이
망치	⚒	망치와 곡괭이
망치	🛠	망치와 렌치
망치와곡괭이	⚒	망치와 곡괭이
망치와렌치	🛠	망치와 렌치
맞음	🉑	옳을 가
매끈	💆	마사지 받는 사람
매니저	🧑‍💼	회사원
매니저	👨‍💼	남자 회사원
매니저	👩‍💼	여자 회사원
매니큐어	💅	매니큐어
매달린케이블카	🚟	매달린 케이블카
매드맨	🍸	칵테일
매듭	🪢	매듭
매력적인	💁	손바닥 꺾은 사람
매력적인	💁‍♂	손바닥 꺾은 남자
매력적인	💁‍♀	손바닥 꺾은 여자
매료됨	🫣	한쪽 눈을 가리고 훔쳐보는 얼굴
매머드	🦣	매머드
매운	🌶	홍고추
매직	✨	블링블링
맥박	💗	커지는 하트
맥박	💓	두근거리는 하트
맥박	🫀	심장
맥주	🫚	생강 뿌리
맥주	🍺	맥주잔
맥주	🍻	맥주
맥주잔	🍺	맥주잔
맥주잔	🍻	맥주
맥주컵	🍺	맥주잔
맨머리	🦲	대머리
맨발	👣	발자국
맨섬	🇮🇲	깃발: 맨섬
맨위화살표	🔝	맨 위 화살표
맹공격	👊	주먹 전면
머니	🫰	엄지와 중지를 교차한 손
머리	🗣	말하고 있는 옆얼굴
머리	🦳	백발
머리가빠지는	👴	할아버지
머리가좋은	🧠	뇌
머리깎기	💇	헤어컷
머리넘기기	💁	손바닥 꺾은 사람
머리빗	🪮	머리 빗
머리손질	💇	헤어컷
머리스카프	🧕	머리에 스카프를 두른 여자
머리아픈	😣	참아내는 얼굴
머리에붕대를감은얼굴	🤕	머리에 붕대를 감은 얼굴
머리에뿔이달린웃는얼굴	😈	머리에 뿔이 달린 웃는 얼굴
머리에뿔이달린화난얼굴	👿	머리에 뿔이 달린 화난 얼굴
머리에스카프를두른여자	🧕	머리에 스카프를 두른 여자
머리정돈	💇	헤어컷
머리카락	💇	헤어컷
머리카락으로장난치는	💁	손바닥 꺾은 사람
머리카락을자르는사람	💇	헤어컷
머리카락자르는남자	💇‍♂	남자 헤어컷
머리카락자르는여자	💇‍♀	여자 헤어컷
머리카락자름	💇	헤어컷
머리폭발	🤯	폭발하는 얼굴
먹기	🥄	숟가락
먹다	🍴	포크와 나이프
먹먹한	😯	숨죽인 얼굴
멀미	🤮	토하는 얼굴
멀티태스크	🤹	저글링하는 사람
멀티태스크	🤹‍♂	저글링하는 남자
멀티태스킹	🤹	저글링하는 사람
멀티태스킹	🤹‍♂	저글링하는 남자
멈춤	🛑	멈춤 표시
멈춤표시	🛑	멈춤 표시
멋부리는	😏	히죽거리는 얼굴
멋진	💁	손바닥 꺾은 사람
멋진	💁‍♂	손바닥 꺾은 남자
멋진	💁‍♀	손바닥 꺾은 여자
멋짐	😎	선글라스 낀 얼굴
멍	😶‍🌫	공상에 잠긴 얼굴
멍멍이	🐕	개
멍멍이	🐩	푸들
멍청한얼굴	😶‍🌫	공상에 잠긴 얼굴
멍함	😶‍🌫	공상에 잠긴 얼굴
메가폰	📢	확성기
메가폰	📣	메가폰
메노라	🕎	메노라
메달	🎖	무공 훈장
메달	🏅	스포츠 메달
메달	🥇	금메달
메달	🥈	은메달
메달	🥉	동메달
메디컬	🏥	병원
메뚜기	🦗	귀뚜라미
메뚜기류	🦗	귀뚜라미
메롱	👅	혀
메롱하는얼굴	😛	혀를 내민 얼굴
메리크리스마스	🧑‍🎄	산타
메마른	🪾	잎이 없는 나무
메모	📝	메모
메모장	📝	메모
메모지	📝	메모
메스꺼운	🤢	구역질을 하는 얼굴
메시	⚽	축구공
메시지	💬	말풍선
메신저	⚡	고압 주의
메신저	⛎	뱀주인자리
메이크업	💅	매니큐어
메이크업	🪞	거울
메이플	🍁	단풍잎
메일수신	📥	받은 편지함
메일전송	📤	보낸 편지함
메트로	🚇	지하철
멕시칸	🌮	타코
멕시칸	🌯	부리또
멕시칸	🫔	타말레
멕시코	🪅	피냐타
멕시코	🇲🇽	깃발: 멕시코
멕시코요리	🌮	타코
멕시코요리	🌯	부리또
멜론	🍈	멜론
멧돼지	🐗	멧돼지
면	🍜	국수
면	🍝	스파게티
면도	💈	이발소
면도	🪒	면도칼
면도기	🪒	면도칼
면도칼	🪒	면도칼
면바지	👖	바지
면사포	👰	면사포를 쓴 사람
면사포	👰‍♂	면사포를 쓴 남자
면사포	👰‍♀	면사포를 쓴 여자
면사포를쓴남자	👰‍♂	면사포를 쓴 남자
면사포를쓴사람	👰	면사포를 쓴 사람
면사포를쓴신부	👰	면사포를 쓴 사람
면사포를쓴여자	👰‍♀	면사포를 쓴 여자
멸종	🦣	매머드
멸종	🦤	도도새
명상	🧘	가부좌한 사람
명상	🧘‍♂	가부좌한 남자
명상	🧘‍♀	가부좌한 여자
명절	🥮	월병
명중	🎯	과녁 명중
명찰	📛	이름표
명함	📇	카드 인덱스
모기	🦟	모기
모나코	🇲🇨	깃발: 모나코
모노레일	🚈	경전철
모노레일	🚝	모노레일
모니터	🖥	데스크톱 컴퓨터
모두	👫	손을 잡고 있는 남녀
모두	👬	손을 잡고 있는 두 명의 남자
모두같음	≌	모두 같음
모두아닌	☯	음양
모드	📳	진동 모드
모든	∀	모든
모래	⌛	시간이 다 된 모래시계
모래	⏳	시간이 남은 모래시계
모래가떨어지는모래시계	⏳	시간이 남은 모래시계
모래시계	⌛	시간이 다 된 모래시계
모래시계	⏳	시간이 남은 모래시계
모로코	🇲🇦	깃발: 모로코
모르겠어	😕	혼란스러워하는 얼굴
모르겠음	🤷‍♂	어깨를 으쓱하는 남자
모르겠음	🤷‍♀	어깨를 으쓱하는 여자
모르타르	🧱	벽돌
모리셔스	🦤	도도새
모리셔스	🇲🇺	깃발: 모리셔스
모리타니	🇲🇷	깃발: 모리타니
모바일	📲	왼쪽에 화살표가 있는 휴대전화
모바일	📳	진동 모드
모바일폰	📱	휴대전화
모바일폰	📲	왼쪽에 화살표가 있는 휴대전화
모바일폰	📵	휴대전화 사용금지
모바일폰	📴	휴대전화 끄기
모범생	🤓	모범생 얼굴
모범생얼굴	🤓	모범생 얼굴
모서리가둥근흰색정사각형	▢	모서리가 둥근 흰색 정사각형
모서리가아래쪽으로향하는오른쪽화살표	↴	모서리가 아래쪽으로 향하는 오른쪽 화살표
모서리가왼쪽으로향하는아래쪽화살표	↵	모서리가 왼쪽으로 향하는 아래쪽 화살표
모스크	🕌	모스크
모아이	🗿	모아이
모아이상	🗿	모아이
모유	🤱	모유 수유
모유수유	🤱	모유 수유
모이스처라이저	🧴	로션
모자	🤠	카우보이 모자 쓴 얼굴
모자	🥳	파티하는 얼굴
모자	👷	건설 노동자
모자	👷‍♂	건설 현장 남자 노동자
모자	👷‍♀	건설 현장 여자 노동자
모자	👲	중국 전통 모자를 쓰고 있는 남자
모자	🧑‍🎄	산타
모자	👒	여성용 모자
모자	🎓	졸업 모자
모자	⛑	흰 십자가가 있는 헬멧
모잠비크	🇲🇿	깃발: 모잠비크
모점	、	모점
모터	🛵	스쿠터
모터보트	🛥	모터보트
모터사이클	🏍	오토바이
모텔	🏩	모텔
모히토	🍋‍🟩	라임
목격자	👁‍🗨	말풍선 속 눈
목공톱	🪚	목공 톱
목관악기	🪈	플루트
목도리	🧣	스카프
목마	🎠	회전 목마
목발	🩼	목발
목수	🪚	목공 톱
목욕	🧖	사우나 하는 사람
목욕	🧖‍♂	사우나 하는 남자
목욕	🧖‍♀	사우나 하는 여자
목욕	🛀	목욕하는 사람
목욕	🛁	욕조
목욕	🧼	비누
목욕탕	♨	온천
목욕하는사람	🛀	목욕하는 사람
목재	🪾	잎이 없는 나무
목재	🪵	목재
목재	🪚	목공 톱
목표	🎯	과녁 명중
몬스터	☠	해골과 뼈다귀
몬스터	💩	똥
몬스터	👹	도깨비 가면
몬스터	👺	코주부 도깨비 가면
몬스터	👽	외계인
몬스터	👾	에일리언
몬스터	🤖	로봇 얼굴
몬스터	🧌	트롤
몬테네그로	🇲🇪	깃발: 몬테네그로
몬트세라트	🇲🇸	깃발: 몬트세라트
몰도바	🇲🇩	깃발: 몰도바
몰디브	🇲🇻	깃발: 몰디브
몰라	😕	혼란스러워하는 얼굴
몰라	🫴	손바닥을 위로 향한 손
몰라	🤷‍♂	어깨를 으쓱하는 남자
몰라	🤷‍♀	어깨를 으쓱하는 여자
몰래보는	🫣	한쪽 눈을 가리고 훔쳐보는 얼굴
몰래하기	🥷	닌자
몰타	🇲🇹	깃발: 몰타
몸	💀	해골
몸	💪	알통
몸	👂	귀
몸	👃	코
몸	👀	왕눈이 눈알
몸	👁	눈
몸	👅	혀
몸	👄	입
몸조심하세요	🤧	재채기하는 얼굴
못난아기오리	🦢	백조
못마땅한	🤨	눈썹을 치켜올린 얼굴
몽골	🇲🇳	깃발: 몽골
몽골투그릭	₮	몽골 투그릭
몽상	💭	생각 풍선
뫼비우스	♾	무한
묘기	🤹	저글링하는 사람
묘기	🤹‍♂	저글링하는 남자
묘비	🪦	묘비
묘석	🪦	묘비
묘지	🪦	묘비
무	🫜	뿌리채소
무거운	🪨	바위
무공훈장	🎖	무공 훈장
무관심	🤷	어깨를 으쓱하는 사람
무관심	🤷‍♂	어깨를 으쓱하는 남자
무관심	🤷‍♀	어깨를 으쓱하는 여자
무궁화	🌺	무궁화
무기	🔪	식칼
무기	🏺	암포라
무기	🔫	물총
무기	🗡	단검
무기	⚔	쌍검
무기	🪃	부메랑
무기	🏹	활과 화살
무기	🛡	방패
무늬	⬛	큰 검은색 사각형
무늬	⬜	큰 흰색 사각형
무늬	◼	중간 검은색 사각형
무늬	◻	중간 흰색 사각형
무늬	◾	중각 작은 검은색 사각형
무늬	◽	중간 작은 흰색 사각형
무늬	▪	작은 검은색 사각형
무늬	▫	작은 흰색 사각형
무당벌레	🐞	무당벌레
무덤	🪦	묘비
무릎	🦵	한쪽 다리
무릎을꿇은	🧎	무릎을 꿇은 사람
무릎을꿇은	🧎‍♂	무릎을 꿇은 남자
무릎을꿇은	🧎‍♀	무릎을 꿇은 여자
무릎을꿇은	🧎‍➡	무릎을 꿇은 사람: 오른쪽을 향한
무릎을꿇은	🧎‍♀‍➡	무릎을 꿇은 여자: 오른쪽을 향한
무릎을꿇은	🧎‍♂‍➡	무릎을 꿇은 남자: 오른쪽을 향한
무릎을꿇은남자	🧎‍♂	무릎을 꿇은 남자
무릎을꿇은남자	🧎‍♂‍➡	무릎을 꿇은 남자: 오른쪽을 향한
무릎을꿇은사람	🧎	무릎을 꿇은 사람
무릎을꿇은사람	🧎‍➡	무릎을 꿇은 사람: 오른쪽을 향한
무릎을꿇은여자	🧎‍♀	무릎을 꿇은 여자
무릎을꿇은여자	🧎‍♀‍➡	무릎을 꿇은 여자: 오른쪽을 향한
무리	🪿	거위
무비	📽	영화 프로젝터
무서운	🫣	한쪽 눈을 가리고 훔쳐보는 얼굴
무서운	😦	입 벌리고 찌푸린 얼굴
무서운	😧	괴로워하는 얼굴
무서운	😱	공포에 절규하는 얼굴
무서운	👹	도깨비 가면
무서운	🙈	눈을 가리고 있는 원숭이
무선	🛜	무선
무술	🥋	도복
무스	🫎	무스
무슨상관이야	🤷	어깨를 으쓱하는 사람
무슬림	👳	터번을 쓰고 있는 사람
무슬림	👳‍♂	터번을 쓰고 있는 남자
무슬림	👳‍♀	터번을 쓰고 있는 여자
무슬림	🕌	모스크
무슬림	🕋	카바
무슬림	☪	초승달과 별
무시	🤷	어깨를 으쓱하는 사람
무식	🤷	어깨를 으쓱하는 사람
무식	🤷‍♂	어깨를 으쓱하는 남자
무식	🤷‍♀	어깨를 으쓱하는 여자
무신론자	⚛	원자 기호
무아	💗	커지는 하트
무엇이든	🙄	눈을 굴리고 있는 얼굴
무엇이든	🤷‍♂	어깨를 으쓱하는 남자
무엇이든	🤷‍♀	어깨를 으쓱하는 여자
무용수	🧑‍🩰	발레 무용수
무음	🔇	무음
무지	🤷	어깨를 으쓱하는 사람
무지	🤷‍♂	어깨를 으쓱하는 남자
무지	🤷‍♀	어깨를 으쓱하는 여자
무지개	🌈	무지개
무지개	🏳‍🌈	무지개 깃발
무지개깃발	🏳‍🌈	무지개 깃발
무척추동물	🪼	해파리
무표정한	😐	덤덤한 얼굴
무표정한	😑	무표정한 얼굴
무표정한얼굴	😑	무표정한 얼굴
무한	♾	무한
무한대	∞	무한대 기호
무한대기호	∞	무한대 기호
묵	✊	주먹
묵주	📿	묵주
묵주목걸이	📿	묵주
문	🚪	문
문서	📃	안으로 말린 문서
문서	📜	문서
문서	📄	오른쪽 모서리가 접힌 문서
문서	🪪	신분증
문어	🐙	문어
문자	💬	말풍선
문자	🔡	소문자
문자	🔤	라틴어 알파벳
문장	⚜	백합 문장
문장부포	❗	빨간색 느낌표
문장부호	❣	하트 모양 느낌표
문장부호	‼	두 개의 느낌표
문장부호	⁉	느낌표와 물음표
문장부호	❓	빨간색 물음표
문장부호	❔	하얀색 물음표
문장부호	❕	하얀색 느낌표
문장부호	〰	물결 모양 대시
묻다	🪏	삽
물	💦	땀
물	🫗	쏟아져 나오는 액체
물	🥤	빨대와 컵
물	🚿	샤워
물	🚰	음수대
물	🚱	마실 수 없는 물
물	♒	물병자리
물개	🦭	물개
물결	🌊	파도
물결	〰	물결 모양 대시
물결모양	〰	물결 모양 대시
물결모양대시	〰	물결 모양 대시
물결모양오른쪽화살표	↝	물결 모양 오른쪽 화살표
물결모양왼쪽오른쪽화살표	↭	물결 모양 왼쪽 오른쪽 화살표
물결모양왼쪽화살표	↜	물결 모양 왼쪽 화살표
물결표	~	물결표
물결표	〰	물결 모양 대시
물결표시	🌫	안개
물결표연산자	∼	물결표 연산자
물고기	🐟	물고기
물고기	🐠	열대어
물고기	🐡	복어
물고기	🦈	상어
물고기	🎣	낚싯대
물고기	♓	물고기자리
물고기깃발	🎏	물고기 깃발
물고기모양깃발	🎏	물고기 깃발
물고기사냥	🦦	수달
물고기자리	🐟	물고기
물고기자리	♓	물고기자리
물고기장식	🎏	물고기 깃발
물기	🦟	모기
물러나	🫳	손바닥을 아래로 향한 손
물리학자	🧑‍🔬	과학자
물리학자	👨‍🔬	남자 과학자
물리학자	👩‍🔬	여자 과학자
물방울	☔	빗방울이 있는 우산
물방울	💧	물방울
물병	♒	물병자리
물병자리	🏺	암포라
물병자리	♒	물병자리
물뿜는고래	🐳	물 뿜는 고래
물소	🦬	들소
물소	🐃	물소
물속	🫧	거품
물안경	🥽	고글
물에둥둥	🫧	거품
물음	❓	빨간색 물음표
물음	❔	하얀색 물음표
물음표	?	물음표
물음표	¿	거꾸로 된 물음표
물음표	؟	아랍어 물음표
물음표	⁉	느낌표와 물음표
물음표	❓	빨간색 물음표
물음표	❔	하얀색 물음표
물총	🔫	물총
뭉치	🍙	삼각 김밥
뭉크	😱	공포에 절규하는 얼굴
뭐	😳	상기된 얼굴
뭐	😦	입 벌리고 찌푸린 얼굴
뭐	🤌	꼬집는 손가락
뭐든지	😑	무표정한 얼굴
뭐든지	💁	손바닥 꺾은 사람
뭐라구	😲	깜짝 놀란 얼굴
미국	🇺🇸	미국 국기
미국	🗽	자유의 여신상
미국	🏈	미식축구
미국달러	💲	미국 달러
미국돈	💵	달러
미국돈	💲	미국 달러
미국령버진아일랜드	🇻🇮	깃발: 미국령 버진아일랜드
미국령해외제도	🇺🇲	깃발: 미국령 해외 제도
미국이보이는지구	🌎	미대륙이 보이는 지구
미국화폐	💵	달러
미국화폐	💲	미국 달러
미끄러지다	🛝	미끄럼틀
미끄럼틀	🛝	미끄럼틀
미끼	🪤	쥐덫
미니디스크	💽	엠디
미니버스	🚐	미니버스
미대륙	🌎	미대륙이 보이는 지구
미대륙이보이는지구	🌎	미대륙이 보이는 지구
미디어	📝	메모
미디엄	🔉	스피커 소리 작게
미러볼	🪩	미러볼
미로	🌽	옥수수
미리암	🪬	함사
미만	<	미만
미만	≤	이하
미묘한	🙄	눈을 굴리고 있는 얼굴
미분연산자	∇	나블라
미사	📿	묵주
미생물	🦠	미생물
미생물	🧫	페트리 접시
미성년자	🔞	성인용
미소	😀	활짝 웃는 얼굴
미소	😃	눈을 크게 뜨고 웃는 얼굴
미소	😄	미소 짓는 눈으로 활짝 웃는 얼굴
미소	😁	미소 짓는 눈으로 웃는 얼굴
미소	😅	땀 흘리며 웃는 얼굴
미소	🙂	살짝 미소 짓는 얼굴
미소	🙃	거꾸로 된 얼굴
미소	😊	미소 짓는 눈으로 살짝 웃는 얼굴
미소	😇	후광이 비치는 웃는 얼굴
미소	☺	웃는 얼굴
미소	🥲	눈물 흘리며 웃는 얼굴
미소	😋	맛있는 음식을 음미하는 얼굴
미소	😬	찌푸린 얼굴
미소	😮‍💨	날숨 쉬는 얼굴
미소	😵‍💫	현기증 난 얼굴
미소	😎	선글라스 낀 얼굴
미소	😈	머리에 뿔이 달린 웃는 얼굴
미소	😸	미소 짓는 눈으로 활짝 웃는 고양이 얼굴
미소짓는눈으로살짝웃는얼굴	😊	미소 짓는 눈으로 살짝 웃는 얼굴
미소짓는눈으로웃는얼굴	😁	미소 짓는 눈으로 웃는 얼굴
미소짓는눈으로키스하는얼굴	😙	미소 짓는 눈으로 키스하는 얼굴
미소짓는눈으로활짝웃는고양이얼굴	😸	미소 짓는 눈으로 활짝 웃는 고양이 얼굴
미소짓는눈으로활짝웃는얼굴	😄	미소 짓는 눈으로 활짝 웃는 얼굴
미술	👨‍🎨	남자 화가
미술	👩‍🎨	여자 화가
미술	🎨	팔레트
미술도구	🧑‍🎨	화가
미술도구	👨‍🎨	남자 화가
미술도구	👩‍🎨	여자 화가
미스터리	🫆	지문
미스테리한	👤	사람 그림자
미식	🏈	미식축구공
미식축구	🏈	미식축구공
미식축구공	🏈	미식축구공
미얀마	🇲🇲	깃발: 미얀마
미용	💇	헤어컷
미용	💇‍♂	남자 헤어컷
미용	💇‍♀	여자 헤어컷
미용실	💇	헤어컷
미용실	💇‍♂	남자 헤어컷
미용실	💇‍♀	여자 헤어컷
미주	🌎	미대륙이 보이는 지구
미크로네시아	🇫🇲	깃발: 미크로네시아
미트볼	🧆	팔라펠
미트볼	🍝	스파게티
미팅	🤝	악수
민들레	🌼	꽃송이
민망함	😖	당혹한 얼굴
민머리	🦲	대머리
민소매상의	🎽	러닝 셔츠
민속	🧜	인어
민속	🧜‍♂	남자 인어
민속	🧜‍♀	여자 인어
믿기지않음	🫢	눈을 뜨고 손으로 입을 가린 얼굴
믿을수없는	🤨	눈썹을 치켜올린 얼굴
믿을수없는	😮	입벌린 얼굴
밀	₥	밀
밀감	🍊	귤
밀전병에싼요리	🥙	밀전병에 싼 요리
밀치기	🫷	왼쪽으로 밀치는 손
밀치기	🫸	오른쪽으로 밀치는 손
밀크	🥛	우유 한잔
밑면이있는위쪽아래쪽화살표	↨	밑면이 있는 위쪽 아래쪽 화살표
밑줄	_	밑줄
바	|	수직선
바	🍫	초콜렛
바	🍶	사케
바	🍾	코르크가 튀어나오고 있는 병
바	🍷	와인잔
바	🍹	음료수
바	🍺	맥주잔
바	🍻	맥주
바	🏮	일본식 등
바게트	🥖	바게트
바구니	🧺	바구니
바나나	🐵	원숭이 얼굴
바나나	🍌	바나나
바누아투	🇻🇺	깃발: 바누아투
바느질	🧵	실타래
바느질	🪡	바늘
바늘	🧵	실타래
바늘	🪡	바늘
바니걸	👯	토끼 귀를 쓰고 춤추는 사람들
바니걸	👯‍♀	토끼 귀를 쓰고 춤추는 여자들
바다	🌊	파도
바다	🐬	돌고래
바다	🐳	물 뿜는 고래
바다	🏄	서핑하는 사람
바다	🏄‍♂	서핑하는 남자
바다	🐋	고래
바다	🫍	범고래
바다	🦭	물개
바다	🐙	문어
바다	🪸	산호초
바다	🪼	해파리
바다	🚢	선박
바다사자	🦭	물개
바다생물	🧜	인어
바다생물	🧜‍♂	남자 인어
바다생물	🧜‍♀	여자 인어
바다생물	🦈	상어
바다생물	🦐	새우
바닥을구르며웃는얼굴	🤣	바닥을 구르며 웃는 얼굴
바닷가재	🦞	바닷가재
바람	😏	히죽거리는 얼굴
바람	👫	손을 잡고 있는 남녀
바람	🍃	바람에 흔들리는 나뭇잎
바람	🌬	얼굴이 있는 바람
바람부는	🌬	얼굴이 있는 바람
바람에떨어지는잎	🍃	바람에 흔들리는 나뭇잎
바람에흔들리는나뭇잎	🍃	바람에 흔들리는 나뭇잎
바람피는	🫦	입술을 깨물고 있는 입
바레인	🇧🇭	깃발: 바레인
바로전트랙	⏮	이전 트랙 버튼
바베이도스	🇧🇧	깃발: 바베이도스
바벨	🏋	역도 선수
바벨	🏋‍♂	남자 역도 선수
바보	👌	오케이를 표시한 손
바보같은	🪿	거위
바부슈카	🪆	네스팅 인형
바위	✊	주먹
바위	🪨	바위
바이	👋	흔드는 손
바이러스	🦟	모기
바이러스	🦠	미생물
바이섹슈얼	🏳‍🌈	무지개 깃발
바이스	🗜	압축기
바이슨	🦬	들소
바이오하자드	☣	생물학적 위험
바이오해저드	☣	생물학적 위험
바이올린	🎻	바이올린
바이커	🚴‍♀	자전거 타는 여자
바이크	🚴	자전거 타는 사람
바이크	🚴‍♂	자전거 타는 남자
바이크	🚵	산악 자전거 타는 사람
바이크	🚵‍♂	산악 자전거 타는 남자
바이크	🚲	자전거
바이크	🚳	자전거 금지
바이크갱	🚲	자전거
바이킹	🚴‍♀	자전거 타는 여자
바지	👖	바지
바퀴	🛹	스케이트보드
바퀴	🛞	휠
바퀴	☸	진리의 수레바퀴
바퀴벌레	🪳	바퀴벌레
바트	🚈	경전철
바트	🚉	기차역
바트	🚊	트램
바티칸시국	🇻🇦	깃발: 바티칸 시국
바하마	🇧🇸	깃발: 바하마
박물관	🖼	그림 액자
박물관	🎨	팔레트
박수	👏	손뼉
박수치기	👏	손뼉
박수치는손	👏	손뼉
박스	🎁	선물
박자	🪘	긴 북
박쥐	🦇	박쥐
박터트리기	🎊	박 터트리기
박테리아	🦠	미생물
박테리아	🧫	페트리 접시
반가워하는얼굴	🤗	포옹하고 있는 얼굴
반각줄표	–	붙임표
반다나	🧕	머리에 스카프를 두른 여자
반달	🌓	오른쪽 반달
반달	🌗	왼쪽 반달
반달	🌜	그믐달
반대	◀	반대로 버튼
반대로버튼	◀	반대로 버튼
반대방향	🔄	반시계 방향 화살표
반동	🪃	부메랑
반바지	🩳	반바지
반복	🔁	전곡 반복 재생
반복버튼	🔁	전곡 반복 재생
반사	🪞	거울
반사경	🪞	거울
반사체	🪞	거울
반시계방향	🔄	반시계 방향 화살표
반시계방향화살표	🔄	반시계 방향 화살표
반시계방향화살표버튼	🔄	반시계 방향 화살표
반전글머리기호	◘	반전 글머리 기호
반지	💍	반지
반짝	❇	반짝임
반짝거리는	🌟	반짝이는 별
반짝거림	✨	블링블링
반짝반짝	💫	어지러움
반짝반짝	🌟	반짝이는 별
반짝반짝	✨	블링블링
반짝반짝	🪩	미러볼
반짝이는눈으로미소짓는	🤩	반한 얼굴
반짝이는별	🌟	반짝이는 별
반짝이다	🌟	반짝이는 별
반짝임	🌟	반짝이는 별
반짝임	❇	반짝임
반창고	🩹	반창고
반한	🥰	하트와 함께 웃는 얼굴
반한얼굴	🤩	반한 얼굴
받은	📨	받은 편지
받은편지	📨	받은 편지
받은편지함	📥	받은 편지함
발	🦶	한쪽 발
발	👣	발자국
발	🐾	곰발바닥
발	👞	남성용 구두
발견	🔭	망원경
발견	📡	위성 안테나
발구르기	🦶	한쪽 발
발그레	😊	미소 짓는 눈으로 살짝 웃는 얼굴
발그레	😚	눈을 감은 채로 키스하는 얼굴
발랄함	😀	활짝 웃는 얼굴
발레	🧑‍🩰	발레 무용수
발레	🩰	발레 슈즈
발레무용수	🧑‍🩰	발레 무용수
발레슈즈	🥿	플랫 슈즈
발레슈즈	🩰	발레 슈즈
발레타인	🌹	장미꽃
발렌타인	💌	러브레터
발렌타인	💘	화살이 꽂힌 하트
발렌타인초콜렛상자	💝	리본 달린 하트
발리우드	🎥	영화 카메라
발명	💭	생각 풍선
발명가	🧑‍💻	기술 전문가
발명가	👨‍💻	남자 기술 전문가
발명가	👩‍💻	여자 기술 전문가
발목	🦶	한쪽 발
발바닥	👣	발자국
발사	🚀	로켓
발송	📩	보낸 편지
발자국	👣	발자국
발차기	👞	남성용 구두
발차기	👟	운동화
발판사다리	🪜	사다리
발한쪽	🦶	한쪽 발
밝기	🔅	밝기 낮음
밝기낮음	🔅	밝기 낮음
밝기높음	🔆	밝기 높음
밝기버튼	🔆	밝기 높음
밝기조절	🔅	밝기 낮음
밝기조절버튼	🔅	밝기 낮음
밝은	😎	선글라스 낀 얼굴
밝은	🌞	얼굴이 있는 해
밝은	🔆	밝기 높음
밝은파란색	🩵	밝은 파란색 하트
밝은파란색하트	🩵	밝은 파란색 하트
밝음	🌝	얼굴이 있는 보름달
밝음	🔆	밝기 높음
밝음표시	🔆	밝기 높음
밤	💤	졸림
밤	🌰	밤
밤	🌃	밤하늘 별
밤	🌉	밤하늘을 배경으로 하는 다리
밤	🌟	반짝이는 별
밤	🌠	별똥별
밤의다리	🌉	밤하늘을 배경으로 하는 다리
밤하늘별	🌃	밤하늘 별
밤하늘을배경으로하는다리	🌉	밤하늘을 배경으로 하는 다리
밥	🍱	도시락
밥	🍘	주먹밥
밥	🍙	삼각 김밥
밥	🍚	밥
밥공기	🍚	밥
밧줄	🪢	매듭
방글라데시	🇧🇩	깃발: 방글라데시
방글라데시타카	৳	방글라데시 타카
방사능	☢	방사능
방사선	☢	방사능
방전	🪫	배터리 부족
방패	🛡	방패
배	🫃	임신한 남자
배	🫄	임신한 사람
배	🚣‍♀	노젓는 여자
배	🍐	배
배	⚓	닻
배	⛵	돛단배
배	🛶	카누
배	🛳	여객선
배	🚢	선박
배	🔱	삼지창
배가터질듯한	🫃	임신한 남자
배가터질듯한	🫄	임신한 사람
배고픈	😋	맛있는 음식을 음미하는 얼굴
배고픈	😩	지친 얼굴
배고픔	🍗	닭다리
배고픔	🍔	햄버거
배고픔	🍕	피자
배고픔	🍴	포크와 나이프
배관공	🧑‍🔧	정비공
배관공	👨‍🔧	남자 정비공
배관공	👩‍🔧	여자 정비공
배관공	🪠	뚫어뻥
배구	🏐	배구공
배구공	🏐	배구공
배낭	🎒	학교 가방
배너	🎋	소원을 건 나무
배달	🚚	운송 트럭
배드민턴	🏸	배드민턴
배드민턴채	🏸	배드민턴
배럴	🍯	꿀
배부른	😋	맛있는 음식을 음미하는 얼굴
배송	🚚	운송 트럭
배송	📦	소포
배우	👨‍🎤	남자 가수
배우	👩‍🎤	여자 가수
배우	🎭	가면
배지	📛	이름표
배터리	🔋	배터리
배터리	🪫	배터리 부족
배터리부족	🪫	배터리 부족
배터리없음	🪫	배터리 부족
배터리충전	🔋	배터리
배트	🏏	크리켓
배트맨	🦸	히로인
백	👜	핸드백
백곰	🐻‍❄	북극곰
백만	💸	날개 달린 돈
백만장자	💲	미국 달러
백발	🦳	백발
백발	🧑‍🦳	사람: 백발
백발	👨‍🦳	남자: 백발
백발	👩‍🦳	여자: 백발
백분율	%	백분율
백신	💉	주사기
백점	💯	백점
백조	🦢	백조
백합	⚜	백합 문장
백합문장	⚜	백합 문장
백화점	🏬	백화점
밴	🚐	미니버스
밴드	🪈	플루트
밴드	🩹	반창고
밴조	🪕	밴조
뱀	🐍	뱀
뱀	⛎	뱀주인자리
뱀주인자리	🐍	뱀
뱀주인자리	⛎	뱀주인자리
뱀파이어	🧛	뱀파이어
뱀파이어	🧛‍♂	남자 뱀파이어
뱀파이어	🧛‍♀	여자 뱀파이어
뱀파이어	🦇	박쥐
뱀파이어	⚰	관
뱅	!	느낌표
뱅	¡	거꾸로 된 느낌표
뱅뱅	‼	두 개의 느낌표
뱅크	🏦	은행
버거	🥬	녹색 채소
버거	🍔	햄버거
버니	🐰	토끼 얼굴
버니	🐇	토끼
버디	🏌	골프치는 사람
버디	🏌‍♂	골프치는 남자
버디	🏸	배드민턴
버리토	🌯	부리또
버뮤다	🇧🇲	깃발: 버뮤다
버블	🗯	화난 표현의 오른쪽 말풍선
버블	💭	생각 풍선
버블	🧋	버블티
버블	🫧	거품
버블티	🧋	버블티
버섯	🍄	버섯
버섯	🍄‍🟫	갈색 양송이 버섯
버스	🚋	트램 차량
버스	🚌	버스
버스	🚍	오고 있는 버스
버스	🚎	트롤리 버스
버스	🚐	미니버스
버스	🚏	버스 정류장
버스정류장	🚏	버스 정류장
버킷	🪣	양동이
버킹엄궁전	💂	근위병
버킹엄궁전	💂‍♂	남자 근위병
버킹엄궁전	💂‍♀	여자 근위병
버터	🧈	버터
버터컵	🌼	꽃송이
버튼	🅰	에이형
버튼	🆎	에이비형
버튼	🅱	비형
버튼	🆒	쿨
버튼	🆓	프리
버튼	🆔	아이디
버튼	🆖	엔지
버튼	🆗	오케이
버튼	🅿	주차 표시
버튼	🆘	에스오에스
버튼	🆙	위로 버튼
버튼	🆚	대
버튼	🔘	라디오 버튼
버튼	🔳	테두리가 하얀 사각 버튼
버튼	🔲	테두리가 검은 사각 버튼
버팔로	🐃	물소
번개	⛈	번개가 치는 비구름
번개	🌩	번개구름
번개	⚡	고압 주의
번개가치는비구름	⛈	번개가 치는 비구름
번개구름	🌩	번개구름
번쩍	🎇	불꽃
벌	🐝	꿀벌
벌꿀오소리	🦡	오소리
벌레	🐛	송충이
벌레	🐜	개미
벌레	🪲	딱정벌레
벌레	🐞	무당벌레
벌레	🦗	귀뚜라미
벌레	🪳	바퀴벌레
벌레	🕷	거미
벌레	🦟	모기
벌레	🪱	지렁이
벌린	😆	눈웃음짓는 얼굴
벌린	😅	땀 흘리며 웃는 얼굴
벌린	😦	입 벌리고 찌푸린 얼굴
벌린	😺	활짝 웃는 고양이 얼굴
벌린	👐	양손을 모아서 벌린 모양
벌칸식인사	🖖	벌칸식 인사
벌컨	🖖	벌칸식 인사
벌컨인사	🖖	벌칸식 인사
범고래	🫍	범고래
범블비	🐝	꿀벌
범생이	🤓	모범생 얼굴
범선	⛵	돛단배
범죄	🫆	지문
범죄자	🦹	슈퍼 악당
범죄자	🦹‍♂	남자 슈퍼 악당
범죄자	🦹‍♀	여자 슈퍼 악당
법	👮‍♂	남자 경찰관
법	👮‍♀	여자 경찰관
법률	👮	경찰관
법률	👮‍♂	남자 경찰관
법률	👮‍♀	여자 경찰관
법조인	🧑‍⚖	판사
법조인	👨‍⚖	남자 판사
법조인	👩‍⚖	여자 판사
벗겨진머리	🦲	대머리
벚꽃	🌸	벚꽃
벚꽃놀이	🌸	벚꽃
베냉	🇧🇯	깃발: 베냉
베네수엘라	🇻🇪	깃발: 베네수엘라
베리	🍓	딸기
베리	🫐	블루베리
베스트프렌드	👯	토끼 귀를 쓰고 춤추는 사람들
베스트프렌드	👯‍♀	토끼 귀를 쓰고 춤추는 여자들
베스트프렌드	👭	손을 잡고 있는 두 명의 여자
베이글	🥯	베이글
베이커리	🥯	베이글
베이커리	🧁	컵케이크
베이컨	🐷	돼지 얼굴
베이컨	🐖	돼지
베이컨	🥓	베이컨
베일	👰‍♂	면사포를 쓴 남자
베일	👰‍♀	면사포를 쓴 여자
베일을쓴남자	👰‍♂	면사포를 쓴 남자
베일을쓴여자	👰‍♀	면사포를 쓴 여자
베트남	🪷	연꽃
베트남	🇻🇳	깃발: 베트남
베트남동	₫	베트남 동
베프	👯	토끼 귀를 쓰고 춤추는 사람들
베프	👯‍♀	토끼 귀를 쓰고 춤추는 여자들
벡터의외적	⨯	벡터의 외적
벤또	🍱	도시락
벤치프레스	💪	알통
벨	🛎	호출 벨
벨	🔔	종
벨	🔕	음소거
벨기에	🇧🇪	깃발: 벨기에
벨라루스	🇧🇾	깃발: 벨라루스
벨리즈	🇧🇿	깃발: 벨리즈
벨몬트스테이크	🐎	말
벼	🌾	벼
벼락	⚡	고압 주의
벼슬관	🈺	벼슬 관
벼이삭	🌾	벼
벼이삭	🎑	달맞이
벽	🧱	벽돌
벽걸이달력	🗓	스프링 달력
벽난로	🕰	벽난로 선반 시계
벽난로선반시계	🕰	벽난로 선반 시계
벽돌	🧱	벽돌
변기	🚽	변기
변기	🪠	뚫어뻥
변장	🥸	변장한 얼굴
변장한얼굴	🥸	변장한 얼굴
변화	🐦‍🔥	불사조
별	💫	어지러움
별	🌃	밤하늘 별
별	⭐	별
별	🌟	반짝이는 별
별	🌠	별똥별
별	✨	블링블링
별	✡	다윗의 별
별	☪	초승달과 별
별	🔯	육각 별
별	♈	양자리
별	♉	황소자리
별	♊	쌍둥이 자리
별	♌	사자자리
별	♍	처녀자리
별	♎	천칭자리
별	♏	전갈자리
별	♐	사수자리
별	♑	염소자리
별	♒	물병자리
별	♓	물고기자리
별	✴	팔각 별
별과다리	🌉	밤하늘을 배경으로 하는 다리
별눈	🤩	반한 얼굴
별똥별	💫	어지러움
별똥별	🌠	별똥별
별로	🫤	입이 한쪽으로 올라간 얼굴
별모양의눈	🤩	반한 얼굴
별연산자	⋆	별 연산자
별자리	👬	손을 잡고 있는 두 명의 남자
별자리	🐂	소
별자리	🐏	숫양
별자리	🐐	염소
별자리	🐍	뱀
별자리	🐟	물고기
별자리	🦀	꽃게
별자리	🦂	전갈
별자리	🏺	암포라
별자리	🏹	활과 화살
별자리	⚖	접시저울
별자리	♈	양자리
별자리	♉	황소자리
별자리	♊	쌍둥이 자리
별자리	♋	게자리
별자리	♌	사자자리
별자리	♍	처녀자리
별자리	♎	천칭자리
별자리	♏	전갈자리
별자리	♐	사수자리
별자리	♑	염소자리
별자리	♒	물병자리
별자리	♓	물고기자리
별자리	⛎	뱀주인자리
별점	♈	양자리
별점	♉	황소자리
별점	♊	쌍둥이 자리
별점	♋	게자리
별점	♌	사자자리
별점	♍	처녀자리
별점	♎	천칭자리
별점	♏	전갈자리
별점	♓	물고기자리
별표	*	별표
별표	✳	여덟 갈래 별표
별표연산자	∗	별표 연산자
병	🤒	체온계를 물고 있는 얼굴
병	🍼	젖병
병	🍶	사케
병	🍾	코르크가 튀어나오고 있는 병
병	🫙	작은 병
병과술잔	🍶	사케
병균	😷	마스크 낀 얼굴
병균	🦟	모기
병아리	🐣	알에서 깬 병아리
병아리	🐤	병아리
병아리	🐥	정면을 향해 날개를 편 병아리
병아리콩	🧆	팔라펠
병원	🏥	병원
병원	💉	주사기
보	✋	손바닥
보관	🫙	작은 병
보관함	🛅	화물 서비스
보기	👀	왕눈이 눈알
보낸이메일	📩	보낸 편지
보낸편지	📩	보낸 편지
보낸편지함	📤	보낸 편지함
보냄	📩	보낸 편지
보는사람을가리키는검지	🫵	보는 사람을 가리키는 검지
보다	🙈	눈을 가리고 있는 원숭이
보도	🚸	어린이 보호 구역
보드	🛹	스케이트보드
보디빌더	💪	알통
보디빌더	🏋	역도 선수
보디빌더	🏋‍♂	남자 역도 선수
보라색	🪻	히아신스
보라색	🟣	보라색 원
보라색	🟪	보라색 사각형
보라색사각형	🟪	보라색 사각형
보라색원	🟣	보라색 원
보라색하트	💟	하트 장식
보라색하트	💜	보라색 하트
보름달	🌕	보름달
보모	👩‍🍼	수유 중인 여자
보모	🧑‍🍼	수유 중인 사람
보물	🪙	동전
보물상자	🪎	보물 상자
보물섬	🏴‍☠	해적 깃발
보물열쇠	🗝	오래된 열쇠
보바	🧋	버블티
보석	💎	원석
보석	🪎	보물 상자
보수	👷	건설 노동자
보수	👷‍♂	건설 현장 남자 노동자
보수	👷‍♀	건설 현장 여자 노동자
보스	😏	히죽거리는 얼굴
보스니아헤르체고비나	🇧🇦	깃발: 보스니아 헤르체고비나
보안	🔐	자물쇠와 열쇠
보안	🪪	신분증
보이지않음	🫥	테두리가 점선으로 된 얼굴
보자기	✋	손바닥
보조	🐕‍🦺	보조견
보조	🩼	목발
보조견	🐕‍🦺	보조견
보청기를낀귀	🦻	보청기를 낀 귀
보츠와나	🇧🇼	깃발: 보츠와나
보트	🚣	노젓는 사람
보트	🚣‍♂	노젓는 남자
보트	🚣‍♀	노젓는 여자
보트	🛶	카누
보트	🚤	쾌속정
보트	⛴	페리
보트	🛥	모터보트
보행자	🚶	보행자
보행자	🚶‍♂	걷는 남자
보행자	🚶‍♀	걷는 여자
보행자	🚶‍➡	보행자: 오른쪽을 향한
보행자	🚶‍♀‍➡	걷는 여자: 오른쪽을 향한
보행자	🚶‍♂‍➡	걷는 남자: 오른쪽을 향한
보행자금지	🚷	보행자 금지
보행자용	🚶	보행자
보행자용	🚶‍➡	보행자: 오른쪽을 향한
보행자통행금지	🚷	보행자 금지
보호	🛡	방패
보호	🪬	함사
복귀	◀	반대로 버튼
복숭아	🍑	복숭아
복실복실한	🐩	푸들
복실복실한	🐑	양
복싱	🥊	권투 글러브
복어	🐡	복어
복잡한	😥	실망했지만 안도하는 얼굴
볼	🪩	미러볼
볼리비아	🇧🇴	깃발: 볼리비아
볼링	🎳	볼링
볼링공	🎳	볼링
볼링핀	🎳	볼링
볼수없음	🙈	눈을 가리고 있는 원숭이
볼케이노	🌋	화산
볼트	🔩	볼트와 너트
볼트와너트	🔩	볼트와 너트
볼펜	🖊	펜
봄	🐝	꿀벌
봄	🌸	벚꽃
봄	🪻	히아신스
봉투	✉	봉투
봉투	📨	받은 편지
봉투	📩	보낸 편지
봉합	🪡	바늘
부	🪎	보물 상자
부끄러운	🫠	녹아 내리는 얼굴
부끄러운	🫣	한쪽 눈을 가리고 훔쳐보는 얼굴
부끄러운	🪭	접이식 손 부채
부끄러워	🙈	눈을 가리고 있는 원숭이
부낭	🛟	구명부환
부대	🪖	군용 헬멧
부드러운	🔈	스피커
부등	≠	같지 않음
부등	≤	이하
부등	≥	이상
부러운	😐	덤덤한 얼굴
부러운	😑	무표정한 얼굴
부러운	😒	지루해하는 얼굴
부룬디	🇧🇮	깃발: 부룬디
부르는손	🫴	손바닥을 위로 향한 손
부르키나파소	🇧🇫	깃발: 부르키나파소
부리	🐦‍⬛	검은 새
부리또	🌯	부리또
부리또	🥙	밀전병에 싼 요리
부메랑	🪃	부메랑
부모	🧑‍🍼	수유 중인 사람
부베섬	🇧🇻	깃발: 부베섬
부분	§	단락
부분	⊂	부분 집합
부분	〽	부분 교체 기호
부분교체기호	〽	부분 교체 기호
부분집합	⊂	부분 집합
부분집합기호	⊂	부분 집합
부분집합이거나같음	⊆	부분 집합이거나 같음
부상	🤕	머리에 붕대를 감은 얼굴
부서진	⛓‍💥	끊어진 쇠사슬
부엉이	🦉	부엉이
부엌칼	🔪	식칼
부은	🫪	왜곡된 얼굴
부자	🧐	단안경을 쓴 얼굴
부자	🪙	동전
부자	💰	돈주머니
부자	💶	유로
부적	🧿	악마의 눈
부적	🪬	함사
부정	¬	부정
부정	🙂‍↔	도리도리
부정논리곱	|	수직선
부종	🫩	다크서클이 있는 얼굴
부채	🪭	접이식 손 부채
부츠	🥾	등산화
부츠	👢	부츠
부케	💐	꽃다발
부탁	🙇	절하는 사람
부탁	🙇‍♂	절하는 남자
부탁	🙇‍♀	절하는 여자
부탄	🇧🇹	깃발: 부탄
부패	🪰	파리
부푼	🫪	왜곡된 얼굴
부푼	🫃	임신한 남자
부푼	🫄	임신한 사람
부호	‼	두 개의 느낌표
부호	⁉	느낌표와 물음표
부호	❕	하얀색 느낌표
부호	❗	빨간색 느낌표
부활	🐦‍🔥	불사조
북	🥁	드럼
북	🪘	긴 북
북극	🐻‍❄	북극곰
북극곰	🐻‍❄	북극곰
북동쪽	↗	오른쪽 위 화살표
북동쪽이중화살표	⇗	북동쪽 이중 화살표
북마리아나제도	🇲🇵	깃발: 북마리아나제도
북마케도니아	🇲🇰	깃발: 북마케도니아
북마크	📑	북마크 탭
북마크	🔖	북마크
북마크탭	📑	북마크 탭
북서쪽	↖	왼쪽 위 화살표
북서쪽이중화살표	⇖	북서쪽 이중 화살표
북쪽	⬆	위쪽 화살표
북채	🥁	드럼
북한	🇰🇵	깃발: 북한
분노	😤	화내며 씩씩거리는 얼굴
분노	😠	화난 얼굴
분노	🙍	찌푸린 사람
분노	🙎	뾰로통한 사람
분노	🤦	골치 아파하는 사람
분노	🤦‍♂	골치 아파하는 남자
분노	🤦‍♀	골치 아파하는 여자
분류	🗂	카드 색인 파일
분리	🈹	나눌 할
분리대	🚧	공사 중
분수	⛲	분수
분수대	⛲	분수
분수슬래시	⁄	분수 슬래시
분음부호	¨	분음 부호
분재	🪴	분재
분홍색	🩷	분홍색 하트
분홍색	🏳‍⚧	트랜스젠더 깃발
분홍색하트	🩷	분홍색 하트
불	🔥	불
불	💲	미국 달러
불가리아	🇧🇬	깃발: 불가리아
불교	🪷	연꽃
불교	☸	진리의 수레바퀴
불교신자	☸	진리의 수레바퀴
불길한	🐈‍⬛	검은 고양이
불꽃	🔥	불
불꽃	🎇	불꽃
불꽃	🧨	폭죽
불꽃놀이	🎆	불꽃놀이
불꽃놀이	🧨	폭죽
불꽃축제	🎆	불꽃놀이
불꽃축제	🎇	불꽃
불난하트	❤‍🔥	불 난 하트
불만	🙎‍♂	뾰로통한 남자
불만	🙎‍♀	뾰로통한 여자
불사	🐦‍🔥	불사조
불사조	🐦‍🔥	불사조
불새	🐦‍🔥	불사조
불신	🤨	눈썹을 치켜올린 얼굴
불신	🤦	골치 아파하는 사람
불안	🫪	왜곡된 얼굴
불안	🫦	입술을 깨물고 있는 입
불타는사랑	❤‍🔥	불 난 하트
불행	😑	무표정한 얼굴
불행	😒	지루해하는 얼굴
불행	😧	괴로워하는 얼굴
불행	😢	우는 얼굴
불행	😭	엉엉 우는 얼굴
불행	😞	실망한 얼굴
불행	😩	지친 얼굴
불행	😤	화내며 씩씩거리는 얼굴
불행	😠	화난 얼굴
불행	🐈‍⬛	검은 고양이
불행한	😡	뾰로통한 얼굴
불황	📉	내려가는 그래프
붉은살고기	🥩	고깃덩이
붉힌	😳	상기된 얼굴
붉힌열이오른	😳	상기된 얼굴
붓	🖌	붓
붓다	🫗	쏟아져 나오는 액체
붕대	🤕	머리에 붕대를 감은 얼굴
붙임	–	붙임표
붙임표	‐	하이픈
붙임표	–	붙임표
뷰티	💇	헤어컷
뷰티	💇‍♂	남자 헤어컷
뷰티	💇‍♀	여자 헤어컷
뷰티	🪷	연꽃
브라스	🪊	트롬본
브라운	👞	남성용 구두
브라운신발	🥾	등산화
브라질	🇧🇷	깃발: 브라질
브라키오사우루스	🦕	초식 공룡
브러시	🪥	칫솔
브로콜리	🥦	브로콜리
브론즈	🥉	동메달
브론토사우루스	🦕	초식 공룡
브루나이	🇧🇳	깃발: 브루나이
브이에스	🆚	대
브이표시	✌	브이 표시
브이하는손	✌	브이 표시
블라우스	👚	여성복
블랙	🖤	검은색 하트
블랙라지사각형	⬛	큰 검은색 사각형
블랙미디엄사각형	◼	중간 검은색 사각형
블랙서클	⚫	검은색 원
블랙스몰사각형	▪	작은 검은색 사각형
블레이드	🛼	롤러스케이트
블루	👖	바지
블루	🔵	파란 원
블루레이	💿	씨디
블루레이	📀	디비디
블루베리	🫐	블루베리
블루보닛	🪻	히아신스
블루서클	🔵	파란 원
블링블링	✨	블링블링
비	⛈	번개가 치는 비구름
비	🌦	비구름 뒤의 태양
비	🌧	비구름
비	🌂	접힌 우산
비	☂	우산
비	☔	빗방울이 있는 우산
비	⛱	땅에 꽂힌 파라솔
비건	🍄‍🟫	갈색 양송이 버섯
비구름	🌧	비구름
비구름뒤의태양	🌦	비구름 뒤의 태양
비꼬는	💁	손바닥 꺾은 사람
비꼬는	💁‍♂	손바닥 꺾은 남자
비꼬는	💁‍♀	손바닥 꺾은 여자
비꼼	💁	손바닥 꺾은 사람
비난	😨	두려워하는 얼굴
비난	😞	실망한 얼굴
비난	😠	화난 얼굴
비누	🧼	비누
비누	🫧	거품
비누거품	🧼	비누
비누그릇	🧼	비누
비누통	🧼	비누
비둘기	🕊	비둘기
비디오	📻	라디오
비디오	📽	영화 프로젝터
비디오	📺	텔레비전
비디오	📷	카메라
비디오	📸	플래시를 터트리고 있는 카메라
비디오	📹	캠코더
비디오	📼	비디오테이프
비디오게임	🎮	비디오 게임
비디오게임	🕹	조이스틱
비디오카세트	📼	비디오테이프
비디오테이프	📼	비디오테이프
비뚤거리는입	🥴	헤롱헤롱 얼굴
비례	∷	비례
비례함	∝	비례함
비명	😱	공포에 절규하는 얼굴
비밀	🤭	손으로 입을 가린 얼굴
비밀	🤐	지퍼로 입을 잠근 얼굴
비밀	😶	입이 없는 얼굴
비밀	🙈	눈을 가리고 있는 원숭이
비밀	🙉	귀를 막고 있는 원숭이
비밀	🙊	입을 막고 있는 원숭이
비밀	🥷	닌자
비밀	㊙	원 표시된 비밀 표의문자
비밀지켜	🤐	지퍼로 입을 잠근 얼굴
비버	🦫	비버
비상	🚨	사이렌
비석	🪦	묘비
비스크	🦞	바닷가재
비싼	🫰	엄지와 중지를 교차한 손
비어있는	🫗	쏟아져 나오는 액체
비어있는	🫙	작은 병
비어있음	🈳	빌 공
비용	😲	깜짝 놀란 얼굴
비용	😫	피곤한 얼굴
비웃는	🫠	녹아 내리는 얼굴
비율	∶	비율
비즈니스	👨‍💼	남자 회사원
비즈니스	👩‍💼	여자 회사원
비즈니스	🕴	공중에 떠 있는 정장 입은 남자
비즈니스맨	👨‍💼	남자 회사원
비즈니스맨	👩‍💼	여자 회사원
비질	🧹	빗자루
비치샌들	🩴	가락신
비큐나	🦙	라마
비키니	👙	비키니
비타민	💊	알약
비트	🫜	뿌리채소
비트코인	₿	비트코인
비틀	🪲	딱정벌레
비행	🧑‍✈	기장
비행	👨‍✈	남자 기장
비행	👩‍✈	여자 기장
비행	🪶	깃털
비행	🪽	날개
비행	✈	비행기
비행기	✈	비행기
비행기	🛩	경비행기
비행기	🛫	비행기 이륙
비행기	🛬	비행기 착륙
비행기	🛄	짐 찾는 곳
비행기이륙	🛫	비행기 이륙
비행기착륙	🛬	비행기 착륙
비행접시	🛸	비행접시
비형	🅱	비형
빅토리	✌	브이 표시
빅풋	🫈	털복숭이
빈	🫘	콩
빈	🫙	작은 병
빈글머리기호	◦	빈 글머리 기호
빈둥지	🪹	빈 둥지
빈방없음	🈵	찰 만
빈아래쪽화살표	⇩	빈 아래쪽 화살표
빈오른쪽화살표	⇨	빈 오른쪽 화살표
빈왼쪽화살표	⇦	빈 왼쪽 화살표
빈원	○	빈 원
빈원	◯	큰 빈 원
빈위쪽화살표	⇧	빈 위쪽 화살표
빈정대는	🤌	꼬집는 손가락
빈정댐	💁	손바닥 꺾은 사람
빌공	🈳	빌 공
빌께	🙏	기도
빌딩	🏠	집
빌딩	🏢	빌딩
빌딩	🏤	우체국
빌딩	🏥	병원
빌딩	🏦	은행
빌딩	🏨	호텔
빌딩	🏩	모텔
빌딩	🏪	편의점
빌딩	🏫	학교
빌딩	🏬	백화점
빌딩	🏭	공장
빌딩	🏯	일본 성
빌딩	🏰	유럽 성
빌딩	⛪	교회
빌딩	🌆	도시 야경
빌딩	🌇	일몰
빌런	🦹	슈퍼 악당
빌런	🦹‍♂	남자 슈퍼 악당
빌런	🦹‍♀	여자 슈퍼 악당
빌축	㊗	원 안의 축하 표의문자
빗	🪮	머리 빗
빗금	/	슬래시
빗방울이떨어지는우산	☔	빗방울이 있는 우산
빗방울이있는우산	☔	빗방울이 있는 우산
빗자루	🧹	빗자루
빙글빙글	💞	회전하는 하트
빙산	🧊	얼음
빛	🚦	세로 신호등
빛	🧨	폭죽
빛	🕯	양초
빛	💡	전구
빛	🔦	손전등
빛	🏮	일본식 등
빛	🔆	밝기 높음
빛나는	🌟	반짝이는 별
빛나는	💍	반지
빛나는하트	💖	빛나는 하트
빠른	💨	달려나감
빠른	👟	운동화
빠몽야	🫔	타말레
빠에야	🥘	납작한 냄비
빤히쳐다보기	🫣	한쪽 눈을 가리고 훔쳐보는 얼굴
빨간	🫀	심장
빨간	🍎	빨간 사과
빨간고추	🌶	홍고추
빨간머리	🦰	빨간 머리
빨간머리	🧑‍🦰	사람: 빨간 머리
빨간머리	👨‍🦰	남자: 빨간 머리
빨간머리	👩‍🦰	여자: 빨간 머리
빨간벽돌	🧱	벽돌
빨간봉투	🧧	세뱃돈
빨간사과	🍎	빨간 사과
빨간색	🀄	마작
빨간색	🔴	빨간 원
빨간색	🟥	빨간색 사각형
빨간색	🔺	빨간색 위쪽 삼각형
빨간색	🔻	빨간색 아래쪽 삼각형
빨간색느낌표	❗	빨간색 느낌표
빨간색물음표	❓	빨간색 물음표
빨간색사각형	🟥	빨간색 사각형
빨간색아래쪽삼각형	🔻	빨간색 아래쪽 삼각형
빨간색위쪽삼각형	🔺	빨간색 위쪽 삼각형
빨간색정답동그라미	⭕	빨간색 정답 동그라미
빨간색하트	❤	빨간색 하트
빨간원	🔴	빨간 원
빨강	🔴	빨간 원
빨강	🔺	빨간색 위쪽 삼각형
빨강	🔻	빨간색 아래쪽 삼각형
빨개진	🥵	더운 얼굴
빨대와컵	🥤	빨대와 컵
빨래바구니	🧺	바구니
빨리	🏃	뛰는 사람
빨리	🏃‍♂	뛰는 남자
빨리	🏃‍♀	뛰는 여자
빨리	🏃‍➡	뛰는 사람: 오른쪽을 향한
빨리	🏃‍♀‍➡	뛰는 여자: 오른쪽을 향한
빨리	🏃‍♂‍➡	뛰는 남자: 오른쪽을 향한
빨리감기	⏩	빨리 감기 버튼
빨리감기버튼	⏩	빨리 감기 버튼
빨리내리기버튼	⏬	빨리 내리기 버튼
빨리되감기버튼	⏪	되감기 버튼
빨리올리기버튼	⏫	빨리 올리기 버튼
빨아들이기	🪠	뚫어뻥
빵	🍞	빵
빵	🥐	크루아상
빵	🥖	바게트
빵	🫓	플랫브레드
빵	🥯	베이글
빵	🥪	샌드위치
빵터짐	🤣	바닥을 구르며 웃는 얼굴
빼기	−	빼기 표시
빼기	➖	빼기
빼기더하기	∓	빼기 더하기
빼기표시	−	빼기 표시
빼기표시	➖	빼기
빼다	−	빼기 표시
뻗다	🫱	오른쪽으로 향하는 손등
뻗다	🫲	왼쪽으로 향하는 손바닥
뼈	☠	해골과 뼈다귀
뼈	🦴	뼈다귀
뼈	🍖	고기
뼈	🍗	닭다리
뼈	🩻	엑스레이
뼈다귀	☠	해골과 뼈다귀
뼈다귀	🦴	뼈다귀
뽀뽀	😍	하트 눈 얼굴
뽀뽀	😘	키스를 보내는 얼굴
뽀뽀	😗	키스하는 얼굴
뽀뽀	😚	눈을 감은 채로 키스하는 얼굴
뽀뽀	😙	미소 짓는 눈으로 키스하는 얼굴
뽀뽀	😽	키스하는 고양이 얼굴
뽀뽀	💖	빛나는 하트
뽀뽀	💗	커지는 하트
뽀뽀	💕	하트 두 개
뽀뽀	💋	입술
뽀뽀	🫦	입술을 깨물고 있는 입
뽐내는	🦚	공작
뾰로통	🙎‍♂	뾰로통한 남자
뾰로통	🙎‍♀	뾰로통한 여자
뾰로통한	🙎	뾰로통한 사람
뾰로통한고양이얼굴	😾	뾰로통한 고양이 얼굴
뾰로통한남자	🙎‍♂	뾰로통한 남자
뾰로통한사람	🙎	뾰로통한 사람
뾰로통한얼굴	😡	뾰로통한 얼굴
뾰로통한여자	🙎‍♀	뾰로통한 여자
뾰로통함	😡	뾰로통한 얼굴
뾰족뾰족	🦔	고슴도치
뿅뿅	💖	빛나는 하트
뿌루퉁	🙎‍♂	뾰로통한 남자
뿌루퉁	🙎‍♀	뾰로통한 여자
뿌리	🫚	생강 뿌리
뿌리	🫜	뿌리채소
뿌리채소	🫜	뿌리채소
뿔	😈	머리에 뿔이 달린 웃는 얼굴
뿔	🤘	뿔 모양 손짓
뿔모양손짓	🤘	뿔 모양 손짓
삐삐	📟	삐삐
삐용삐용	🚨	사이렌
삐질삐질	💦	땀
사	🈂	일본어 "봉사료" 버튼
사	4⃣	키 캡: 4
사각형	⏹	정지 버튼
사각형	🟥	빨간색 사각형
사각형	🟧	오렌지색 사각형
사각형	🟨	노란색 사각형
사각형	🟩	녹색 사각형
사각형	🟦	파란색 사각형
사각형	🟪	보라색 사각형
사각형	🟫	갈색 사각형
사각형	⬛	큰 검은색 사각형
사각형	⬜	큰 흰색 사각형
사각형	◼	중간 검은색 사각형
사각형	◻	중간 흰색 사각형
사각형	◾	중각 작은 검은색 사각형
사각형	◽	중간 작은 흰색 사각형
사각형	▪	작은 검은색 사각형
사각형	▫	작은 흰색 사각형
사각형	🔳	테두리가 하얀 사각 버튼
사각형	🔲	테두리가 검은 사각 버튼
사각형안의더하기	⊞	사각형 안의 더하기
사각형안의빼기	⊟	사각형 안의 빼기
사고	🫗	쏟아져 나오는 액체
사과	🙇	절하는 사람
사과	🙇‍♂	절하는 남자
사과	🙇‍♀	절하는 여자
사과	🍎	빨간 사과
사과	🍏	초록 사과
사다리	🪜	사다리
사라짐	🫥	테두리가 점선으로 된 얼굴
사람	🥸	변장한 얼굴
사람	🧑	사람
사람	👱	금발인 사람
사람	🧔	수염 난 사람
사람	🙍	찌푸린 사람
사람	🥷	닌자
사람	👷	건설 노동자
사람	👰	면사포를 쓴 사람
사람	👩‍🍼	수유 중인 여자
사람	🧑‍🍼	수유 중인 사람
사람	🧑‍🎄	산타
사람	🦹	슈퍼 악당
사람	🤹	저글링하는 사람
사람	🧑‍🤝‍🧑	손을 잡고 있는 두 명의 사람
사람	👤	사람 그림자
사람	🧑‍🦰	사람: 빨간 머리
사람	🧑‍🦱	사람: 곱슬머리
사람	🧑‍🦳	사람: 백발
사람	🧑‍🦲	사람: 대머리
사람그림자	👤	사람 그림자
사람들	👥	사람들 그림자
사람들	👪	가족
사람들	👨‍👩‍👦	가족: 남자 여자 남자 아이
사람들	👨‍👩‍👧	가족: 남자 여자 여자 아이
사람들	👨‍👩‍👧‍👦	가족: 남자 여자 여자 아이 남자 아이
사람들	👨‍👩‍👦‍👦	가족: 남자 여자 남자 아이 남자 아이
사람들	👨‍👩‍👧‍👧	가족: 남자 여자 여자 아이 여자 아이
사람들	👨‍👨‍👦	가족: 남자 남자 남자 아이
사람들	👨‍👨‍👧	가족: 남자 남자 여자 아이
사람들	👨‍👨‍👧‍👦	가족: 남자 남자 여자 아이 남자 아이
사람들	👨‍👨‍👦‍👦	가족: 남자 남자 남자 아이 남자 아이
사람들	👨‍👨‍👧‍👧	가족: 남자 남자 여자 아이 여자 아이
사람들	👩‍👩‍👦	가족: 여자 여자 남자 아이
사람들	👩‍👩‍👧	가족: 여자 여자 여자 아이
사람들	👩‍👩‍👧‍👦	가족: 여자 여자 여자 아이 남자 아이
사람들	👩‍👩‍👦‍👦	가족: 여자 여자 남자 아이 남자 아이
사람들	👩‍👩‍👧‍👧	가족: 여자 여자 여자 아이 여자 아이
사람들	👨‍👦	가족: 남자 남자 아이
사람들	👨‍👦‍👦	가족: 남자 남자 아이 남자 아이
사람들	👨‍👧	가족: 남자 여자 아이
사람들	👨‍👧‍👦	가족: 남자 여자 아이 남자 아이
사람들	👨‍👧‍👧	가족: 남자 여자 아이 여자 아이
사람들	👩‍👦	가족: 여자 남자 아이
사람들	👩‍👦‍👦	가족: 여자 남자 아이 남자 아이
사람들	👩‍👧	가족: 여자 여자 아이
사람들	👩‍👧‍👦	가족: 여자 여자 아이 남자 아이
사람들	👩‍👧‍👧	가족: 여자 여자 아이 여자 아이
사람들그림자	👥	사람들 그림자
사랑	❤️	빨간 하트
사랑	💕	두 개의 하트
사랑	🥰	사랑에 빠진 얼굴
사랑	😍	하트 눈 얼굴
사랑	😘	키스를 보내는 얼굴
사랑	😗	키스하는 얼굴
사랑	😙	미소 짓는 눈으로 키스하는 얼굴
사랑	😻	하트 눈 고양이 얼굴
사랑	💘	화살이 꽂힌 하트
사랑	💝	리본 달린 하트
사랑	💖	빛나는 하트
사랑	💗	커지는 하트
사랑	💓	두근거리는 하트
사랑	💞	회전하는 하트
사랑	❤‍🔥	불 난 하트
사랑	❤	빨간색 하트
사랑	💛	노란색 하트
사랑	💚	초록색 하트
사랑	💙	파란색 하트
사랑	💜	보라색 하트
사랑	🫰	엄지와 중지를 교차한 손
사랑	🫶	손 하트
사랑	👩‍🍼	수유 중인 여자
사랑	👨‍🍼	수유 중인 남자
사랑	💏	키스
사랑	💑	연인
사랑	🫂	포옹하는 사람
사랑	💐	꽃다발
사랑	🌹	장미꽃
사랑	🪉	하프
사랑	👩‍❤‍💋‍👨	키스: 여자 남자
사랑	👨‍❤‍💋‍👨	키스: 남자 남자
사랑	👩‍❤‍💋‍👩	키스: 여자 여자
사랑	👩‍❤‍👨	연인: 여자 남자
사랑	👨‍❤‍👨	연인: 남자 남자
사랑	👩‍❤‍👩	연인: 여자 여자
사랑고백	💌	러브레터
사랑스러운	🐶	강아지 얼굴
사랑스러움	😘	키스를 보내는 얼굴
사랑스러움	💘	화살이 꽂힌 하트
사랑스러움	💞	회전하는 하트
사랑에빠진	🥰	하트와 함께 웃는 얼굴
사랑에빠진	👬	손을 잡고 있는 두 명의 남자
사랑에빠진고양이	😻	하트 눈 고양이 얼굴
사랑에빠진얼굴	🥰	하트와 함께 웃는 얼굴
사랑을표시하는손	🤟	사랑을 표시하는 손
사랑의기쁨	💖	빛나는 하트
사랑제스처	🤟	사랑을 표시하는 손
사랑하는	🥰	하트와 함께 웃는 얼굴
사랑하는	💕	하트 두 개
사랑하는	👫	손을 잡고 있는 남녀
사랑하는사람	😘	키스를 보내는 얼굴
사랑해	🥰	하트와 함께 웃는 얼굴
사랑해	😍	하트 눈 얼굴
사랑해	😗	키스하는 얼굴
사랑해	😚	눈을 감은 채로 키스하는 얼굴
사랑해	💘	화살이 꽂힌 하트
사랑해	💝	리본 달린 하트
사랑해	💖	빛나는 하트
사랑해	💗	커지는 하트
사랑해	💓	두근거리는 하트
사랑해	💕	하트 두 개
사랑해	🩷	분홍색 하트
사랑해	💛	노란색 하트
사랑해	💚	초록색 하트
사랑해	💙	파란색 하트
사랑해	💜	보라색 하트
사랑해	🤟	사랑을 표시하는 손
사랑해	🫶	손 하트
사리	🥻	사리
사막	🐪	낙타
사막	🌵	선인장
사막	🏜	사막
사막	🏝	사막 섬
사막섬	🏝	사막 섬
사모아	🇼🇸	깃발: 사모아
사무실	👩‍💼	여자 회사원
사무실	🏢	빌딩
사무실	💻	노트북
사무실	💼	서류 가방
사무직	🧑‍💼	회사원
사무직	👨‍💼	남자 회사원
사생활	🔏	자물쇠와 펜
사선	/	슬래시
사선이있는오른쪽이중화살표	⇏	사선이 있는 오른쪽 이중 화살표
사선이있는오른쪽화살표	↛	사선이 있는 오른쪽 화살표
사선이있는왼쪽오른쪽화살표	↮	사선이 있는 왼쪽 오른쪽 화살표
사선이있는왼쪽이중화살표	⇍	사선이 있는 왼쪽 이중 화살표
사선이있는왼쪽화살표	↚	사선이 있는 왼쪽 화살표
사수	♐	사수자리
사수자리	🏹	활과 화살
사수자리	♐	사수자리
사스콰치	🫈	털복숭이
사슬	⛓‍💥	끊어진 쇠사슬
사슬	⛓	쇠사슬
사슴	🦌	사슴
사악한	🖤	검은색 하트
사업	👩‍💼	여자 회사원
사우나	🧖	사우나 하는 사람
사우나	🧖‍♂	사우나 하는 남자
사우나	🧖‍♀	사우나 하는 여자
사우나	♨	온천
사우나하는남자	🧖‍♂	사우나 하는 남자
사우나하는사람	🧖	사우나 하는 사람
사우나하는여자	🧖‍♀	사우나 하는 여자
사우디아라비아	🇸🇦	깃발: 사우디아라비아
사우스조지아사우스샌드위치제도	🇬🇸	깃발: 사우스조지아 사우스샌드위치 제도
사원	🕌	모스크
사원	🛕	힌두교 사원
사원	🕍	시나고그
사원	🛐	예배공간
사이	≬	사이
사이렌	🚨	사이렌
사이클	🚴	자전거 타는 사람
사이클	🚴‍♂	자전거 타는 남자
사이클론	🌀	태풍
사이클리스트	🚴	자전거 타는 사람
사이클리스트	🚴‍♂	자전거 타는 남자
사이클리스트	🚴‍♀	자전거 타는 여자
사이클리스트	🚵	산악 자전거 타는 사람
사이클리스트	🚵‍♂	산악 자전거 타는 남자
사이클리스트	🚵‍♀	산악 자전거 타는 여자
사이클링	🚵‍♀	산악 자전거 타는 여자
사이클링	🚲	자전거
사인	🪧	플래카드
사자	🦁	사자 얼굴
사자	♌	사자자리
사자얼굴	🦁	사자 얼굴
사자자리	🦁	사자 얼굴
사자자리	♌	사자자리
사적인	🔒	자물쇠
사진	🤳	셀카
사진	📷	카메라
사진촬영	📷	카메라
사커	⚽	축구공
사케	🍶	사케
사크	🇨🇶	깃발: 사크
사탕	🍬	사탕
사탕	🍭	롤리팝
사탕	🪅	피냐타
사태	🛘	산사태
사파리	🦁	사자 얼굴
사회자마이크	🎙	스튜디오 마이크
삭	🌑	삭
삭	🌚	얼굴이 있는 삭
산	🧗	클라이밍하는 사람
산	🧗‍♂	클라이밍하는 남자
산	🧗‍♀	클라이밍하는 여자
산	🚵	산악 자전거 타는 사람
산	🚵‍♂	산악 자전거 타는 남자
산	🚵‍♀	산악 자전거 타는 여자
산	🏔	눈 덮인 산
산	⛰	산
산	🛘	산사태
산	🌋	화산
산	🗻	후지산
산	🌄	산에서 떠오르는 해
산	🚞	기차 터널
산	🚠	산악 케이블카
산마리노	🇸🇲	깃발: 산마리노
산사태	🛘	산사태
산악자전거	🚵‍♂	산악 자전거 타는 남자
산악자전거	🚵‍♀	산악 자전거 타는 여자
산악자전거주행	🚵	산악 자전거 타는 사람
산악자전거타는남자	🚵‍♂	산악 자전거 타는 남자
산악자전거타는사람	🚵	산악 자전거 타는 사람
산악자전거타는여자	🚵‍♀	산악 자전거 타는 여자
산악철도	🚞	기차 터널
산악케이블카	🚠	산악 케이블카
산악케이블카	🚡	케이블카
산업	👨‍🏭	공장 남자 직원
산업	👩‍🏭	공장 여자 직원
산에서떠오르는해	🌄	산에서 떠오르는 해
산에해가뜸	🌄	산에서 떠오르는 해
산정상	⛰	산
산책	🚶	보행자
산책	🚶‍♂	걷는 남자
산책	🚶‍♀	걷는 여자
산책	🚶‍➡	보행자: 오른쪽을 향한
산책	🚶‍♀‍➡	걷는 여자: 오른쪽을 향한
산책	🚶‍♂‍➡	걷는 남자: 오른쪽을 향한
산타	🎅	산타클로스
산타	🤶	산타할머니
산타	🧑‍🎄	산타
산타클로스	🎅	산타클로스
산타클로스	🤶	산타할머니
산타클로스	🧑‍🎄	산타
산타할머니	🤶	산타할머니
산타할아버지	🎅	산타클로스
산터널	🚞	기차 터널
산호	🪸	산호초
산호초	🪸	산호초
살롱	💆	마사지 받는 사람
살롱	💆‍♂	마사지 받는 남자
살롱	💆‍♀	마사지 받는 여자
살사	💃	여자 댄서
살사	🕺	남자 댄서
살사	🍋‍🟩	라임
살짝미소짓는얼굴	🙂	살짝 미소 짓는 얼굴
살짝찡그린얼굴	🙁	살짝 찡그린 얼굴
삶	☯	음양
삶은고구마	🍠	고구마
삼	3⃣	키 캡: 3
삼가고인의명복을빕니다	🪦	묘비
삼각김밥	🍙	삼각 김밥
삼각수영복	🩲	삼각 수영복
삼각자	📐	삼각자
삼각형	▲	검은색 위쪽 삼각형
삼각형	▼	검은색 아래쪽 삼각형
삼각형	📐	삼각자
삼각형	▶	재생 버튼
삼각형	⏭	다음 트랙 버튼
삼각형	⏯	재생 또는 일시 정지 버튼
삼각형	◀	반대로 버튼
삼각형	⏮	이전 트랙 버튼
삼각형	🔼	올리기 버튼
삼각형	🔽	내리기 버튼
삼각형	🔺	빨간색 위쪽 삼각형
삼각형	🔻	빨간색 아래쪽 삼각형
삼등	🥉	동메달
삼십	🕜	한 시 반
삼지창	🧜	인어
삼지창	🧜‍♂	남자 인어
삼지창	🧜‍♀	여자 인어
삼지창	🔱	삼지창
삽	🪏	삽
상	🎖	무공 훈장
상	🏆	트로피
상	🪎	보물 상자
상관없어	🤷	어깨를 으쓱하는 사람
상기된	😳	상기된 얼굴
상기된얼굴	😳	상기된 얼굴
상단	🔝	맨 위 화살표
상대방	🫵	보는 사람을 가리키는 검지
상등	≡	등호
상록수	🌲	소나무
상반신	👤	사람 그림자
상반신	👥	사람들 그림자
상승	🪽	날개
상승	🐦‍🔥	불사조
상승	🪜	사다리
상승그래프	📈	상승하는 그래프
상승하는그래프	📈	상승하는 그래프
상실	😔	수심 어린 얼굴
상실	😞	실망한 얼굴
상아	🦣	매머드
상어	🦈	상어
상업용앳	@	앳 기호
상위집합	⊃	상위 집합
상위집합이거나같음	⊇	상위 집합이거나 같음
상자	🍱	도시락
상자	🧃	음료 팩
상자	🗳	투표 용지가 있는 투표 상자
상자	🗃	카드 파일 상자
상자안엑스표시	❎	엑스 표시 버튼
상점	🏬	백화점
상징	🔱	삼지창
상처	🤕	머리에 붕대를 감은 얼굴
상처난	🤕	머리에 붕대를 감은 얼굴
상체	👤	사람 그림자
상체	👥	사람들 그림자
상체그림자	👥	사람들 그림자
상추	🥬	녹색 채소
상큼	🍋‍🟩	라임
상투메프린시페	🇸🇹	깃발: 상투메 프린시페
상표	™	상표
상품	🪎	보물 상자
상하향화살표	↕	위아래 방향 화살표
상향	📈	상승하는 그래프
상향화살표	⬆	위쪽 화살표
상현	🌒	초승달 상현
상현달	🌒	초승달 상현
상현달	🌔	상현달
상현반달	🌓	오른쪽 반달
새	🦃	칠면조
새	🐓	수탉
새	🐦	새
새	🐧	펭귄
새	🕊	비둘기
새	🦅	독수리
새	🦆	오리
새	🦉	부엉이
새	🦤	도도새
새	🪶	깃털
새	🪽	날개
새	🐦‍⬛	검은 새
새	🪿	거위
새	🪺	알이 들어 있는 둥지
새끼	🐣	알에서 깬 병아리
새끼	🪢	매듭
새끼고양이	🐱	고양이 얼굴
새끼고양이	🐈	고양이
새끼백조	🦢	백조
새끼양	🐑	양
새끼캥거루	🦘	캥거루
새둥우리	🪹	빈 둥지
새둥우리	🪺	알이 들어 있는 둥지
새둥지	🪺	알이 들어 있는 둥지
새로고침	🔃	시계 방향 화살표
새로고침표시	🔃	시계 방향 화살표
새로운	🆕	뉴
새로운소식	🆕	뉴
새로운신호	🆕	뉴
새롭다	🆕	뉴
새빨간	😡	뾰로통한 얼굴
새싹	🌱	새싹
새우	🦐	새우
새우	🍤	새우튀김
새우튀김	🍤	새우튀김
새파랗게질린	🥶	추워하는 얼굴
새파랗게질린	😰	땀 흘리며 불안해하는 얼굴
색소폰	🎷	색소폰
색인	👈	왼쪽을 가리키는 손등
색인	👉	오른쪽을 가리키는 손등
색인	👆	위쪽을 가리키는 손등
색인	👇	아래쪽을 가리키는 손등
색인	☝	위쪽을 가리키는 손
색인	🗂	카드 색인 파일
색인	📇	카드 인덱스
색종이꽃가루처	🎊	박 터트리기
샌님	🤓	모범생 얼굴
샌달	🩴	가락신
샌드위치	🥪	샌드위치
샌들	🩴	가락신
샌들	👡	샌들
샐러드	🥬	녹색 채소
샐러드	🫜	뿌리채소
샐러드	🥗	야채샐러드
샐러리맨	👩‍💼	여자 회사원
샐러리맨	👔	넥타이
샐쭉	🙎	뾰로통한 사람
생각	💭	생각 풍선
생각에잠긴얼굴	🤔	생각하는 얼굴
생각중	🤔	생각하는 얼굴
생각풍선	💭	생각 풍선
생각하는얼굴	🤔	생각하는 얼굴
생강	🫚	생강 뿌리
생강뿌리	🫚	생강 뿌리
생략	…	말줄임표
생리	🩸	핏방울
생마르탱	🇲🇫	깃발: 생마르탱
생명체	👹	도깨비 가면
생명체	👾	에일리언
생물	🐙	문어
생물	🧬	DNA
생물학	🧫	페트리 접시
생물학	🧬	DNA
생물학자	🧑‍🔬	과학자
생물학자	👨‍🔬	남자 과학자
생물학자	👩‍🔬	여자 과학자
생물학자	🧫	페트리 접시
생물학자	🧬	DNA
생물학적위험	☣	생물학적 위험
생바르텔레미	🇧🇱	깃발: 생바르텔레미
생선	🐟	물고기
생선	🍥	어묵
생일	🎂	생일 케이크
생일	🎉	축하
생일	🎁	선물
생일	🥳	파티하는 얼굴
생일	💐	꽃다발
생일	🎈	풍선
생일축하	🎂	생일 케이크
생일케이크	🎂	생일 케이크
생쥐	🐁	생쥐
생쥐	🐀	쥐
생피에르미클롱	🇵🇲	깃발: 생피에르 미클롱
샤머록	☘	토끼풀
샤베트	🍧	샤베트 아이스크림
샤베트아이스크림	🍧	샤베트 아이스크림
샤워	🚿	샤워
샤워	🛁	욕조
샴푸	🧴	로션
샵	#	해시 기호
샵	♯	올림표
샷	🥃	양주잔
서두르는	🏃	뛰는 사람
서두르는	🏃‍♂	뛰는 남자
서두르는	🏃‍♀	뛰는 여자
서두르는	🏃‍➡	뛰는 사람: 오른쪽을 향한
서두르는	🏃‍♀‍➡	뛰는 여자: 오른쪽을 향한
서두르는	🏃‍♂‍➡	뛰는 남자: 오른쪽을 향한
서두른	😰	땀 흘리며 불안해하는 얼굴
서로교차하는가로선과세로선으로채워진정사각형	▦	서로 교차하는 가로선과 세로선으로 채워진 정사각형
서로교차하는대각선으로채워진정사각형	▩	서로 교차하는 대각선으로 채워진 정사각형
서류가방	💼	서류 가방
서머에일	🍺	맥주잔
서비스	🐕‍🦺	보조견
서사하라	🇪🇭	깃발: 서사하라
서있는	🧍	서 있는 사람
서있는	🧍‍♂	서 있는 남자
서있는	🧍‍♀	서 있는 여자
서있는남자	🧍‍♂	서 있는 남자
서있는사람	🧍	서 있는 사람
서있는여자	🧍‍♀	서 있는 여자
서쪽	⬅	좌향 화살표
서커스	🎪	서커스
서컴플렉스	^	곡절 부호
서퍼	🏄	서핑하는 사람
서퍼	🏄‍♂	서핑하는 남자
서퍼	🏄‍♀	서핑하는 여자
서퍼	🌊	파도
서프라이즈	🫢	눈을 뜨고 손으로 입을 가린 얼굴
서핑	🏄	서핑하는 사람
서핑	🏄‍♂	서핑하는 남자
서핑	🏄‍♀	서핑하는 여자
서핑	🌊	파도
서핑보드	🏄‍♂	서핑하는 남자
서핑보드	🏄‍♀	서핑하는 여자
서핑하는남자	🏄‍♂	서핑하는 남자
서핑하는사람	🏄	서핑하는 사람
서핑하는사람	🏄‍♀	서핑하는 여자
서핑하는사람	🌊	파도
서핑하는여자	🏄‍♀	서핑하는 여자
석상	🗿	모아이
선글라스	😎	선글라스 낀 얼굴
선글라스	🕶	선글라스
선글라스끼고웃는얼굴	😎	선글라스 낀 얼굴
선글라스낀얼굴	😎	선글라스 낀 얼굴
선로	🛤	철도 선로
선물	🧧	세뱃돈
선물	🎁	선물
선물상자	💝	리본 달린 하트
선박	🚤	쾌속정
선박	🛳	여객선
선박	🚢	선박
선생님	🧑‍🏫	교사
선생님	👨‍🏫	남교사
선생님	👩‍🏫	여교사
선셋	🌆	도시 야경
선수	🤺	펜싱하는 사람
선수	🚴‍♀	자전거 타는 여자
선수	🤾	핸드볼하는 사람
선술집	🏮	일본식 등
선인장	🌵	선인장
선인장	🏜	사막
선크림	🧴	로션
설렘	💖	빛나는 하트
설산	🏔	눈 덮인 산
설인	🫈	털복숭이
설탕	🧁	컵케이크
섬	🏝	사막 섬
섬머솔트	🤸	옆돌기하는 사람
섬머솔트	🤸‍♂	옆돌기하는 남자
섬머솔트	🤸‍♀	옆돌기하는 여자
섭취금지	🚱	마실 수 없는 물
성	🏯	일본 성
성	🏰	유럽 성
성가심	🙍	찌푸린 사람
성당결혼식	💒	결혼식
성별없음	🧑	사람
성별없음	🧓	노인
성별없음	🧑‍🦰	사람: 빨간 머리
성별없음	🧑‍🦱	사람: 곱슬머리
성별없음	🧑‍🦳	사람: 백발
성별없음	🧑‍🦲	사람: 대머리
성소수자	👭	손을 잡고 있는 두 명의 여자
성소수자	👬	손을 잡고 있는 두 명의 남자
성소수자	🏳‍🌈	무지개 깃발
성인	🧑	사람
성인	👨	남자
성인	👩	여자
성인	🧓	노인
성인	👴	할아버지
성인	👵	할머니
성인	🧑‍🧑‍🧒	가족: 성인, 성인, 아이
성인	🧑‍🧑‍🧒‍🧒	가족: 성인, 성인, 아이, 아이
성인	🧑‍🧒	가족: 성인, 아이
성인	🧑‍🧒‍🧒	가족: 성인, 아이, 아이
성인	🧑‍🦰	사람: 빨간 머리
성인	🧑‍🦱	사람: 곱슬머리
성인	🧑‍🦳	사람: 백발
성인	🧑‍🦲	사람: 대머리
성인	👨‍🦰	남자: 빨간 머리
성인	👨‍🦱	남자: 곱슬머리
성인	👨‍🦳	남자: 백발
성인	👨‍🦲	남자: 대머리
성인	👩‍🦰	여자: 빨간 머리
성인	👩‍🦱	여자: 곱슬머리
성인	👩‍🦳	여자: 백발
성인	👩‍🦲	여자: 대머리
성인용	🔞	성인용
성장	💹	엔화 관련 상승하는 그래프
성장	📈	상승하는 그래프
성중립적인	🧒	어린이
성중립적인	🧓	노인
세계	🌍	유럽과 아프리카가 보이는 지구
세계	🌎	미대륙이 보이는 지구
세계	🌏	아시아와 호주가 보이는 지구
세계	🌐	자오선 지구
세계	🗺	세계 지도
세계지도	🗺	세계 지도
세관	🛃	세관
세균	😷	마스크 낀 얼굴
세네갈	🇸🇳	깃발: 세네갈
세로	🚦	세로 신호등
세로막대가있는오른쪽화살표	↦	세로 막대가 있는 오른쪽 화살표
세로막대가있는오른쪽화살표위에세로막대가있는왼쪽화살표	↹	세로 막대가 있는 오른쪽 화살표 위에 세로 막대가 있는 왼쪽 화살표
세로막대가있는왼쪽화살표	↤	세로 막대가 있는 왼쪽 화살표
세로선으로채워진원	◍	세로선으로 채워진 원
세로선으로채워진정사각형	▥	세로선으로 채워진 정사각형
세로선이있는오른쪽화살표	⇥	세로선이 있는 오른쪽 화살표
세로선이있는왼쪽화살표	⇤	세로선이 있는 왼쪽 화살표
세로신호등	🚦	세로 신호등
세로줄임표	⋮	세로 줄임표
세르비아	🇷🇸	깃발: 세르비아
세모깃발	🚩	세모 깃발
세미	🚛	트레일러 트럭
세미콜론	;	세미콜론
세미콜론	؛	아랍어 세미콜론
세뱃돈	🧧	세뱃돈
세별표	⁂	세 별표
세상에	🤦	골치 아파하는 사람
세상에	🤦‍♂	골치 아파하는 남자
세상에	🤦‍♀	골치 아파하는 여자
세시	🕒	세 시
세시	🕞	세 시 반
세시반	🕞	세 시 반
세우타및멜리야	🇪🇦	깃발: 세우타 및 멜리야
세이렌	🧜	인어
세이렌	🧜‍♂	남자 인어
세이렌	🧜‍♀	여자 인어
세이셸	🇸🇨	깃발: 세이셸
세인트루시아	🇱🇨	깃발: 세인트루시아
세인트빈센트그레나딘	🇻🇨	깃발: 세인트빈센트그레나딘
세인트키츠네비스	🇰🇳	깃발: 세인트키츠 네비스
세인트헬레나	🇸🇭	깃발: 세인트헬레나
세일링	⛵	돛단배
세잎	☘	토끼풀
세잎클로버	☘	토끼풀
세제곱	³	세제곱
섹시	😉	윙크하는 얼굴
섹시	💋	입술
섹시	🫦	입술을 깨물고 있는 입
센트	¢	센트
셀카	🤳	셀카
셀카	📷	카메라
셀폰	📱	휴대전화
셀폰	📵	휴대전화 사용금지
셀폰	📶	안테나 신호
셀폰	📳	진동 모드
셀폰	📴	휴대전화 끄기
셀피	🤳	셀카
셋	👌	오케이를 표시한 손
셔츠	🎽	러닝 셔츠
셔츠	👔	넥타이
셔츠	👚	여성복
셔틀콕	🏸	배드민턴
셰익스피어	🎭	가면
셰프	🧑‍🍳	요리사
셰프	👨‍🍳	남자 요리사
셰프	👩‍🍳	여자 요리사
소	🐮	소 얼굴
소	🐂	소
소	🐃	물소
소	🐄	젖소
소괄호	〈	여는 소괄호
소괄호	〉	닫는 소괄호
소금	🧂	소금
소나무	🌲	소나무
소나무	🎍	일본 장식
소녀	👧	여자 아이
소년	👦	남자 아이
소다	🥤	빨대와 컵
소동	🫯	싸움 구름
소띠	🐮	소 얼굴
소라	🐚	달팽이집
소라고둥	🐚	달팽이집
소란	🫯	싸움 구름
소리	👂	귀
소리	🔇	무음
소리	🔈	스피커
소리	🔉	스피커 소리 작게
소리	🔊	스피커 소리 크게
소리	📣	메가폰
소리	🔔	종
소리	🔕	음소거
소리	🎵	음표
소리	🎶	노래 음표
소리	🎤	마이크
소리	🎧	헤드폰
소리끄기	🔇	무음
소리없는	🔇	무음
소리없음	🔇	무음
소리없음	🔕	음소거
소리있음	🔈	스피커
소리작게	🔉	스피커 소리 작게
소리작음	🔉	스피커 소리 작게
소리줄이기	🔉	스피커 소리 작게
소리지르는얼굴	😱	공포에 절규하는 얼굴
소리큼	🔊	스피커 소리 크게
소리키우기	🔊	스피커 소리 크게
소말리아	🇸🇴	깃발: 소말리아
소모품	♟	체스 폰
소문자	🔡	소문자
소방관	🧑‍🚒	소방관
소방관	👨‍🚒	남자 소방관
소방관	👩‍🚒	여자 소방관
소방차	🧑‍🚒	소방관
소방차	👨‍🚒	남자 소방관
소방차	👩‍🚒	여자 소방관
소방차	🚒	소방차
소설	📖	펼쳐진 책
소설	📚	책 여러 권
소세지	🌭	핫도그
소스	🫙	작은 병
소시지	🌭	핫도그
소식	📰	신문
소식지	📰	신문
소얼굴	🐮	소 얼굴
소용돌이	🌪	토네이도
소용돌이	🌀	태풍
소울메이트	👯	토끼 귀를 쓰고 춤추는 사람들
소울메이트	👯‍♀	토끼 귀를 쓰고 춤추는 여자들
소원	🤲	내민 두 손
소원	🧞	지니
소원	🧞‍♂	남자 지니
소원	🧞‍♀	여자 지니
소원빌기	🎋	소원을 건 나무
소원을건나무	🎋	소원을 건 나무
소원쪽지	🎋	소원을 건 나무
소원쪽지매달기	🎋	소원을 건 나무
소통	📲	왼쪽에 화살표가 있는 휴대전화
소통	📰	신문
소통	📫	표지가 올라간 닫힌 우편함
소통	📝	메모
소파	🛋	소파와 전등
소파와등	🛋	소파와 전등
소파와전등	🛋	소파와 전등
소포	📦	소포
소포박스	📦	소포
소포상자	📦	소포
소풍	🧺	바구니
소프트드링크	🥤	빨대와 컵
소프트볼	🥎	소프트볼
소프트아이스크림	🍦	소프트 아이스크림
소프트웨어	🧑‍💻	기술 전문가
소프트웨어	👨‍💻	남자 기술 전문가
소프트웨어	👩‍💻	여자 기술 전문가
소형버스	🚐	미니버스
소형비행기	🛩	경비행기
소화	🧯	소화기
소화기	🧯	소화기
소환	🧙	마법사
소환	🧙‍♂	남자 마법사
소환	🧙‍♀	여자 마법사
속도	🏃	뛰는 사람
속도	🏃‍♂	뛰는 남자
속도	🏃‍♀	뛰는 여자
속도	🏃‍➡	뛰는 사람: 오른쪽을 향한
속도	🏃‍♀‍➡	뛰는 여자: 오른쪽을 향한
속도	🏃‍♂‍➡	뛰는 남자: 오른쪽을 향한
속삭임	😮‍💨	날숨 쉬는 얼굴
속울렁거림	🤢	구역질을 하는 얼굴
손	🤗	포옹하고 있는 얼굴
손	🖐	쫙 편 손바닥
손	🖖	벌칸식 인사
손	🫱	오른쪽으로 향하는 손등
손	🫲	왼쪽으로 향하는 손바닥
손	🫳	손바닥을 아래로 향한 손
손	👌	오케이를 표시한 손
손	🤌	꼬집는 손가락
손	✌	브이 표시
손	🤞	검지와 중지 크로스
손	🫰	엄지와 중지를 교차한 손
손	🤟	사랑을 표시하는 손
손	🤘	뿔 모양 손짓
손	🤙	전화를 걸라는 손 모양
손	👈	왼쪽을 가리키는 손등
손	👉	오른쪽을 가리키는 손등
손	👆	위쪽을 가리키는 손등
손	🖕	중지
손	☝	위쪽을 가리키는 손
손	🫵	보는 사람을 가리키는 검지
손	👍	올린 엄지
손	✊	주먹
손	👊	주먹 전면
손	👏	손뼉
손	🙌	만세
손	🫶	손 하트
손	👐	양손을 모아서 벌린 모양
손	🤝	악수
손	🙏	기도
손	✍	글을 쓰고 있는 손
손	🙅	안 된다는 제스처를 하는 사람
손	🙅‍♂	안 된다는 제스처를 하는 남자
손	🙆	오케이라는 제스처를 하는 사람
손	💁	손바닥 꺾은 사람
손	🙋	한 손 든 사람
손	🧑‍🤝‍🧑	손을 잡고 있는 두 명의 사람
손	👬	손을 잡고 있는 두 명의 남자
손	🧤	장갑
손	🪬	함사
손가락	🖐	쫙 편 손바닥
손가락	🖖	벌칸식 인사
손가락	🤌	꼬집는 손가락
손가락	🤏	꼬집는 손
손가락	🤞	검지와 중지 크로스
손가락	🤘	뿔 모양 손짓
손가락	🤙	전화를 걸라는 손 모양
손가락	👈	왼쪽을 가리키는 손등
손가락	👉	오른쪽을 가리키는 손등
손가락	👆	위쪽을 가리키는 손등
손가락	🖕	중지
손가락	☝	위쪽을 가리키는 손
손가락	🫵	보는 사람을 가리키는 검지
손가락	🈯	가리킬 지
손가락세개	🤟	사랑을 표시하는 손
손가락아래로	👇	아래쪽을 가리키는 손등
손가락오른쪽으로	👉	오른쪽을 가리키는 손등
손가락왼쪽으로	👈	왼쪽을 가리키는 손등
손가락위로	👆	위쪽을 가리키는 손등
손가락으로아래를가리키기	👇	아래쪽을 가리키는 손등
손가락으로오른쪽가리키기	👉	오른쪽을 가리키는 손등
손가락으로왼쪽가리키기	👈	왼쪽을 가리키는 손등
손가락으로위를가리키기	👆	위쪽을 가리키는 손등
손가락질	👆	위쪽을 가리키는 손등
손가락하트	🫰	엄지와 중지를 교차한 손
손꺾음	💁‍♂	손바닥 꺾은 남자
손꺾음	💁‍♀	손바닥 꺾은 여자
손도끼	🪓	도끼
손동작	🤌	꼬집는 손가락
손동작	🙅‍♂	안 된다는 제스처를 하는 남자
손동작	🙅‍♀	안 된다는 제스처를 하는 여자
손동작	🙆‍♂	오케이라는 제스처를 하는 남자
손동작	🙆‍♀	오케이라는 제스처를 하는 여자
손들기	🙋	한 손 든 사람
손들기	🙋‍♂	한 손 든 남자
손들기	🙋‍♀	한 손 든 여자
손들어	✋	손바닥
손들어	🙋	한 손 든 사람
손등	🤚	손등
손등	👉	오른쪽을 가리키는 손등
손등	👆	위쪽을 가리키는 손등
손모양	🖖	벌칸식 인사
손모양	🤘	뿔 모양 손짓
손모양	🤙	전화를 걸라는 손 모양
손목시계	⌚	시계
손바닥	🤚	손등
손바닥	🖐	쫙 편 손바닥
손바닥	✋	손바닥
손바닥	💁‍♂	손바닥 꺾은 남자
손바닥	💁‍♀	손바닥 꺾은 여자
손바닥	🤦	골치 아파하는 사람
손바닥	🤦‍♂	골치 아파하는 남자
손바닥	🤦‍♀	골치 아파하는 여자
손바닥	🪬	함사
손바닥꺾은남자	💁‍♂	손바닥 꺾은 남자
손바닥꺾은사람	💁	손바닥 꺾은 사람
손바닥꺾은여자	💁‍♀	손바닥 꺾은 여자
손바닥을아래로향한손	🫳	손바닥을 아래로 향한 손
손바닥을위로향한손	🫴	손바닥을 위로 향한 손
손뼉	👏	손뼉
손뼉치기	👏	손뼉
손으로귀를가린원숭이	🙉	귀를 막고 있는 원숭이
손으로눈을가린원숭이	🙈	눈을 가리고 있는 원숭이
손으로입을가린얼굴	🤭	손으로 입을 가린 얼굴
손으로입을가린원숭이	🙊	입을 막고 있는 원숭이
손을든사람	🙋	한 손 든 사람
손을잡고	🧑‍🤝‍🧑	손을 잡고 있는 두 명의 사람
손을잡고있는게이커플	👬	손을 잡고 있는 두 명의 남자
손을잡고있는남녀	👫	손을 잡고 있는 남녀
손을잡고있는두명의남자	👬	손을 잡고 있는 두 명의 남자
손을잡고있는두명의사람	🧑‍🤝‍🧑	손을 잡고 있는 두 명의 사람
손을잡고있는두명의여자	👭	손을 잡고 있는 두 명의 여자
손을잡고있는레즈비언커플	👭	손을 잡고 있는 두 명의 여자
손을젖히고있는사람	💁	손바닥 꺾은 사람
손잡이	🎛	컨트롤 레버
손잡이없는찻잔	🍵	차
손전등	🔦	손전등
손톱	💅	매니큐어
손톱정리	💅	매니큐어
손하트	🫶	손 하트
손해	💸	날개 달린 돈
솔	🪥	칫솔
솔로몬제도	🇸🇧	깃발: 솔로몬 제도
솜인형	🧸	테디 베어
송곳니	🧛	뱀파이어
송곳니	🧛‍♂	남자 뱀파이어
송곳니	🧛‍♀	여자 뱀파이어
송충이	🐛	송충이
쇠사슬	⛓	쇠사슬
쇼킹	🫢	눈을 뜨고 손으로 입을 가린 얼굴
쇼트케이크	🍰	조각 케익
쇼핑	👕	티셔츠
쇼핑	👖	바지
쇼핑	👗	원피스
쇼핑	👚	여성복
쇼핑	👛	지갑
쇼핑	👜	핸드백
쇼핑	🛍	쇼핑백
쇼핑	👞	남성용 구두
쇼핑	👟	운동화
쇼핑	👠	하이힐
쇼핑	👢	부츠
쇼핑	🛒	쇼핑카트
쇼핑가방	🛍	쇼핑백
쇼핑백	🛍	쇼핑백
쇼핑카트	🛒	쇼핑카트
수갑	⛓‍💥	끊어진 쇠사슬
수구	🤽	수구하는 사람
수구	🤽‍♂	수구하는 남자
수구	🤽‍♀	수구하는 여자
수구하는남자	🤽‍♂	수구하는 남자
수구하는사람	🤽	수구하는 사람
수구하는여자	🤽‍♀	수구하는 여자
수단	🇸🇩	깃발: 수단
수달	🦦	수달
수동휠체어	🧑‍🦽	수동 휠체어를 탄 사람
수동휠체어	🦽	수동 휠체어
수동휠체어	🧑‍🦽‍➡	수동 휠체어를 탄 사람: 오른쪽을 향한
수동휠체어를탄남자	👨‍🦽	수동 휠체어를 탄 남자
수동휠체어를탄남자	👨‍🦽‍➡	수동 휠체어를 탄 남자: 오른쪽을 향한
수동휠체어를탄사람	🧑‍🦽	수동 휠체어를 탄 사람
수동휠체어를탄사람	🧑‍🦽‍➡	수동 휠체어를 탄 사람: 오른쪽을 향한
수동휠체어를탄여자	👩‍🦽	수동 휠체어를 탄 여자
수동휠체어를탄여자	👩‍🦽‍➡	수동 휠체어를 탄 여자: 오른쪽을 향한
수레바퀴	☸	진리의 수레바퀴
수리	👷	건설 노동자
수리	👷‍♂	건설 현장 남자 노동자
수리	👷‍♀	건설 현장 여자 노동자
수리공	👨‍🔧	남자 정비공
수리공	👩‍🔧	여자 정비공
수리남	🇸🇷	깃발: 수리남
수면	💤	졸림
수목	🪵	목재
수박	🍉	수박
수사	👮	경찰관
수상스포츠	🏄‍♂	서핑하는 남자
수상스포츠	🏄‍♀	서핑하는 여자
수상스포츠	🤽	수구하는 사람
수상스포츠	🤽‍♂	수구하는 남자
수상스포츠	🤽‍♀	수구하는 여자
수속	🛂	출입국 심사
수신	📲	왼쪽에 화살표가 있는 휴대전화
수신	📥	받은 편지함
수신된이메일	📨	받은 편지
수신된편지	📨	받은 편지
수심어린얼굴	😔	수심 어린 얼굴
수심에찬얼굴	😔	수심 어린 얼굴
수염	🥸	변장한 얼굴
수염	🧔	수염 난 사람
수염	🧔‍♂	수염 난 남자
수염	🧔‍♀	수염 난 여자
수염난남자	🧔‍♂	수염 난 남자
수염난사람	🧔	수염 난 사람
수염난여자	🧔‍♀	수염 난 여자
수영	🏊	수영하는 사람
수영	🏊‍♂	수영하는 남자
수영	🏊‍♀	수영하는 여자
수영	🤽‍♂	수구하는 남자
수영	🤽‍♀	수구하는 여자
수영	🛟	구명부환
수영	🥽	고글
수영	👙	비키니
수영복	🤽‍♂	수구하는 남자
수영복	🤽‍♀	수구하는 여자
수영복	🩱	원피스 수영복
수영복	🩲	삼각 수영복
수영복	🩳	반바지
수영복	👙	비키니
수영선수	🏊	수영하는 사람
수영선수	🏊‍♂	수영하는 남자
수영선수	🏊‍♀	수영하는 여자
수영안경	🥽	고글
수영장	🏊	수영하는 사람
수영장	🏊‍♂	수영하는 남자
수영장	🏊‍♀	수영하는 여자
수영장	👙	비키니
수영하기	🏊	수영하는 사람
수영하기	🏊‍♂	수영하는 남자
수영하는남자	🏊	수영하는 사람
수영하는남자	🏊‍♂	수영하는 남자
수영하는사람	🏊	수영하는 사람
수영하는사람	🏊‍♀	수영하는 여자
수영하는여자	🏊‍♀	수영하는 여자
수유	🤱	모유 수유
수유	👩‍🍼	수유 중인 여자
수유	👨‍🍼	수유 중인 남자
수유	🧑‍🍼	수유 중인 사람
수유실	🚼	수유실
수유중인남자	👨‍🍼	수유 중인 남자
수유중인사람	🧑‍🍼	수유 중인 사람
수유중인여자	👩‍🍼	수유 중인 여자
수저	🥄	숟가락
수정	🔮	수정 구슬
수정구슬	🔮	수정 구슬
수직	🚦	세로 신호등
수직선	|	수직선
수첩	🗒	스프링 노트
수컷공작	🦚	공작
수탉	🐓	수탉
수평	🚥	가로 신호등
수평막대	―	수평 막대
수평바	―	수평 막대
수프	🍲	국
수프	🍜	국수
수하물보관소	🛅	화물 서비스
수하물찾는곳	🛄	짐 찾는 곳
수학	📏	자
수학	📐	삼각자
수학	➕	더하기
수학	➖	빼기
수학	➗	나누기
수학자	🧑‍🔬	과학자
수학자	👨‍🔬	남자 과학자
수학자	👩‍🔬	여자 과학자
수화기	📞	수화기
숙녀	👧	여자 아이
숙녀	👚	여성복
숙박	🏨	호텔
순경	👮‍♂	남자 경찰관
순경	👮‍♀	여자 경찰관
순무	🫜	뿌리채소
순수	🪷	연꽃
순수한	😇	후광이 비치는 웃는 얼굴
숟가락	🥄	숟가락
술	🍶	사케
술	🍾	코르크가 튀어나오고 있는 병
술	🍷	와인잔
술	🍸	칵테일
술	🍹	음료수
술	🍺	맥주잔
술	🍻	맥주
술	🥂	건배하는 샴페인 잔
술집	🍺	맥주잔
숨	🫁	폐
숨기	🫥	테두리가 점선으로 된 얼굴
숨길비	㊙	원 표시된 비밀 표의문자
숨은	🫣	한쪽 눈을 가리고 훔쳐보는 얼굴
숨은	🫥	테두리가 점선으로 된 얼굴
숨은	🥷	닌자
숨죽인	😯	숨죽인 얼굴
숨죽인얼굴	😯	숨죽인 얼굴
숨죽임	😯	숨죽인 얼굴
숫양	🐏	숫양
숫양	♈	양자리
숫자	🔢	숫자
숲	🫈	털복숭이
숲	🌳	나무
쉐프	🔪	식칼
쉬는시간	🔔	종
쉼표	,	쉼표
쉼표	،	아랍어 쉼표
쉼표	、	모점
쉿	🤫	쉿 하는 얼굴
쉿	🙉	귀를 막고 있는 원숭이
쉿하는얼굴	🤫	쉿 하는 얼굴
슈미어	🥯	베이글
슈팅스타	💫	어지러움
슈퍼맨	🦸	히로인
슈퍼볼	🏈	미식축구공
슈퍼악당	🦹	슈퍼 악당
슈퍼파워	🦸	히로인
슈퍼파워	🦹	슈퍼 악당
슈퍼히어로	🦸	히로인
슝	💨	달려나감
스냅	📷	카메라
스냅드래곤	🪻	히아신스
스노보더	🏂	스노보드 타는 사람
스노보드	🏂	스노보드 타는 사람
스노보드타는사람	🏂	스노보드 타는 사람
스노우맨	⛄	스노우맨
스노클링	🤿	다이빙 마스크
스니커즈	👟	운동화
스리랑카	🇱🇰	깃발: 스리랑카
스마일	😀	활짝 웃는 얼굴
스마일	😃	눈을 크게 뜨고 웃는 얼굴
스마일	😄	미소 짓는 눈으로 활짝 웃는 얼굴
스마일	😁	미소 짓는 눈으로 웃는 얼굴
스마일	😅	땀 흘리며 웃는 얼굴
스마일	😂	기쁨의 눈물을 흘리는 얼굴
스마일	🙂	살짝 미소 짓는 얼굴
스마일	😊	미소 짓는 눈으로 살짝 웃는 얼굴
스마일	😇	후광이 비치는 웃는 얼굴
스마일	🥰	하트와 함께 웃는 얼굴
스마일	😍	하트 눈 얼굴
스마일	☺	웃는 얼굴
스마일	😙	미소 짓는 눈으로 키스하는 얼굴
스마일	😬	찌푸린 얼굴
스마일	😈	머리에 뿔이 달린 웃는 얼굴
스마트	🤓	모범생 얼굴
스마트따옴표	‘	왼쪽 아포스트로피
스마트따옴표	’	오른쪽 아포스트로피
스마트인용	“	왼쪽 큰따옴표
스마트인용	”	오른쪽 큰따옴표
스마트인용	„	오른쪽 아래 큰따옴표
스마트폰	🛜	무선
스모그	🌁	자욱한 안개
스몰블루마름모	🔹	작은 파란색 마름모
스시	🍣	초밥
스웨덴	🇸🇪	깃발: 스웨덴
스웩	😎	선글라스 낀 얼굴
스위스	🫕	퐁듀
스위스	🇨🇭	깃발: 스위스
스윙	🏌‍♂	골프치는 남자
스윙	🏌‍♀	골프치는 여자
스카이다이빙	🪂	낙하산
스카치	🥃	양주잔
스카프	🧣	스카프
스카프를두른여자	🧕	머리에 스카프를 두른 여자
스컬	🩻	엑스레이
스컹크	🦨	스컹크
스케이트	🛹	스케이트보드
스케이트	🛼	롤러스케이트
스케이트	⛸	아이스 스케이트
스케이트보드	🛹	스케이트보드
스케이트타는사람	🛹	스케이트보드
스켈레톤	🦴	뼈다귀
스켈레톤	🩻	엑스레이
스코틀랜드	🏴󠁧󠁢󠁳󠁣󠁴󠁿	깃발: 스코틀랜드
스콜피온	🦂	전갈
스콜피온	♏	전갈자리
스쿠버	🤿	다이빙 마스크
스쿠터	🛵	스쿠터
스쿠터	🛴	킥보드
스쿨	🏫	학교
스퀴즈박스	🪗	아코디언
스크롤	📜	문서
스키	⛷	스키 타는 사람
스키	🏂	스노보드 타는 사람
스키	🫕	퐁듀
스키	🎿	스키
스키리프트	🚠	산악 케이블카
스키부츠	🎿	스키
스키타는사람	⛷	스키 타는 사람
스킨스쿠버	🤿	다이빙 마스크
스타	🧑‍🎤	가수
스타	👨‍🎤	남자 가수
스타	👩‍🎤	여자 가수
스타디움	🏟	경기장
스타일	😎	선글라스 낀 얼굴
스타일	💇	헤어컷
스타일	💇‍♂	남자 헤어컷
스타일	💇‍♀	여자 헤어컷
스타킹	🧦	양말
스타트렉	🖖	벌칸식 인사
스테이크	🥩	고깃덩이
스톤	🪨	바위
스톱	🖐	쫙 편 손바닥
스톱워치	⏱	스톱워치
스튜	🍲	국
스튜디오	🎙	스튜디오 마이크
스튜디오마이크	🎙	스튜디오 마이크
스트라디바리우스	🎻	바이올린
스트라이크	🎳	볼링
스트라토	🎸	기타
스트라토캐스터	🎸	기타
스트레스	😅	땀 흘리며 웃는 얼굴
스트레스	😟	걱정스러운 얼굴
스트레스	😧	괴로워하는 얼굴
스트로크	|	수직선
스틱	🏑	필드 하키
스틱	🏒	아이스 하키와 퍽
스틱	🥍	라크로스
스틸레토	👠	하이힐
스파	💆	마사지 받는 사람
스파	🧖	사우나 하는 사람
스파	🧖‍♂	사우나 하는 남자
스파	🧖‍♀	사우나 하는 여자
스파게티	🍝	스파게티
스파이	🥸	변장한 얼굴
스파이	🕵	탐정
스파이	🕵‍♂	남자 탐정
스파이	🕵‍♀	여자 탐정
스파이더	🕷	거미
스팍	🖖	벌칸식 인사
스패너	🛠	망치와 렌치
스패너	🔧	렌치
스펀지	🧽	스펀지
스페스밀로	₷	스페스밀로
스페이드	♠	스페이드
스페이드모양	♠	스페이드
스페인	🇪🇸	깃발: 스페인
스페인페세타	₧	스페인 페세타
스포츠	🤺	펜싱하는 사람
스포츠	🏇	승마
스포츠	🏂	스노보드 타는 사람
스포츠	🏄	서핑하는 사람
스포츠	🏄‍♂	서핑하는 남자
스포츠	🏄‍♀	서핑하는 여자
스포츠	🏊	수영하는 사람
스포츠	🏊‍♂	수영하는 남자
스포츠	🚴	자전거 타는 사람
스포츠	🚴‍♂	자전거 타는 남자
스포츠	🚴‍♀	자전거 타는 여자
스포츠	🚵	산악 자전거 타는 사람
스포츠	🚵‍♂	산악 자전거 타는 남자
스포츠	🚵‍♀	산악 자전거 타는 여자
스포츠	🤼	레슬링하는 사람
스포츠	🤽	수구하는 사람
스포츠	🤾	핸드볼하는 사람
스포츠	🤾‍♂	핸드볼하는 남자
스포츠	🤾‍♀	핸드볼하는 여자
스포츠	🛼	롤러스케이트
스포츠	🏆	트로피
스포츠	🏅	스포츠 메달
스포츠	⚽	축구공
스포츠	⚾	야구공
스포츠	🥎	소프트볼
스포츠	🏀	농구
스포츠	🏈	미식축구공
스포츠	🏉	럭비공
스포츠	🎾	테니스
스포츠	🎳	볼링
스포츠	🥍	라크로스
스포츠	🥊	권투 글러브
스포츠	🥅	골대
스포츠	🎣	낚싯대
스포츠	🎿	스키
스포츠	🏁	격자 무늬 깃발
스포츠메달	🏅	스포츠 메달
스푼	🥄	숟가락
스푼과사발	🥣	스푼과 사발
스프링노트	🗒	스프링 노트
스프링달력	🗓	스프링 달력
스프링클	🧁	컵케이크
스피닝	🚲	자전거
스피커	🔇	무음
스피커	🔈	스피커
스피커미디엄소리	🔉	스피커 소리 작게
스피커소리낮게	🔈	스피커
스피커소리작게	🔉	스피커 소리 작게
스피커소리크게	🔊	스피커 소리 크게
스핀클래스	🚲	자전거
슬라이더	🎚	레벨 슬라이더
슬라이드	🛝	미끄럼틀
슬라이드	🪊	트롬본
슬라이딩	🛝	미끄럼틀
슬래시	/	슬래시
슬러그	🐌	달팽이
슬레이트	🎬	슬레이트
슬레이트색	🩶	회색 하트
슬로바키아	🇸🇰	깃발: 슬로바키아
슬로베니아	🇸🇮	깃발: 슬로베니아
슬롯	🎰	슬롯 머신
슬롯머신	🎰	슬롯 머신
슬립온	🥿	플랫 슈즈
슬퍼	😕	혼란스러워하는 얼굴
슬픈	😔	수심 어린 얼굴
슬픈	😪	졸린 얼굴
슬픈	😥	실망했지만 안도하는 얼굴
슬픈	😿	울고 있는 고양이 얼굴
슬픈	🪊	트롬본
슬픔	😟	걱정스러운 얼굴
슬픔	🙁	살짝 찡그린 얼굴
슬픔	☹	찡그린 얼굴
슬픔	🥹	눈물을 참는 얼굴
슬픔	😭	엉엉 우는 얼굴
슬픔	😖	당혹한 얼굴
슬픔	😞	실망한 얼굴
슬픔	😓	식은땀 흘리는 얼굴
슬픔	😫	피곤한 얼굴
슬픔	💔	깨진 하트
승	⁻	마이너스 승
승	¹	1승
승	²	제곱
승	³	세제곱
승강기	🛗	엘리베이터
승강장치	🛗	엘리베이터
승객	🛳	여객선
승객	⛴	페리
승객	🚢	선박
승리	✌	브이 표시
승리	🌟	반짝이는 별
승리	🏆	트로피
승리	👑	왕관
승리	💰	돈주머니
승리	🪯	칸다
승리감	😤	화내며 씩씩거리는 얼굴
승마	🏇	승마
승마	🐎	말
승용차	🚗	자동차
승자	🏅	스포츠 메달
시	°	도
시각장애	🧑‍🦯	지팡이를 든 사람
시각장애	👨‍🦯	지팡이를 든 남자
시각장애	👩‍🦯	지팡이를 든 여자
시각장애	🦮	안내견
시각장애	🦯	시각장애인 지팡이
시각장애	🧑‍🦯‍➡	지팡이를 든 사람: 오른쪽을 향한
시각장애	👨‍🦯‍➡	지팡이를 든 남자: 오른쪽을 향한
시각장애	👩‍🦯‍➡	지팡이를 든 여자: 오른쪽을 향한
시각장애인지팡이	🦯	시각장애인 지팡이
시간	⌛	시간이 다 된 모래시계
시간	⏳	시간이 남은 모래시계
시간	⌚	시계
시간	⏰	알람 시계
시간	⏱	스톱워치
시간	🕰	벽난로 선반 시계
시간	🕧	열두 시 반
시간	🕐	한 시
시간	🕜	한 시 반
시간	🕑	두 시
시간	🕝	두 시 반
시간	🕒	세 시
시간	🕞	세 시 반
시간	🕓	네 시
시간	🕟	네 시 반
시간	🕔	다섯 시
시간	🕠	다섯 시 반
시간	🕕	여섯 시
시간	🕡	여섯 시 반
시간	🕢	일곱 시 반
시간	🕗	여덟 시
시간	🕣	여덟 시 반
시간	🕘	아홉 시
시간	🕤	아홉 시 반
시간	🕥	열 시 반
시간	🕚	열한 시
시간	🕦	열한 시 반
시간이남은모래시계	⏳	시간이 남은 모래시계
시간이다된모래시계	⌛	시간이 다 된 모래시계
시계	⌚	시계
시계	⏰	알람 시계
시계	⏱	스톱워치
시계	⏲	타이머 시계
시계	🕰	벽난로 선반 시계
시계	🕛	열두 시
시계	🕧	열두 시 반
시계	🕐	한 시
시계	🕜	한 시 반
시계	🕑	두 시
시계	🕝	두 시 반
시계	🕒	세 시
시계	🕞	세 시 반
시계	🕓	네 시
시계	🕟	네 시 반
시계	🕔	다섯 시
시계	🕠	다섯 시 반
시계	🕕	여섯 시
시계	🕡	여섯 시 반
시계	🕖	일곱 시
시계	🕢	일곱 시 반
시계	🕗	여덟 시
시계	🕣	여덟 시 반
시계	🕘	아홉 시
시계	🕤	아홉 시 반
시계	🕙	열 시
시계	🕥	열 시 반
시계	🕚	열한 시
시계	🕦	열한 시 반
시계방향	🔃	시계 방향 화살표
시계방향	🔁	전곡 반복 재생
시계방향	🔂	한 곡 반복 재생
시계방향화살표	🔃	시계 방향 화살표
시골집	🏠	집
시골집	🏡	정원이 있는 집
시나고그	🕍	시나고그
시네마	🎥	영화 카메라
시네마	🎞	영화 프레임
시네마	📽	영화 프로젝터
시네마	🎦	영화
시든	🥀	시든 꽃
시든꽃	🥀	시든 꽃
시들어가는	🥀	시든 꽃
시듦	🥀	시든 꽃
시디	💿	씨디
시디	📀	디비디
시력	👁	눈
시리아	🇸🇾	깃발: 시리아
시리얼	🥣	스푼과 사발
시에라리온	🇸🇱	깃발: 시에라리온
시원한	🪭	접이식 손 부채
시위	🪧	플래카드
시장	💹	엔화 관련 상승하는 그래프
시크교	🪯	칸다
시크교신자	🪯	칸다
시큼한	🍋	레몬
시트러스	🍋	레몬
시트러스	🍋‍🟩	라임
시합	🤼‍♂	레슬링하는 남자
시합	🤼‍♀	레슬링하는 여자
시험관	🧪	시험관
식기	🥄	숟가락
식당	🍞	빵
식당	🍳	프라이팬
식당	🍝	스파게티
식당	🍢	오뎅
식당	🍥	어묵
식당	🍦	소프트 아이스크림
식당	🍧	샤베트 아이스크림
식당	🍨	아이스크림
식당	🍬	사탕
식당	🍭	롤리팝
식당	🍶	사케
식당	🍴	포크와 나이프
식당	🏮	일본식 등
식물	💐	꽃다발
식물	🌸	벚꽃
식물	🏵	장미
식물	🌹	장미꽃
식물	🌺	무궁화
식물	🌻	해바라기
식물	🌼	꽃송이
식물	🌷	튤립
식물	🪻	히아신스
식물	🌱	새싹
식물	🪴	분재
식물	🌵	선인장
식물	🌾	벼
식물	🌿	풀
식물	☘	토끼풀
식물	🍀	네잎클로버
식물	🍄	버섯
식물	🌽	옥수수
식물	🌰	밤
식물	🎍	일본 장식
식빵	🍞	빵
식수대	🚰	음수대
식은땀	😅	땀 흘리며 웃는 얼굴
식은땀	😰	땀 흘리며 불안해하는 얼굴
식은땀	😓	식은땀 흘리는 얼굴
식은땀흘리는얼굴	😓	식은땀 흘리는 얼굴
식칼	🔪	식칼
식품	🦐	새우
식품	🦑	오징어
식품	🥭	망고
식품	🍎	빨간 사과
식품	🥝	키위
식품	🍅	토마토
식품	🥑	아보카도
식품	🥔	감자
식품	🥕	당근
식품	🥒	오이
식품	🥜	땅콩
식품	🍞	빵
식품	🥐	크루아상
식품	🥖	바게트
식품	🥞	팬케이크
식품	🥓	베이컨
식품	🍔	햄버거
식품	🍟	감자튀김
식품	🍕	피자
식품	🥙	밀전병에 싼 요리
식품	🥚	달걀
식품	🥘	납작한 냄비
식품	🍲	국
식품	🥗	야채샐러드
식품	🍱	도시락
식품	🍘	주먹밥
식품	🍙	삼각 김밥
식품	🍚	밥
식품	🍛	카레라이스
식품	🍜	국수
식품	🍝	스파게티
식품	🍠	고구마
식품	🍢	오뎅
식품	🍣	초밥
식품	🍥	어묵
식품	🥡	테이크아웃 상자
식품	🍦	소프트 아이스크림
식품	🍨	아이스크림
식품	🍩	도넛
식품	🍭	롤리팝
식품	🍴	포크와 나이프
신고	👮	경찰관
신고	👮‍♂	남자 경찰관
신고	👮‍♀	여자 경찰관
신나는	🤩	반한 얼굴
신나는	🥳	파티하는 얼굴
신나는	🎉	파티
신남	🤘	뿔 모양 손짓
신랑	🤵‍♂	턱시도를 입은 남자
신문	📰	신문
신문	🗞	돌돌 말린 신문
신문뭉치	🗞	돌돌 말린 신문
신발	🩴	가락신
신발	👞	남성용 구두
신발	👟	운동화
신발	👠	하이힐
신발	👡	샌들
신발	👢	부츠
신부	👰	면사포를 쓴 사람
신부	👰‍♀	면사포를 쓴 여자
신분증	🪪	신분증
신사	⛩	신토 신사
신속	🏃	뛰는 사람
신속	🏃‍➡	뛰는 사람: 오른쪽을 향한
신용카드	💳	신용카드
신원	🫆	지문
신원	🪪	신분증
신장	🫘	콩
신체	👃	코
신체	👀	왕눈이 눈알
신체	👁	눈
신체	👅	혀
신체	👄	입
신칸센	🚄	고속열차
신칸센	🚅	고속철
신코데마요	🪅	피냐타
신토	⛩	신토 신사
신토신사	⛩	신토 신사
신트마르턴	🇸🇽	깃발: 신트마르턴
신호	🚥	가로 신호등
신호	🛑	멈춤 표시
신호강도	📶	안테나 신호
신호등	🚥	가로 신호등
신호등	🚦	세로 신호등
신화	🧚	요정
신화	🧚‍♂	남자 요정
신화	🧚‍♀	여자 요정
신화	🧝	엘프
신화	🧝‍♂	남자 엘프
신화	🧝‍♀	여자 엘프
신화	🪽	날개
실	🧵	실타래
실	🪡	바늘
실루엣	🗣	말하고 있는 옆얼굴
실루엣	👤	사람 그림자
실망	🫤	입이 한쪽으로 올라간 얼굴
실망	😞	실망한 얼굴
실망	🙍	찌푸린 사람
실망	🙎	뾰로통한 사람
실망감	😥	실망했지만 안도하는 얼굴
실망하는얼굴	😥	실망했지만 안도하는 얼굴
실망한	😔	수심 어린 얼굴
실망한얼굴	😞	실망한 얼굴
실망했지만안도하는얼굴	😥	실망했지만 안도하는 얼굴
실뭉치	🧶	실뭉치
실버	🥈	은메달
실수한후얼굴	😣	참아내는 얼굴
실크해트	🎩	마술사 모자
실타래	🧵	실타래
실패	😞	실망한 얼굴
실패	😩	지친 얼굴
실패	⛔	진입 금지
실험	👨‍🔬	남자 과학자
실험	👩‍🔬	여자 과학자
실험	🧪	시험관
실험	🔬	현미경
실험실	👨‍🔬	남자 과학자
실험실	👩‍🔬	여자 과학자
실험실	🥼	실험실 가운
실험실	🧫	페트리 접시
실험실가운	🥼	실험실 가운
싫어	🙅	안 된다는 제스처를 하는 사람
싫어요	👎	내린 엄지
심다	🪏	삽
심박수	🩺	청진기
심술궂은	👺	코주부 도깨비 가면
심술쟁이	🦡	오소리
심장	💓	두근거리는 하트
심장	💛	노란색 하트
심장	🫀	심장
심장	🩺	청진기
심장박동	💗	커지는 하트
심장학	🫀	심장
심통	🙎‍♂	뾰로통한 남자
심통	🙎‍♀	뾰로통한 여자
심해	🧜	인어
심해	🧜‍♂	남자 인어
심해	🧜‍♀	여자 인어
십자가	⛪	교회
십자가	⛑	흰 십자가가 있는 헬멧
십자가	✝	라틴 십자가
십자가	☦	전통적인 십자가
싱가포르	🇸🇬	깃발: 싱가포르
싸움	🫯	싸움 구름
싸움	🥷	닌자
싸움구름	🫯	싸움 구름
싸이클론	🌀	태풍
싹이돋다	🌱	새싹
쌀	🌾	벼
쌀	🍘	주먹밥
쌀	🍚	밥
쌀	🍛	카레라이스
쌀과자	🍘	주먹밥
쌀국수	🍜	국수
쌍검	⚔	쌍검
쌍둥이	👯	토끼 귀를 쓰고 춤추는 사람들
쌍둥이	👯‍♀	토끼 귀를 쓰고 춤추는 여자들
쌍둥이	👬	손을 잡고 있는 두 명의 남자
쌍둥이	♊	쌍둥이 자리
쌍둥이자리	♊	쌍둥이 자리
쌍봉	🐫	쌍봉 낙타
쌍봉낙타	🐫	쌍봉 낙타
쌍칼표	‡	쌍칼표
쌤통	😼	썩소 짓는 고양이
쌩	🏎	경주용 자동차
써니사이드업	🍳	프라이팬
썩소짓는고양이	😼	썩소 짓는 고양이
썰매	🛷	썰매
쏘는동물	🪼	해파리
쏟다	🫗	쏟아져 나오는 액체
쏟아져나오는액체	🫗	쏟아져 나오는 액체
쏠려	🤮	토하는 얼굴
쓰레기	🚮	쓰레기는 쓰레기통에
쓰레기	🚯	쓰레기 투기 금지
쓰레기는쓰레기통에	🚮	쓰레기는 쓰레기통에
쓰레기는쓰레기통에표시	🚮	쓰레기는 쓰레기통에
쓰레기통	🗑	쓰레기통
쓰레기통	🚮	쓰레기는 쓰레기통에
쓰레기투기	🚯	쓰레기 투기 금지
쓰레기투기금지	🚯	쓰레기 투기 금지
씨	©	저작권
씨디	💿	씨디
씨리얼	🥣	스푼과 사발
씨엘	🆑	씨엘
씨엘네모안	🆑	씨엘
씨푸드	🍢	오뎅
씽꼬데마요	🪅	피냐타
씽씽카	🛴	킥보드
아	🥹	눈물을 참는 얼굴
아기	👶	아기
아기	🤱	모유 수유
아기	👩‍🍼	수유 중인 여자
아기	👨‍🍼	수유 중인 남자
아기	🧑‍🍼	수유 중인 사람
아기	👼	아기 천사
아기	🐥	정면을 향해 날개를 편 병아리
아기	🍼	젖병
아기	🚼	수유실
아기병아리	🐤	병아리
아기천사	👼	아기 천사
아기표시	🚼	수유실
아니	😩	지친 얼굴
아니	🙈	눈을 가리고 있는 원숭이
아니요	🙂‍↔	도리도리
아니요	🙅	안 된다는 제스처를 하는 사람
아님	¬	부정
아랍어	،	아랍어 쉼표
아랍어	؛	아랍어 세미콜론
아랍어	؟	아랍어 물음표
아랍어물음표	؟	아랍어 물음표
아랍어세미콜론	؛	아랍어 세미콜론
아랍어쉼표	،	아랍어 쉼표
아랍에미리트	🇦🇪	깃발: 아랍에미리트
아랍인	👳	터번을 쓰고 있는 사람
아랍인	👳‍♂	터번을 쓰고 있는 남자
아랍인	👳‍♀	터번을 쓰고 있는 여자
아래	↓	아래 화살표
아래	👇	아래쪽을 가리키는 손등
아래	📉	내려가는 그래프
아래	⤵	아래쪽으로 꺾어지는 우향 화살표
아래	🔻	빨간색 아래쪽 삼각형
아래가좁은빨간색삼각형	🔻	빨간색 아래쪽 삼각형
아래따옴표	‚	오른쪽 아래 아포스트로피
아래로	⏬	빨리 내리기 버튼
아래를가리키는검지손가락	👇	아래쪽을 가리키는 손등
아래인용부호	„	오른쪽 아래 큰따옴표
아래쪽	↓	아래 화살표
아래쪽	▼	검은색 아래쪽 삼각형
아래쪽	👇	아래쪽을 가리키는 손등
아래쪽반원	◡	아래쪽 반원
아래쪽방향검은색작은삼각형	▾	아래쪽 방향 검은색 작은 삼각형
아래쪽방향흰색삼각형	▽	아래쪽 방향 흰색 삼각형
아래쪽방향흰색작은삼각형	▿	아래쪽 방향 흰색 작은 삼각형
아래쪽빨간색삼각형	🔻	빨간색 아래쪽 삼각형
아래쪽삼각형	🔽	내리기 버튼
아래쪽삼각형버튼	🔽	내리기 버튼
아래쪽쌍두화살표	↡	아래쪽 쌍두 화살표
아래쪽에화살촉이있는오른쪽외날화살표	⇁	아래쪽에 화살촉이 있는 오른쪽 외날 화살표
아래쪽에화살촉이있는왼쪽외날화살표	↽	아래쪽에 화살촉이 있는 왼쪽 외날 화살표
아래쪽으로꺾어지는우향화살표	⤵	아래쪽으로 꺾어지는 우향 화살표
아래쪽을가리키는검지손가락	👇	아래쪽을 가리키는 손등
아래쪽을가리키는손등	👇	아래쪽을 가리키는 손등
아래쪽이중화살표	⇓	아래쪽 이중 화살표
아래쪽절반이채워진원	◒	아래쪽 절반이 채워진 원
아래쪽지그재그화살표	↯	아래쪽 지그재그 화살표
아래쪽화살표	⬇	아래쪽 화살표
아래쪽화살표	⏬	빨리 내리기 버튼
아래쪽화살표쌍	⇊	아래쪽 화살표 쌍
아래쪽화살표오른쪽에위쪽화살표	⇵	아래쪽 화살표 오른쪽에 위쪽 화살표
아래화살표	↓	아래 화살표
아랫쪽	⏬	빨리 내리기 버튼
아레파	🫓	플랫브레드
아루바	🇦🇼	깃발: 아루바
아르메니아	🇦🇲	깃발: 아르메니아
아르메니아드람	֏	아르메니아 드람
아르헨티나	🇦🇷	깃발: 아르헨티나
아름다움	🪷	연꽃
아름다움	🌹	장미꽃
아마도	🤷	어깨를 으쓱하는 사람
아마도	🤷‍♂	어깨를 으쓱하는 남자
아마도	🤷‍♀	어깨를 으쓱하는 여자
아메리카	🌎	미대륙이 보이는 지구
아메리칸사모아	🇦🇸	깃발: 아메리칸 사모아
아메바	🦠	미생물
아몬드	🌰	밤
아무거나	😝	눈을 감고 메롱하는 얼굴
아무거나	💅	매니큐어
아무것도아님	😬	찌푸린 얼굴
아무것도안보려는원숭이	🙈	눈을 가리고 있는 원숭이
아무것도없는	🫙	작은 병
아무튼	🥱	하품하는 얼굴
아버님	👨‍🍼	수유 중인 남자
아버지	👨‍🍼	수유 중인 남자
아버지	🎅	산타클로스
아보카도	🥑	아보카도
아보카드	🥑	아보카도
아빠	👨‍🍼	수유 중인 남자
아빠	👪	가족
아빠	👨‍👩‍👦	가족: 남자 여자 남자 아이
아빠	👨‍👩‍👧	가족: 남자 여자 여자 아이
아빠	👨‍👩‍👧‍👦	가족: 남자 여자 여자 아이 남자 아이
아빠	👨‍👩‍👦‍👦	가족: 남자 여자 남자 아이 남자 아이
아빠	👨‍👩‍👧‍👧	가족: 남자 여자 여자 아이 여자 아이
아빠	👨‍👨‍👦	가족: 남자 남자 남자 아이
아빠	👨‍👨‍👧	가족: 남자 남자 여자 아이
아빠	👨‍👨‍👧‍👦	가족: 남자 남자 여자 아이 남자 아이
아빠	👨‍👨‍👦‍👦	가족: 남자 남자 남자 아이 남자 아이
아빠	👨‍👨‍👧‍👧	가족: 남자 남자 여자 아이 여자 아이
아빠	👩‍👩‍👦	가족: 여자 여자 남자 아이
아빠	👩‍👩‍👧	가족: 여자 여자 여자 아이
아빠	👩‍👩‍👧‍👦	가족: 여자 여자 여자 아이 남자 아이
아빠	👩‍👩‍👦‍👦	가족: 여자 여자 남자 아이 남자 아이
아빠	👩‍👩‍👧‍👧	가족: 여자 여자 여자 아이 여자 아이
아빠	👨‍👦	가족: 남자 남자 아이
아빠	👨‍👦‍👦	가족: 남자 남자 아이 남자 아이
아빠	👨‍👧	가족: 남자 여자 아이
아빠	👨‍👧‍👦	가족: 남자 여자 아이 남자 아이
아빠	👨‍👧‍👧	가족: 남자 여자 아이 여자 아이
아빠	👩‍👦	가족: 여자 남자 아이
아빠	👩‍👦‍👦	가족: 여자 남자 아이 남자 아이
아빠	👩‍👧	가족: 여자 여자 아이
아빠	👩‍👧‍👦	가족: 여자 여자 아이 남자 아이
아빠	👩‍👧‍👧	가족: 여자 여자 아이 여자 아이
아빠다리	🧘	가부좌한 사람
아빠다리	🧘‍♂	가부좌한 남자
아빠다리	🧘‍♀	가부좌한 여자
아빠모자	🧢	야구모자
아슬아슬한	😓	식은땀 흘리는 얼굴
아시아	🌏	아시아와 호주가 보이는 지구
아시아와호주가보이는지구	🌏	아시아와 호주가 보이는 지구
아야	🤕	머리에 붕대를 감은 얼굴
아야	🪼	해파리
아이	🧒	어린이
아이	👪	가족
아이	🧑‍🧑‍🧒	가족: 성인, 성인, 아이
아이	🧑‍🧑‍🧒‍🧒	가족: 성인, 성인, 아이, 아이
아이	🧑‍🧒	가족: 성인, 아이
아이	🧑‍🧒‍🧒	가족: 성인, 아이, 아이
아이	👨‍👩‍👦	가족: 남자 여자 남자 아이
아이	👨‍👩‍👧	가족: 남자 여자 여자 아이
아이	👨‍👩‍👧‍👦	가족: 남자 여자 여자 아이 남자 아이
아이	👨‍👩‍👦‍👦	가족: 남자 여자 남자 아이 남자 아이
아이	👨‍👩‍👧‍👧	가족: 남자 여자 여자 아이 여자 아이
아이	👨‍👨‍👦	가족: 남자 남자 남자 아이
아이	👨‍👨‍👧	가족: 남자 남자 여자 아이
아이	👨‍👨‍👧‍👦	가족: 남자 남자 여자 아이 남자 아이
아이	👨‍👨‍👦‍👦	가족: 남자 남자 남자 아이 남자 아이
아이	👨‍👨‍👧‍👧	가족: 남자 남자 여자 아이 여자 아이
아이	👩‍👩‍👦	가족: 여자 여자 남자 아이
아이	👩‍👩‍👧	가족: 여자 여자 여자 아이
아이	👩‍👩‍👧‍👦	가족: 여자 여자 여자 아이 남자 아이
아이	👩‍👩‍👦‍👦	가족: 여자 여자 남자 아이 남자 아이
아이	👩‍👩‍👧‍👧	가족: 여자 여자 여자 아이 여자 아이
아이	👨‍👦	가족: 남자 남자 아이
아이	👨‍👦‍👦	가족: 남자 남자 아이 남자 아이
아이	👨‍👧	가족: 남자 여자 아이
아이	👨‍👧‍👦	가족: 남자 여자 아이 남자 아이
아이	👨‍👧‍👧	가족: 남자 여자 아이 여자 아이
아이	👩‍👦	가족: 여자 남자 아이
아이	👩‍👦‍👦	가족: 여자 남자 아이 남자 아이
아이	👩‍👧	가족: 여자 여자 아이
아이	👩‍👧‍👦	가족: 여자 여자 아이 남자 아이
아이	👩‍👧‍👧	가족: 여자 여자 아이 여자 아이
아이디	🪪	신분증
아이디	🆔	아이디
아이디신호	🆔	아이디
아이디어	💡	전구
아이디표시	🆔	아이디
아이러니한	😼	썩소 짓는 고양이
아이러브유	🫶	손 하트
아이리쉬	☘	토끼풀
아이리쉬	🍀	네잎클로버
아이스	🍧	샤베트 아이스크림
아이스	🍨	아이스크림
아이스	🏒	아이스 하키와 퍽
아이스	⛸	아이스 스케이트
아이스스케이트	⛸	아이스 스케이트
아이스쿨라피우스	⚕	의학 기호
아이스크림	🍦	소프트 아이스크림
아이스크림	🍨	아이스크림
아이스크림콘	🍦	소프트 아이스크림
아이스하키와퍽	🏒	아이스 하키와 퍽
아이슬란드	🇮🇸	깃발: 아이슬란드
아이쿠	😓	식은땀 흘리는 얼굴
아이티	🇭🇹	깃발: 아이티
아일랜드	🇮🇪	깃발: 아일랜드
아제르바이잔	🇦🇿	깃발: 아제르바이잔
아제르바이잔마나트	₼	아제르바이잔 마나트
아짜증나	💩	똥
아침	💖	빛나는 하트
아침	🥣	스푼과 사발
아침	☕	뜨거운 음료
아침	🌄	산에서 떠오르는 해
아침	🌅	일출
아침밥	🍴	포크와 나이프
아침식사	🥯	베이글
아침식사	🧇	와플
아침식사	🍳	프라이팬
아침식사	🥣	스푼과 사발
아침식사	🍴	포크와 나이프
아코디언	🪗	아코디언
아티스트	🧑‍🎨	화가
아티스트	👨‍🎨	남자 화가
아티스트	👩‍🎨	여자 화가
아포스트로피	'	타자기 아포스트로피
아포스트로피	‘	왼쪽 아포스트로피
아포스트로피	’	오른쪽 아포스트로피
아포스트로피	‚	오른쪽 아래 아포스트로피
아포칼립스	🧟	좀비
아포칼립스	🧟‍♂	남자 좀비
아포칼립스	🧟‍♀	여자 좀비
아프가니스탄	🇦🇫	깃발: 아프가니스탄
아프가니스탄아프가니	؋	아프가니스탄 아프가니
아프로	🦱	곱슬머리
아프로	🪮	머리 빗
아프리카	🌍	유럽과 아프리카가 보이는 지구
아픈	😷	마스크 낀 얼굴
아픈	🤒	체온계를 물고 있는 얼굴
아픈	🤕	머리에 붕대를 감은 얼굴
아픈	🤢	구역질을 하는 얼굴
아픈	🤮	토하는 얼굴
아픈	🤧	재채기하는 얼굴
아픔	🤒	체온계를 물고 있는 얼굴
아픔	😵	어지러운 얼굴
아픔	💉	주사기
아픔	💊	알약
아하	💡	전구
아홉시	🕘	아홉 시
아홉시반	🕤	아홉 시 반
악	😑	무표정한 얼굴
악	🖤	검은색 하트
악	🤌	꼬집는 손가락
악기	📯	호른
악기	🎷	색소폰
악기	🎺	트럼펫
악기	🪊	트롬본
악기	🪗	아코디언
악기	🎸	기타
악기	🎹	피아노
악기	🎻	바이올린
악기	🪘	긴 북
악기	🪇	마라카스
악기	🪈	플루트
악기	🪉	하프
악당	🦹	슈퍼 악당
악당	🦹‍♂	남자 슈퍼 악당
악당	🦹‍♀	여자 슈퍼 악당
악마	😈	머리에 뿔이 달린 웃는 얼굴
악마	👿	머리에 뿔이 달린 화난 얼굴
악마	🙈	눈을 가리고 있는 원숭이
악마	🙉	귀를 막고 있는 원숭이
악마	🙊	입을 막고 있는 원숭이
악마의눈	🧿	악마의 눈
악보	🎼	높은음자리표
악상그라브	`	억음 부호
악상테귀	´	양음 부호
악수	🫱	오른쪽으로 향하는 손등
악수	🫲	왼쪽으로 향하는 손바닥
악수	🤝	악수
악어	🐊	악어
악역	🦹	슈퍼 악당
악역	🦹‍♂	남자 슈퍼 악당
악역	🦹‍♀	여자 슈퍼 악당
안개	🌁	자욱한 안개
안개	🌫	안개
안개낀	🌁	자욱한 안개
안개속얼굴	😶‍🌫	공상에 잠긴 얼굴
안경	🥸	변장한 얼굴
안경	🤓	모범생 얼굴
안경	👓	안경
안경	🕶	선글라스
안경류	😎	선글라스 낀 얼굴
안경류	👓	안경
안경류	🕶	선글라스
안구보호장비	🥽	고글
안내	🦮	안내견
안내	🪬	함사
안내견	🦮	안내견
안내데스크	💁	손바닥 꺾은 사람
안녕	👋	흔드는 손
안녕	🖐	쫙 편 손바닥
안녕	🫂	포옹하는 사람
안녕히주무세요	🥱	하품하는 얼굴
안녕히주무세요	💤	졸림
안녕히주무세요	🛌	침대에 누운 사람
안도	🥲	눈물 흘리며 웃는 얼굴
안도	😮‍💨	날숨 쉬는 얼굴
안도	😌	안심한 얼굴
안도감	😥	실망했지만 안도하는 얼굴
안도라	🇦🇩	깃발: 안도라
안돼	😩	지친 얼굴
안돼	🙅	안 된다는 제스처를 하는 사람
안돼	🙅‍♂	안 된다는 제스처를 하는 남자
안돼	🙅‍♀	안 된다는 제스처를 하는 여자
안된다는제스처를하는남자	🙅‍♂	안 된다는 제스처를 하는 남자
안된다는제스처를하는사람	🙅	안 된다는 제스처를 하는 사람
안된다는제스처를하는여자	🙅‍♀	안 된다는 제스처를 하는 여자
안됨	🙅	안 된다는 제스처를 하는 사람
안됨	🔕	음소거
안됨	🚫	금지
안됨	🚳	자전거 금지
안됨	🚭	금연 신호
안됨	🚷	보행자 금지
안됨	📵	휴대전화 사용금지
안됨	🔞	성인용
안심한얼굴	😌	안심한 얼굴
안아주기	🫂	포옹하는 사람
안으로말린문서	📃	안으로 말린 문서
안전	🫆	지문
안전	🛟	구명부환
안전	🦺	구명조끼
안전	🔐	자물쇠와 열쇠
안전모	👷	건설 노동자
안전모	👷‍♂	건설 현장 남자 노동자
안전모	👷‍♀	건설 현장 여자 노동자
안전요원	⛑	흰 십자가가 있는 헬멧
안전조끼	🦺	구명조끼
안테나	📡	위성 안테나
안테나	📶	안테나 신호
안테나신호	📶	안테나 신호
앉기	🪑	의자
알	🪺	알이 들어 있는 둥지
알	®	등록상표
알겠어	👌	오케이를 표시한 손
알람	🚨	사이렌
알람	⏰	알람 시계
알람시계	⏰	알람 시계
알려줘	🫴	손바닥을 위로 향한 손
알림판	🪧	플래카드
알바니아	🇦🇱	깃발: 알바니아
알수없는통화단위	¤	알 수 없는 통화 단위
알았어	🫡	경례하는 얼굴
알았어	👌	오케이를 표시한 손
알약	💊	알약
알에서깬병아리	🐣	알에서 깬 병아리
알이들어있는둥지	🪺	알이 들어 있는 둥지
알제리	🇩🇿	깃발: 알제리
알통	💪	알통
알파	🦁	사자 얼굴
알파벳	🔤	라틴어 알파벳
알파카	🦙	라마
암벽등반	🧗	클라이밍하는 사람
암벽등반	🧗‍♂	클라이밍하는 남자
암벽등반	🧗‍♀	클라이밍하는 여자
암벽등반가	🧗	클라이밍하는 사람
암벽등반가	🧗‍♂	클라이밍하는 남자
암벽등반가	🧗‍♀	클라이밍하는 여자
암산	🧮	주판
암살자	🥷	닌자
암석	🪨	바위
암양	🐑	양
암초	🪸	산호초
암탉	🐔	닭
암퇘지	🐖	돼지
암트랙	🚄	고속열차
암트랙	🚅	고속철
암포라	🏺	암포라
압정	📌	압정
압정	📍	둥근 머리 핀
압축기	🗜	압축기
앗	🤭	손으로 입을 가린 얼굴
앙골라	🇦🇴	깃발: 앙골라
앞문	🚪	문
앞에뾰족하게생긴고속철도	🚅	고속철
앞에옴	≺	앞에 옴
앞으로	⏩	빨리 감기 버튼
애스터리스크	*	별표
애완동물	🐶	강아지 얼굴
애완동물	🐕	개
애완동물	🐱	고양이 얼굴
애완동물	🐈	고양이
애완동물	🐹	햄스터 얼굴
애완동물	🐰	토끼 얼굴
애완동물	🐇	토끼
애원	🙇	절하는 사람
애원	🙇‍♂	절하는 남자
애원	🙇‍♀	절하는 여자
애원하는	🥺	애원하는 얼굴
애원하는얼굴	🥺	애원하는 얼굴
애플파이	🥧	파이
액션	🎬	슬레이트
액자	🖼	그림 액자
액자에걸린사진	🖼	그림 액자
액체	🫟	튀어오른 액체
액체방울	🫟	튀어오른 액체
앤드기호	&	앰퍼샌드
앤티가바부다	🇦🇬	깃발: 앤티가 바부다
앰뷸런스	🚑	구급차
앰퍼샌드	&	앰퍼샌드
앳기호	@	앳 기호
앵귈라	🇦🇮	깃발: 앵귈라
앵무새	🦜	앵무새
앵커	⚓	닻
야경	🌃	밤하늘 별
야경	🌆	도시 야경
야구	⚾	야구공
야구공	⚾	야구공
야구공	🥎	소프트볼
야구모자	🧢	야구모자
야미	🍴	포크와 나이프
야비함	🥷	닌자
야수	💪	알통
야옹	🐈‍⬛	검은 고양이
야옹이	🐈	고양이
야외	🌻	해바라기
야외운동	🥏	원반
야유	👎	내린 엄지
야자수	🌴	야자수
야자수	🥥	코코넛
야채	🍈	멜론
야채	🍅	토마토
야채	🍆	가지
야채	🥜	땅콩
야채	🍄‍🟫	갈색 양송이 버섯
야채	🥗	야채샐러드
야채샐러드	🥗	야채샐러드
야호	🎊	박 터트리기
약	😷	마스크 낀 얼굴
약	💊	알약
약간정신이나간	😜	윙크하면서 혀를 내민 얼굴
약물	💊	알약
약오르는	🙍	찌푸린 사람
약탈자	🏴‍☠	해적 깃발
약혼	💍	반지
약혼	💎	원석
양	🐑	양
양	☯	음양
양	♈	양자리
양궁	🎯	과녁 명중
양극음극	🧲	자석
양념	🧅	양파
양념	🫙	작은 병
양념통	🧂	소금
양동이	🪣	양동이
양말	🧦	양말
양배추	🥬	녹색 채소
양배추	🥦	브로콜리
양성애자	🌈	무지개
양성애자	🏳‍🌈	무지개 깃발
양손을모아서벌린모양	👐	양손을 모아서 벌린 모양
양음부호	´	양음 부호
양자리	🐏	숫양
양자리	♈	양자리
양주잔	🥃	양주잔
양쪽방향화살표	🔛	켜짐
양초	🕯	양초
양파	🧅	양파
어	😒	지루해하는 얼굴
어깨	🤷‍♂	어깨를 으쓱하는 남자
어깨	🤷‍♀	어깨를 으쓱하는 여자
어깨를으쓱하는남자	🤷‍♂	어깨를 으쓱하는 남자
어깨를으쓱하는사람	🤷	어깨를 으쓱하는 사람
어깨를으쓱하는여자	🤷‍♀	어깨를 으쓱하는 여자
어깨으쓱	🤷	어깨를 으쓱하는 사람
어두운	🕶	선글라스
어두움	🔅	밝기 낮음
어두움표시	🔅	밝기 낮음
어려운	☯	음양
어류	🦈	상어
어린	👶	아기
어린	🧒	어린이
어린나무	🌱	새싹
어린이	👶	아기
어린이	🧒	어린이
어린이	👦	남자 아이
어린이	🚸	어린이 보호 구역
어린이구역	🚸	어린이 보호 구역
어린이보호구역	🚸	어린이 보호 구역
어린이횡단보도	🚸	어린이 보호 구역
어린잎	🌱	새싹
어림없음	🙅	안 된다는 제스처를 하는 사람
어릿광대	🤡	어릿광대 얼굴
어릿광대얼굴	🤡	어릿광대 얼굴
어머니	👩‍🍼	수유 중인 여자
어묵	🍢	오뎅
어묵	🍥	어묵
어묵꼬치	🍢	오뎅
어색한	😑	무표정한 얼굴
어센션섬	🇦🇨	깃발: 어센션섬
어워드	🏅	스포츠 메달
어이없는	👻	유령
어이없음	😲	깜짝 놀란 얼굴
어이없음	😖	당혹한 얼굴
어지러운	🥴	헤롱헤롱 얼굴
어지러운	🌀	태풍
어지러운얼굴	😵	어지러운 얼굴
어지러움	😵	어지러운 얼굴
어지러움	💫	어지러움
어지럼증	😵‍💫	현기증 난 얼굴
어질어질	💫	어지러움
어쨌든	😴	졸고 있는 얼굴
어쨌든	💁	손바닥 꺾은 사람
어쩌라고	🫥	테두리가 점선으로 된 얼굴
어큐트액센트	´	양음 부호
억만장자	🚤	쾌속정
억음부호	`	억음 부호
언더라인	_	밑줄
언더암	🥎	소프트볼
언더웨어	🩲	삼각 수영복
언데드	🧛	뱀파이어
언데드	🧛‍♂	남자 뱀파이어
언데드	🧛‍♀	여자 뱀파이어
언데드	🧟	좀비
언데드	🧟‍♂	남자 좀비
언데드	🧟‍♀	여자 좀비
언짢은	🙍	찌푸린 사람
언짢은남자	🙍‍♂	찌푸린 남자
언짢은여자	🙍‍♀	찌푸린 여자
얻을득	🉐	얻을 득
얼굴	😀	활짝 웃는 얼굴
얼굴	😃	눈을 크게 뜨고 웃는 얼굴
얼굴	😄	미소 짓는 눈으로 활짝 웃는 얼굴
얼굴	😁	미소 짓는 눈으로 웃는 얼굴
얼굴	😆	눈웃음짓는 얼굴
얼굴	😅	땀 흘리며 웃는 얼굴
얼굴	🤣	바닥을 구르며 웃는 얼굴
얼굴	😂	기쁨의 눈물을 흘리는 얼굴
얼굴	🙂	살짝 미소 짓는 얼굴
얼굴	🙃	거꾸로 된 얼굴
얼굴	😉	윙크하는 얼굴
얼굴	😊	미소 짓는 눈으로 살짝 웃는 얼굴
얼굴	😇	후광이 비치는 웃는 얼굴
얼굴	😍	하트 눈 얼굴
얼굴	😘	키스를 보내는 얼굴
얼굴	😗	키스하는 얼굴
얼굴	☺	웃는 얼굴
얼굴	😚	눈을 감은 채로 키스하는 얼굴
얼굴	😙	미소 짓는 눈으로 키스하는 얼굴
얼굴	😋	맛있는 음식을 음미하는 얼굴
얼굴	😛	혀를 내민 얼굴
얼굴	😜	윙크하면서 혀를 내민 얼굴
얼굴	😝	눈을 감고 메롱하는 얼굴
얼굴	🤑	돈 모양의 입이 있는 얼굴
얼굴	🤗	포옹하고 있는 얼굴
얼굴	🤔	생각하는 얼굴
얼굴	🤐	지퍼로 입을 잠근 얼굴
얼굴	😐	덤덤한 얼굴
얼굴	😑	무표정한 얼굴
얼굴	😶	입이 없는 얼굴
얼굴	😒	지루해하는 얼굴
얼굴	🙄	눈을 굴리고 있는 얼굴
얼굴	😬	찌푸린 얼굴
얼굴	🤥	거짓말하는 얼굴
얼굴	🫨	요동치는 얼굴
얼굴	😌	안심한 얼굴
얼굴	😔	수심 어린 얼굴
얼굴	😪	졸린 얼굴
얼굴	🤤	침 흘리는 얼굴
얼굴	😴	졸고 있는 얼굴
얼굴	🫩	다크서클이 있는 얼굴
얼굴	😷	마스크 낀 얼굴
얼굴	🤒	체온계를 물고 있는 얼굴
얼굴	🤕	머리에 붕대를 감은 얼굴
얼굴	🤢	구역질을 하는 얼굴
얼굴	🤧	재채기하는 얼굴
얼굴	😵	어지러운 얼굴
얼굴	🤠	카우보이 모자 쓴 얼굴
얼굴붉힘	😳	상기된 얼굴
얼굴에손바닥을갖다댐	🤦	골치 아파하는 사람
얼굴에손바닥을갖다댐	🤦‍♂	골치 아파하는 남자
얼굴에손바닥을갖다댐	🤦‍♀	골치 아파하는 여자
얼굴옆에손바닥을위로향한남자	💁‍♂	손바닥 꺾은 남자
얼굴이있는그믐달	🌜	그믐달
얼굴이있는바람	🌬	얼굴이 있는 바람
얼굴이있는보름달	🌝	얼굴이 있는 보름달
얼굴이있는삭	🌚	얼굴이 있는 삭
얼굴이있는상현반달	🌜	그믐달
얼굴이있는초승달	🌛	얼굴이 있는 초승달
얼굴이있는해	🌞	얼굴이 있는 해
얼룩	🦒	기린
얼룩	🫟	튀어오른 액체
얼룩다람쥐	🐿	얼룩다람쥐
얼룩말	🦓	얼룩말
얼빠짐	😣	참아내는 얼굴
얼어붙은	🥶	추워하는 얼굴
얼음	🧊	얼음
엄마	👩‍🍼	수유 중인 여자
엄마	🤶	산타할머니
엄마	👪	가족
엄마	👨‍👩‍👦	가족: 남자 여자 남자 아이
엄마	👨‍👩‍👧	가족: 남자 여자 여자 아이
엄마	👨‍👩‍👧‍👦	가족: 남자 여자 여자 아이 남자 아이
엄마	👨‍👩‍👦‍👦	가족: 남자 여자 남자 아이 남자 아이
엄마	👨‍👩‍👧‍👧	가족: 남자 여자 여자 아이 여자 아이
엄마	👨‍👨‍👦	가족: 남자 남자 남자 아이
엄마	👨‍👨‍👧	가족: 남자 남자 여자 아이
엄마	👨‍👨‍👧‍👦	가족: 남자 남자 여자 아이 남자 아이
엄마	👨‍👨‍👦‍👦	가족: 남자 남자 남자 아이 남자 아이
엄마	👨‍👨‍👧‍👧	가족: 남자 남자 여자 아이 여자 아이
엄마	👩‍👩‍👦	가족: 여자 여자 남자 아이
엄마	👩‍👩‍👧	가족: 여자 여자 여자 아이
엄마	👩‍👩‍👧‍👦	가족: 여자 여자 여자 아이 남자 아이
엄마	👩‍👩‍👦‍👦	가족: 여자 여자 남자 아이 남자 아이
엄마	👩‍👩‍👧‍👧	가족: 여자 여자 여자 아이 여자 아이
엄마	👨‍👦	가족: 남자 남자 아이
엄마	👨‍👦‍👦	가족: 남자 남자 아이 남자 아이
엄마	👨‍👧	가족: 남자 여자 아이
엄마	👨‍👧‍👦	가족: 남자 여자 아이 남자 아이
엄마	👨‍👧‍👧	가족: 남자 여자 아이 여자 아이
엄마	👩‍👦	가족: 여자 남자 아이
엄마	👩‍👦‍👦	가족: 여자 남자 아이 남자 아이
엄마	👩‍👧	가족: 여자 여자 아이
엄마	👩‍👧‍👦	가족: 여자 여자 아이 남자 아이
엄마	👩‍👧‍👧	가족: 여자 여자 아이 여자 아이
엄지	👍	올린 엄지
엄지	👎	내린 엄지
엄지와중지를교차한손	🫰	엄지와 중지를 교차한 손
엄지척	👍	올린 엄지
엄청난	😯	숨죽인 얼굴
업	🆙	위로 버튼
없을무	🈚	없을 무
없음	🈚	없을 무
엇갈린일본국기	🎌	엇갈린 일본 국기
엇갈린화살표	🔀	랜덤 재생
엉덩이	🫏	당나귀
엉뚱한생각에잠긴얼굴	😶‍🌫	공상에 잠긴 얼굴
엉뚱한얼굴	🤪	괴짜 얼굴
엉엉	😭	엉엉 우는 얼굴
엉엉우는얼굴	😭	엉엉 우는 얼굴
엉킨	🪢	매듭
엎드려사과하는남자	🙇‍♂	절하는 남자
엎드려사과하는사람	🙇	절하는 사람
엎드려사과하는여자	🙇‍♀	절하는 여자
엎지르다	🫗	쏟아져 나오는 액체
에르미트켤레행렬	⊹	에르미트 켤레 행렬
에리트리아	🇪🇷	깃발: 에리트리아
에스오에스	🆘	에스오에스
에스오에스신호	🆘	에스오에스
에스와티니	🇸🇿	깃발: 에스와티니
에스카르고	🐌	달팽이
에스토니아	🇪🇪	깃발: 에스토니아
에이비형	🆎	에이비형
에이티엠	🏧	ATM
에이형	🅰	에이형
에일리언	👽	외계인
에일리언	👾	에일리언
에취	🤧	재채기하는 얼굴
에콰도르	🇪🇨	깃발: 에콰도르
에티오피아	🇪🇹	깃발: 에티오피아
엑스	×	곱셈 기호
엑스	✖	곱하기
엑스	❌	엑스 표시
엑스레이	🩻	엑스레이
엑스자	🙅‍♂	안 된다는 제스처를 하는 남자
엑스자	🙅‍♀	안 된다는 제스처를 하는 여자
엑스표	❌	엑스 표시
엑스표시	❌	엑스 표시
엑스표시	❎	엑스 표시 버튼
엑스표시버튼	❎	엑스 표시 버튼
엔	💴	엔
엔	¥	엔화
엔지	🆖	엔지
엔지니어	🧑‍🔬	과학자
엔지니어	👨‍🔬	남자 과학자
엔지니어	👩‍🔬	여자 과학자
엔지신호	🆖	엔지
엔지표시	🆖	엔지
엔진	🚂	기관차
엔진	🚒	소방차
엔터테이너	🧑‍🎤	가수
엔터테이너	👨‍🎤	남자 가수
엔터테이너	👩‍🎤	여자 가수
엔터테인먼트	🎠	회전 목마
엔터테인먼트	🎆	불꽃놀이
엔터테인먼트	🎫	티켓
엔터테인먼트	🎣	낚싯대
엔터테인먼트	🎯	과녁 명중
엔터테인먼트	🎮	비디오 게임
엔터테인먼트	🎲	주사위
엔터테인먼트	🎭	가면
엔터테인먼트	🎨	팔레트
엔터테인먼트	📻	라디오
엔화	💴	엔
엔화	¥	엔화
엔화관련상승하는그래프	💹	엔화 관련 상승하는 그래프
엘레강스	💃	여자 댄서
엘리베이터	🛗	엘리베이터
엘살바도르	🇸🇻	깃발: 엘살바도르
엘크	🫎	무스
엘프	🧝	엘프
엘프	🧝‍♂	남자 엘프
엘프	🧝‍♀	여자 엘프
엠디	💽	엠디
엠블럼	🔱	삼지창
여객선	🛳	여객선
여경	👮‍♀	여자 경찰관
여교사	👩‍🏫	여교사
여권	🛂	출입국 심사
여기요	🙋	한 손 든 사람
여기요	🙋‍♂	한 손 든 남자
여기요	🙋‍♀	한 손 든 여자
여는거북등괄호	〔	여는 거북등괄호
여는검은색렌즈괄호	【	여는 검은색 렌즈 괄호
여는겹낫표	『	여는 겹낫표
여는낫표	「	여는 낫표
여는대괄호	[	여는 대괄호
여는소괄호	〈	여는 소괄호
여는이중소괄호	《	여는 이중 소괄호
여는중괄호	{	여는 중괄호
여는태그	<	미만
여는흰색렌즈괄호	〖	여는 흰색 렌즈 괄호
여덟갈래별표	✳	여덟 갈래 별표
여덟시	🕗	여덟 시
여덟시반	🕣	여덟 시 반
여름	🚤	쾌속정
여배우	🎭	가면
여섯시	🕕	여섯 시
여섯시반	🕡	여섯 시 반
여성	👩	여자
여성	👱‍♀	금발 여자
여성	👵	할머니
여성	🤰	임산부
여성	🦸‍♀	여자 히어로
여성	💃	여자 댄서
여성	👜	핸드백
여성	🚺	여자 화장실
여성	♀	여성 기호
여성	👩‍🦰	여자: 빨간 머리
여성	👩‍🦱	여자: 곱슬머리
여성	👩‍🦳	여자: 백발
여성	👩‍🦲	여자: 대머리
여성기호	♀	여성 기호
여성복	👚	여성복
여성용	🚺	여자 화장실
여성용구두	👠	하이힐
여성용모자	👒	여성용 모자
여성용부츠	👢	부츠
여성용샌들	👡	샌들
여성용신발	👠	하이힐
여성용신발	👡	샌들
여성용신발	👢	부츠
여성커플	👭	손을 잡고 있는 두 명의 여자
여신상	🗽	자유의 여신상
여왕	🫅	왕관을 쓴 사람
여왕	👸	공주
여왕	👑	왕관
여우	🦊	여우 얼굴
여우얼굴	🦊	여우 얼굴
여자	👩	여자
여자	🧔‍♀	수염 난 여자
여자	👱‍♀	금발 여자
여자	👵	할머니
여자	🧏‍♀	청각장애가 있는 여자
여자	🤦‍♀	골치 아파하는 여자
여자	🤷‍♀	어깨를 으쓱하는 여자
여자	👩‍⚕	여자 의료인
여자	👩‍🎓	여학생
여자	👩‍🏫	여교사
여자	👩‍⚖	여자 판사
여자	👩‍🌾	여자 농부
여자	👩‍🍳	여자 요리사
여자	👩‍🔧	여자 정비공
여자	👩‍🏭	공장 여자 직원
여자	👩‍💼	여자 회사원
여자	👩‍🔬	여자 과학자
여자	👩‍💻	여자 기술 전문가
여자	👩‍🎤	여자 가수
여자	👩‍🎨	여자 화가
여자	👩‍✈	여자 기장
여자	👩‍🚀	여자 우주비행사
여자	👩‍🚒	여자 소방관
여자	👮‍♀	여자 경찰관
여자	🕵‍♀	여자 탐정
여자	💂‍♀	여자 근위병
여자	👷‍♀	건설 현장 여자 노동자
여자	🤵‍♀	턱시도를 입은 여자
여자	👰‍♀	면사포를 쓴 여자
여자	🤰	임산부
여자	👩‍🍼	수유 중인 여자
여자	🤶	산타할머니
여자	🦹‍♀	여자 슈퍼 악당
여자	🧍‍♀	서 있는 여자
여자	🧎‍♀	무릎을 꿇은 여자
여자	👩‍🦯	지팡이를 든 여자
여자	👩‍🦼	전동 휠체어를 탄 여자
여자	👩‍🦽	수동 휠체어를 탄 여자
여자	💃	여자 댄서
여자	🕺	남자 댄서
여자	🏋‍♀	여자 역도 선수
여자	🚵‍♀	산악 자전거 타는 여자
여자	🤸‍♀	옆돌기하는 여자
여자	🤼‍♀	레슬링하는 여자
여자	🤽‍♀	수구하는 여자
여자	🤾‍♀	핸드볼하는 여자
여자	🤹‍♀	저글링하는 여자
여자	👭	손을 잡고 있는 두 명의 여자
여자가수	👩‍🎤	여자 가수
여자경찰관	👮‍♀	여자 경찰관
여자과학자	👩‍🔬	여자 과학자
여자근위병	💂‍♀	여자 근위병
여자기술전문가	👩‍💻	여자 기술 전문가
여자기장	👩‍✈	여자 기장
여자농부	👩‍🌾	여자 농부
여자댄서	💃	여자 댄서
여자마법사	🧙‍♀	여자 마법사
여자뱀파이어	🧛‍♀	여자 뱀파이어
여자소방관	👩‍🚒	여자 소방관
여자슈퍼악당	🦹‍♀	여자 슈퍼 악당
여자아이	👧	여자 아이
여자아이	👨‍👨‍👧	가족: 남자 남자 여자 아이
여자아이	👨‍👨‍👧‍👦	가족: 남자 남자 여자 아이 남자 아이
여자아이	👨‍👨‍👧‍👧	가족: 남자 남자 여자 아이 여자 아이
여자아이	👨‍👧	가족: 남자 여자 아이
여자아이	👨‍👧‍👦	가족: 남자 여자 아이 남자 아이
여자아이	👨‍👧‍👧	가족: 남자 여자 아이 여자 아이
여자엘프	🧝‍♀	여자 엘프
여자역도선수	🏋‍♀	여자 역도 선수
여자요리사	👩‍🍳	여자 요리사
여자요정	🧚‍♀	여자 요정
여자용	🚺	여자 화장실
여자우주비행사	👩‍🚀	여자 우주비행사
여자의료인	👩‍⚕	여자 의료인
여자인어	🧜	인어
여자인어	🧜‍♀	여자 인어
여자정비공	👩‍🔧	여자 정비공
여자좀비	🧟‍♀	여자 좀비
여자지니	🧞‍♀	여자 지니
여자탐정	🕵‍♀	여자 탐정
여자판사	👩‍⚖	여자 판사
여자헤어컷	💇‍♀	여자 헤어컷
여자화가	👩‍🎨	여자 화가
여자화장실	🚺	여자 화장실
여자회사원	👩‍💼	여자 회사원
여자히어로	🦸‍♀	여자 히어로
여정	🛄	짐 찾는 곳
여학생	👩‍🎓	여학생
여행	🚂	기관차
여행	🚃	전철
여행	🚅	고속철
여행	🚇	지하철
여행	🚤	쾌속정
여행	🚢	선박
여행	✈	비행기
여행	🚁	헬리콥터
여행	🚀	로켓
여행	🧳	여행용 가방
여행	📷	카메라
여행	🗿	모아이
여행	🛄	짐 찾는 곳
여행용가방	🧳	여행용 가방
여행준비	🛄	짐 찾는 곳
여형사	🕵‍♀	여자 탐정
역	🚉	기차역
역겨운	😝	눈을 감고 메롱하는 얼굴
역겨운	🤢	구역질을 하는 얼굴
역도	💪	알통
역도	🏋	역도 선수
역도	🏋‍♂	남자 역도 선수
역도	🏋‍♀	여자 역도 선수
역도선수	🏋	역도 선수
역도선수	🏋‍♂	남자 역도 선수
역도선수	🏋‍♀	여자 역도 선수
역도하는사람	🏋	역도 선수
역도하는사람	🏋‍♂	남자 역도 선수
역물결표	∽	역물결표
역빗금	\	역슬래시
역사선	\	역슬래시
역슬래시	\	역슬래시
역할극	🧙	마법사
역할극	🧙‍♂	남자 마법사
역할극	🧙‍♀	여자 마법사
연	🪁	연
연결	🛜	무선
연결된	🖇	이어져 있는 클립
연구실	🔍	왼쪽으로 향한 돋보기
연구실	🧪	시험관
연구실	🔬	현미경
연구자	🧑‍🔬	과학자
연구자	👨‍🔬	남자 과학자
연구자	👩‍🔬	여자 과학자
연기	💨	달려나감
연꽃	🪷	연꽃
연날리기	🪁	연
연락선	⛴	페리
연료	⛽	주유소
연설	📢	확성기
연애	😗	키스하는 얼굴
연애	😚	눈을 감은 채로 키스하는 얼굴
연애	😙	미소 짓는 눈으로 키스하는 얼굴
연애	💘	화살이 꽂힌 하트
연애	💕	하트 두 개
연애	💋	입술
연애	👭	손을 잡고 있는 두 명의 여자
연애	👫	손을 잡고 있는 남녀
연애	👬	손을 잡고 있는 두 명의 남자
연애	💏	키스
연애	💑	연인
연애	💐	꽃다발
연애	💄	립스틱
연애	👩‍❤‍💋‍👨	키스: 여자 남자
연애	👨‍❤‍💋‍👨	키스: 남자 남자
연애	👩‍❤‍💋‍👩	키스: 여자 여자
연애	👩‍❤‍👨	연인: 여자 남자
연애	👨‍❤‍👨	연인: 남자 남자
연애	👩‍❤‍👩	연인: 여자 여자
연애중	💑	연인
연애중	👩‍❤‍👨	연인: 여자 남자
연애중	👨‍❤‍👨	연인: 남자 남자
연애중	👩‍❤‍👩	연인: 여자 여자
연애편지	💌	러브레터
연예인	🧑‍🎤	가수
연예인	👨‍🎤	남자 가수
연예인	👩‍🎤	여자 가수
연인	😘	키스를 보내는 얼굴
연인	😚	눈을 감은 채로 키스하는 얼굴
연인	💕	하트 두 개
연인	👫	손을 잡고 있는 남녀
연인	💏	키스
연인	💑	연인
연인	👩‍❤‍💋‍👨	키스: 여자 남자
연인	👨‍❤‍💋‍👨	키스: 남자 남자
연인	👩‍❤‍💋‍👩	키스: 여자 여자
연인	👩‍❤‍👨	연인: 여자 남자
연인	👨‍❤‍👨	연인: 남자 남자
연인	👩‍❤‍👩	연인: 여자 여자
연장	🗜	압축기
연주	🎷	색소폰
연주	🎺	트럼펫
연주	🎸	기타
연주	🎹	피아노
연주	🎻	바이올린
연주	🪉	하프
연체동물	🦑	오징어
연필	✏	연필
연필	📝	메모
연필쥔손	✍	글을 쓰고 있는 손
열	🤧	재채기하는 얼굴
열	🦟	모기
열광하는	😜	윙크하면서 혀를 내민 얼굴
열기	🫠	녹아 내리는 얼굴
열기	🌞	얼굴이 있는 해
열기	📂	폴더 열기
열나는	🥵	더운 얼굴
열대	🦩	홍학
열대	🍋‍🟩	라임
열대과일	🥭	망고
열대나무	🌴	야자수
열대어	🐠	열대어
열대음료	🍹	음료수
열대지방	🐠	열대어
열대지방	🌴	야자수
열대지방	🍍	파인애플
열대지방	🍹	음료수
열두시	🕛	열두 시
열두시	🕧	열두 시 반
열두시반	🕧	열두 시 반
열린	📬	표지가 올라간 열린 우편함
열린	📭	표지가 내려간 열린 우편함
열린자물쇠	🔓	열린 자물쇠
열린파일폴더	📂	폴더 열기
열린폴더	📂	폴더 열기
열매	🥑	아보카도
열매가안열리는	🪾	잎이 없는 나무
열받은	😤	화내며 씩씩거리는 얼굴
열받은	😡	뾰로통한 얼굴
열받은	😠	화난 얼굴
열받은	🤬	욕하는 얼굴
열쇠	🔐	자물쇠와 열쇠
열쇠	🔑	열쇠
열쇠	🗝	오래된 열쇠
열시	🕙	열 시
열시반	🕥	열 시 반
열시정각	🕙	열 시
열한시	🕚	열한 시
열한시반	🕦	열한 시 반
염려되는	😨	두려워하는 얼굴
염려스러운	😟	걱정스러운 얼굴
염소	🐐	염소
염소	♑	염소자리
염소자리	🐐	염소
염소자리	♑	염소자리
영	🈺	벼슬 관
영광	🐦‍🔥	불사조
영국	🇬🇧	영국 국기
영국	💷	파운드 지폐
영국	💂	근위병
영국	🇮🇴	관련 · 영국령 인도양 지역 국기
영국	🇦🇺	관련 · 호주 국기
영국	🇳🇿	관련 · 뉴질랜드 국기
영국돈	💷	파운드
영국령버진아일랜드	🇻🇬	깃발: 영국령 버진아일랜드
영국령인도양지역	🇮🇴	깃발: 영국령 인도양 지역
영국파운드	£	파운드화
영국화폐	💷	파운드
영사기	📽	영화 프로젝터
영수증	🧾	영수증
영어대문자	🔠	대문자
영어소문자	🔡	소문자
영웅	🦸	히로인
영원	♾	무한
영원한베스트프렌드	👥	사람들 그림자
영향	🪃	부메랑
영화	🍿	팝콘
영화	🎥	영화 카메라
영화	🎞	영화 프레임
영화	📽	영화 프로젝터
영화	🎬	슬레이트
영화	🎦	영화
영화관	🎭	가면
영화관	🎦	영화
영화촬영	🎬	슬레이트
영화카메라	🎥	영화 카메라
영화프레임	🎞	영화 프레임
영화프로젝터	📽	영화 프로젝터
옆돌기	🤸	옆돌기하는 사람
옆돌기	🤸‍♂	옆돌기하는 남자
옆돌기	🤸‍♀	옆돌기하는 여자
옆돌기하는남자	🤸‍♂	옆돌기하는 남자
옆돌기하는사람	🤸	옆돌기하는 사람
옆돌기하는여자	🤸‍♀	옆돌기하는 여자
옆으로누운역방향에스	∾	옆으로 누운 역방향 에스
예	🙂‍↕	끄덕끄덕
예	🆗	오케이
예멘	🇾🇪	깃발: 예멘
예민한	🫦	입술을 깨물고 있는 입
예민함	🫦	입술을 깨물고 있는 입
예배	📿	묵주
예배	🛐	예배공간
예배공간	🛐	예배공간
예배당	💒	결혼식
예배당	⛪	교회
예술	🎭	가면
예술	🖼	그림 액자
예술	🎨	팔레트
예술가	👨‍🎨	남자 화가
예술가	👩‍🎨	여자 화가
예술가팔레트	🎨	팔레트
예술적인	🎨	팔레트
예스	👍	올린 엄지
예언	🥠	포츈 쿠키
예언	🔮	수정 구슬
예이	😃	눈을 크게 뜨고 웃는 얼굴
예이	👏	손뼉
옛날방식	📇	카드 인덱스
옛날회상	📻	라디오
오	😐	덤덤한 얼굴
오	😑	무표정한 얼굴
오	🥹	눈물을 참는 얼굴
오	🙀	절규하는 고양이 얼굴
오	5⃣	키 캡: 5
오고있는경찰차	🚔	오고 있는 경찰차
오고있는버스	🚍	오고 있는 버스
오고있는승용차	🚘	오고 있는 자동차
오고있는자동차	🚘	오고 있는 자동차
오고있는택시	🚖	오고 있는 택시
오뎅	🍢	오뎅
오뎅	🍥	어묵
오뎅꼬치	🍢	오뎅
오두막	🛖	오두막
오랑우탄	🦧	오랑우탄
오래된열쇠	🗝	오래된 열쇠
오렌지	🍊	귤
오렌지	📙	주황색 책
오렌지색	🧡	주황색 하트
오렌지색	🟠	오렌지색 원
오렌지색	🟧	오렌지색 사각형
오렌지색	🔶	큰 주황색 마름모
오렌지색	🔸	작은 주황색 마름모
오렌지색사각형	🟧	오렌지색 사각형
오렌지색원	🟠	오렌지색 원
오렌지색책	📙	주황색 책
오렌지색하트	🧡	주황색 하트
오르다	🪜	사다리
오르락내리락	🪀	요요
오른손	🫱	오른쪽으로 향하는 손등
오른쪽	»	오른쪽 이중 꺽쇠괄호
오른쪽	→	오른쪽 화살표
오른쪽	🫱	오른쪽으로 향하는 손등
오른쪽	👉	오른쪽을 가리키는 손등
오른쪽	🤜	오른쪽을 향하는 주먹
오른쪽	▶	재생 버튼
오른쪽	⏯	재생 또는 일시 정지 버튼
오른쪽모서리가접힌문서	📄	오른쪽 모서리가 접힌 문서
오른쪽반달	🌓	오른쪽 반달
오른쪽방향	🫱	오른쪽으로 향하는 손등
오른쪽방향	🫸	오른쪽으로 밀치는 손
오른쪽방향검은색작은삼각형	▸	오른쪽 방향 검은색 작은 삼각형
오른쪽방향검은색포인터	►	오른쪽 방향 검은색 포인터
오른쪽방향흰색삼각형	▷	오른쪽 방향 흰색 삼각형
오른쪽방향흰색작은삼각형	▹	오른쪽 방향 흰색 작은 삼각형
오른쪽방향흰색포인터	▻	오른쪽 방향 흰색 포인터
오른쪽삼중화살표	⇛	오른쪽 삼중 화살표
오른쪽쌍두화살표	↠	오른쪽 쌍두 화살표
오른쪽아래검은색직각삼각형	◢	오른쪽 아래 검은색 직각삼각형
오른쪽아래사분면원호	◞	오른쪽 아래 사분면 원호
오른쪽아래사선줄임표	⋱	오른쪽 아래 사선 줄임표
오른쪽아래아포스트로피	‚	오른쪽 아래 아포스트로피
오른쪽아래직각삼각형	◿	오른쪽 아래 직각삼각형
오른쪽아래큰따옴표	„	오른쪽 아래 큰따옴표
오른쪽아래화살표	↘	오른쪽 아래 화살표
오른쪽아포스트로피	’	오른쪽 아포스트로피
오른쪽에서왼쪽으로꺾는화살표	↩	오른쪽에서 왼쪽으로 꺾는 화살표
오른쪽에서위로꺾는화살표	⤴	오른쪽에서 위로 꺾는 화살표
오른쪽에화살촉이있는아래쪽외날화살표	⇂	오른쪽에 화살촉이 있는 아래쪽 외날 화살표
오른쪽에화살촉이있는위쪽외날화살표	↾	오른쪽에 화살촉이 있는 위쪽 외날 화살표
오른쪽외날화살표위에왼쪽외날화살표	⇋	오른쪽 외날 화살표 위에 왼쪽 외날 화살표
오른쪽위검은색직각삼각형	◥	오른쪽 위 검은색 직각삼각형
오른쪽위사분면원호	◝	오른쪽 위 사분면 원호
오른쪽위사분면이있는빈원	◷	오른쪽 위 사분면이 있는 빈 원
오른쪽위사분면이있는빈정사각형	◳	오른쪽 위 사분면이 있는 빈 정사각형
오른쪽위사분면이채워진원	◔	오른쪽 위 사분면이 채워진 원
오른쪽위사선줄임표	⋰	오른쪽 위 사선 줄임표
오른쪽위에서왼쪽아래방향대각선으로채워진정사각형	▨	오른쪽 위에서 왼쪽 아래 방향 대각선으로 채워진 정사각형
오른쪽위화살표	↗	오른쪽 위 화살표
오른쪽으로곡선으로꺾어지는화살표	↪	왼쪽에서 오른쪽으로 꺾는 화살표
오른쪽으로꺾어지는좌향화살표	↪	왼쪽에서 오른쪽으로 꺾는 화살표
오른쪽으로밀치는손	🫸	오른쪽으로 밀치는 손
오른쪽으로상승	📈	상승하는 그래프
오른쪽으로향하는손등	🫱	오른쪽으로 향하는 손등
오른쪽으로향한돋보기	🔎	오른쪽으로 향한 돋보기
오른쪽을	🚶‍➡	보행자: 오른쪽을 향한
오른쪽을	🚶‍♀‍➡	걷는 여자: 오른쪽을 향한
오른쪽을	🚶‍♂‍➡	걷는 남자: 오른쪽을 향한
오른쪽을	🧎‍➡	무릎을 꿇은 사람: 오른쪽을 향한
오른쪽을	🧎‍♀‍➡	무릎을 꿇은 여자: 오른쪽을 향한
오른쪽을	🧎‍♂‍➡	무릎을 꿇은 남자: 오른쪽을 향한
오른쪽을	🧑‍🦯‍➡	지팡이를 든 사람: 오른쪽을 향한
오른쪽을	👨‍🦯‍➡	지팡이를 든 남자: 오른쪽을 향한
오른쪽을	👩‍🦯‍➡	지팡이를 든 여자: 오른쪽을 향한
오른쪽을	🧑‍🦼‍➡	전동 휠체어를 탄 사람: 오른쪽을 향한
오른쪽을	👨‍🦼‍➡	전동 휠체어를 탄 남자: 오른쪽을 향한
오른쪽을	👩‍🦼‍➡	전동 휠체어를 탄 여자: 오른쪽을 향한
오른쪽을	🧑‍🦽‍➡	수동 휠체어를 탄 사람: 오른쪽을 향한
오른쪽을	👨‍🦽‍➡	수동 휠체어를 탄 남자: 오른쪽을 향한
오른쪽을	👩‍🦽‍➡	수동 휠체어를 탄 여자: 오른쪽을 향한
오른쪽을	🏃‍➡	뛰는 사람: 오른쪽을 향한
오른쪽을	🏃‍♀‍➡	뛰는 여자: 오른쪽을 향한
오른쪽을	🏃‍♂‍➡	뛰는 남자: 오른쪽을 향한
오른쪽을가리키는검지손가락	👉	오른쪽을 가리키는 손등
오른쪽을가리키는손등	👉	오른쪽을 가리키는 손등
오른쪽을향하는	🤜	오른쪽을 향하는 주먹
오른쪽을향하는주먹	🤜	오른쪽을 향하는 주먹
오른쪽이중꺽쇠괄호	»	오른쪽 이중 꺽쇠괄호
오른쪽이중화살표	⇒	오른쪽 이중 화살표
오른쪽절반이채워진반원	◗	오른쪽 절반이 채워진 반원
오른쪽절반이채워진원	◑	오른쪽 절반이 채워진 원
오른쪽큰따옴표	”	오른쪽 큰따옴표
오른쪽화살표	→	오른쪽 화살표
오른쪽화살표	➡	우향 화살표
오른쪽화살표꼬리	↣	오른쪽 화살표 꼬리
오른쪽화살표두개	⏩	빨리 감기 버튼
오른쪽화살표루프	↬	오른쪽 화살표 루프
오른쪽화살표쌍	⇉	오른쪽 화살표 쌍
오른편	🤜	오른쪽을 향하는 주먹
오리	🦆	오리
오리	🪿	거위
오리엔티어링	🧭	나침반
오마이갓	😝	눈을 감고 메롱하는 얼굴
오마이갓	🫢	눈을 뜨고 손으로 입을 가린 얼굴
오마이갓	😵‍💫	현기증 난 얼굴
오마이갓	😮	입벌린 얼굴
오마이갓	😲	깜짝 놀란 얼굴
오마이갓	🙈	눈을 가리고 있는 원숭이
오마이갓	👀	왕눈이 눈알
오만	🇴🇲	깃발: 오만
오소리	🦡	오소리
오스트랄	₳	오스트랄
오스트레일리아	🐨	코알라
오스트레일리아	🇦🇺	깃발: 오스트레일리아
오스트리아	🇦🇹	깃발: 오스트리아
오이	🥒	오이
오징어	🦑	오징어
오케스트라	🪈	플루트
오케이	👍	올린 엄지
오케이	🙆	오케이라는 제스처를 하는 사람
오케이	🙆‍♂	오케이라는 제스처를 하는 남자
오케이	🙆‍♀	오케이라는 제스처를 하는 여자
오케이	🆗	오케이
오케이라는제스처를하는남자	🙆‍♂	오케이라는 제스처를 하는 남자
오케이라는제스처를하는사람	🙆	오케이라는 제스처를 하는 사람
오케이라는제스처를하는여자	🙆‍♀	오케이라는 제스처를 하는 여자
오케이를표시한손	👌	오케이를 표시한 손
오케이신호	👌	오케이를 표시한 손
오케이신호	🆗	오케이
오케이제스처를하는사람	🙆	오케이라는 제스처를 하는 사람
오토바이	🏍	오토바이
오토바이	🛵	스쿠터
오트밀	🥣	스푼과 사발
오피스	🏢	빌딩
오형	🅾	오형
옥수수	🌽	옥수수
옥수수한자루	🌽	옥수수
옥토버페스트	🍺	맥주잔
온도	🌡	온도계
온도계	🌡	온도계
온두라스	🇭🇳	깃발: 온두라스
온점	.	마침표
온천	♨	온천
올란드제도	🇦🇽	깃발: 올란드 제도
올리기버튼	🔼	올리기 버튼
올리브	🫒	올리브
올린엄지	👍	올린 엄지
올림표	♯	올림표
올빼미	🦉	부엉이
옮음	🉑	옳을 가
옳을가	🉑	옳을 가
옴	🕉	옴
옷	🥼	실험실 가운
옷	👕	티셔츠
옷	👗	원피스
옷	🥻	사리
옷	👚	여성복
옷	👛	지갑
옷	👜	핸드백
옷	👝	파우치
옷	👞	남성용 구두
옷핀	🧷	옷핀
와	😮	입벌린 얼굴
와우	🤩	반한 얼굴
와우	😦	입 벌리고 찌푸린 얼굴
와우	😧	괴로워하는 얼굴
와인	🍾	코르크가 튀어나오고 있는 병
와인	🍷	와인잔
와인글라스	🍷	와인잔
와인바	🍷	와인잔
와인병	🍾	코르크가 튀어나오고 있는 병
와인잔	🍷	와인잔
와일드카드	*	별표
와일드카드	🃏	조커
와플	🧇	와플
완두콩	🫛	완두콩 꼬투리
완두콩꼬투리	🫛	완두콩 꼬투리
완료	☑	체크박스
완료됨	✅	체크 표시 버튼
완전재미있는	🤣	바닥을 구르며 웃는 얼굴
완화	💆‍♂	마사지 받는 남자
완화	💆‍♀	마사지 받는 여자
왕	🫅	왕관을 쓴 사람
왕	👑	왕관
왕관	🫅	왕관을 쓴 사람
왕관	👑	왕관
왕관을쓴사람	🫅	왕관을 쓴 사람
왕눈이	👽	외계인
왕눈이눈알	👀	왕눈이 눈알
왕실	🫅	왕관을 쓴 사람
왕자	🤴	왕자
왕자님	🤴	왕자
왕족	🫅	왕관을 쓴 사람
왕족	🤴	왕자
왕족	👑	왕관
왜곡된얼굴	🫪	왜곡된 얼굴
왜냐하면기호	∵	왜냐하면 기호
외계괴물	👾	에일리언
외계생명체	👽	외계인
외계인	👽	외계인
외계인	👾	에일리언
외계인	🛸	비행접시
외계인	🔭	망원경
외계인	📡	위성 안테나
외로움	💔	깨진 하트
외칼표	†	외칼표
왼손	🫲	왼쪽으로 향하는 손바닥
왼쪽	«	왼쪽 이중 꺽쇠괄호
왼쪽	←	왼쪽 화살표
왼쪽	🫲	왼쪽으로 향하는 손바닥
왼쪽	👈	왼쪽을 가리키는 손등
왼쪽	🤛	왼쪽을 향하는 주먹
왼쪽말풍선	🗨	왼쪽 말풍선
왼쪽반달	🌗	왼쪽 반달
왼쪽방향	🫲	왼쪽으로 향하는 손바닥
왼쪽방향	🫷	왼쪽으로 밀치는 손
왼쪽방향검은색작은삼각형	◂	왼쪽 방향 검은색 작은 삼각형
왼쪽방향검은색포인터	◄	왼쪽 방향 검은색 포인터
왼쪽방향흰색삼각형	◁	왼쪽 방향 흰색 삼각형
왼쪽방향흰색작은삼각형	◃	왼쪽 방향 흰색 작은 삼각형
왼쪽방향흰색포인터	◅	왼쪽 방향 흰색 포인터
왼쪽삼중화살표	⇚	왼쪽 삼중 화살표
왼쪽쌍두화살표	↞	왼쪽 쌍두 화살표
왼쪽아래검은색직각삼각형	◣	왼쪽 아래 검은색 직각삼각형
왼쪽아래사분면원호	◟	왼쪽 아래 사분면 원호
왼쪽아래화살표	↙	왼쪽 아래 화살표
왼쪽아포스트로피	‘	왼쪽 아포스트로피
왼쪽에서오른쪽으로꺾는화살표	↪	왼쪽에서 오른쪽으로 꺾는 화살표
왼쪽에화살촉이있는아래쪽외날화살표	⇃	왼쪽에 화살촉이 있는 아래쪽 외날 화살표
왼쪽에화살촉이있는위쪽외날화살표	↿	왼쪽에 화살촉이 있는 위쪽 외날 화살표
왼쪽에화살표가있는휴대전화	📲	왼쪽에 화살표가 있는 휴대전화
왼쪽외날화살표위에오른쪽외날화살표	⇌	왼쪽 외날 화살표 위에 오른쪽 외날 화살표
왼쪽위검은색직각삼각형	◤	왼쪽 위 검은색 직각삼각형
왼쪽위사분면원호	◜	왼쪽 위 사분면 원호
왼쪽위사분면을제외한모든면이채워진원	◕	왼쪽 위 사분면을 제외한 모든 면이 채워진 원
왼쪽위에서오른쪽아래방향대각선으로채워진정사각형	▧	왼쪽 위에서 오른쪽 아래 방향 대각선으로 채워진 정사각형
왼쪽위화살표	↖	왼쪽 위 화살표
왼쪽으로곡선으로꺾어지는화살표	↩	오른쪽에서 왼쪽으로 꺾는 화살표
왼쪽으로꺾어지는우향화살표	↩	오른쪽에서 왼쪽으로 꺾는 화살표
왼쪽으로밀치는손	🫷	왼쪽으로 밀치는 손
왼쪽으로향하는손바닥	🫲	왼쪽으로 향하는 손바닥
왼쪽으로향한돋보기	🔍	왼쪽으로 향한 돋보기
왼쪽을가리키는검지손가락	👈	왼쪽을 가리키는 손등
왼쪽을가리키는손등	👈	왼쪽을 가리키는 손등
왼쪽을향하는주먹	🤛	왼쪽을 향하는 주먹
왼쪽이중꺽쇠괄호	«	왼쪽 이중 꺽쇠괄호
왼쪽이중화살표	⇐	왼쪽 이중 화살표
왼쪽절반이채워진반원	◖	왼쪽 절반이 채워진 반원
왼쪽절반이채워진원	◐	왼쪽 절반이 채워진 원
왼쪽큰따옴표	“	왼쪽 큰따옴표
왼쪽화살표	←	왼쪽 화살표
왼쪽화살표	⬅	좌향 화살표
왼쪽화살표	🔙	뒤로
왼쪽화살표꼬리	↢	왼쪽 화살표 꼬리
왼쪽화살표두개	⏪	되감기 버튼
왼쪽화살표루프	↫	왼쪽 화살표 루프
왼쪽화살표쌍	⇇	왼쪽 화살표 쌍
왼쪽화살표위에오른쪽화살표	⇄	왼쪽 화살표 위에 오른쪽 화살표
왼편	🤛	왼쪽을 향하는 주먹
요가	🧘	가부좌한 사람
요가	🧘‍♂	가부좌한 남자
요가	🧘‍♀	가부좌한 여자
요기	🧘	가부좌한 사람
요기	🧘‍♂	가부좌한 남자
요기	🧘‍♀	가부좌한 여자
요동치는얼굴	🫨	요동치는 얼굴
요동침	🫨	요동치는 얼굴
요르단	🇯🇴	깃발: 요르단
요리	🍳	프라이팬
요리	🍽	포크와 나이프가 있는 접시
요리	🍴	포크와 나이프
요리	🔪	식칼
요리	🏺	암포라
요리사	🧑‍🍳	요리사
요리사	👨‍🍳	남자 요리사
요리사	👩‍🍳	여자 요리사
요리용칼	🔪	식칼
요법	💆	마사지 받는 사람
요요	🪀	요요
요정	🧚	요정
요정	🧚‍♂	남자 요정
요정	🧚‍♀	여자 요정
요정	🧝	엘프
요정	🧝‍♂	남자 엘프
요정	🧝‍♀	여자 엘프
요정이야기	💀	해골
요청	🙏	기도
요트	⛵	돛단배
욕	🤬	욕하는 얼굴
욕설	🖕	중지
욕실	🪥	칫솔
욕심	🤑	돈 모양의 입이 있는 얼굴
욕조	🛀	목욕하는 사람
욕조	🛁	욕조
욕하는	🤬	욕하는 얼굴
욕하는얼굴	🤬	욕하는 얼굴
욜로	😜	윙크하면서 혀를 내민 얼굴
욜로	😝	눈을 감고 메롱하는 얼굴
욜로	💀	해골
욜로	⏳	시간이 남은 모래시계
욜로	🎆	불꽃놀이
용	🐲	용 얼굴
용	🐉	용
용기	🫙	작은 병
용띠	🐲	용 얼굴
용서	🙇	절하는 사람
용서	🙇‍♂	절하는 남자
용서	🙇‍♀	절하는 여자
용얼굴	🐲	용 얼굴
용접	🥽	고글
우간다	🇺🇬	깃발: 우간다
우는	😩	지친 얼굴
우는얼굴	😢	우는 얼굴
우롱	🍵	차
우루과이	🇺🇾	깃발: 우루과이
우리기	🫖	찻주전자
우물정자	#	해시 기호
우버	🚖	오고 있는 택시
우산	🏖	파라솔이 있는 해변
우산	🌂	접힌 우산
우산	☂	우산
우산	☔	빗방울이 있는 우산
우산	⛱	땅에 꽂힌 파라솔
우상향화살표	↗	오른쪽 위 화살표
우승	🏆	트로피
우아한	🕺	남자 댄서
우아한	🌹	장미꽃
우와	😵‍💫	현기증 난 얼굴
우울	🫥	테두리가 점선으로 된 얼굴
우울한	🫥	테두리가 점선으로 된 얼굴
우유	🐮	소 얼굴
우유	🐄	젖소
우유	🐐	염소
우유	🍼	젖병
우유	🥛	우유 한잔
우유	🧋	버블티
우유부단한	🧇	와플
우유한잔	🥛	우유 한잔
우정	👭	손을 잡고 있는 두 명의 여자
우정	🫂	포옹하는 사람
우주	👾	에일리언
우주	🧑‍🚀	우주비행사
우주	👨‍🚀	남자 우주비행사
우주	👩‍🚀	여자 우주비행사
우주	🛰	인공위성
우주	🚀	로켓
우주	🌑	삭
우주	🌒	초승달 상현
우주	🌓	오른쪽 반달
우주	🌔	상현달
우주	🌕	보름달
우주	🌖	하현달
우주	🌗	왼쪽 반달
우주	🌘	그믐달 하현
우주	🌙	초승달
우주	🌚	얼굴이 있는 삭
우주	🌛	얼굴이 있는 초승달
우주	🌠	별똥별
우주	🌌	은하수
우주	☄	혜성
우주비행사	🧑‍🚀	우주비행사
우주비행사	👨‍🚀	남자 우주비행사
우주비행사	👩‍🚀	여자 우주비행사
우주생명체	👾	에일리언
우주생명체	🛸	비행접시
우주인	👨‍🚀	남자 우주비행사
우주인	👩‍🚀	여자 우주비행사
우주침략자	👾	에일리언
우즈베키스탄	🇺🇿	깃발: 우즈베키스탄
우체국	🏣	일본 우체국
우체국	🏤	우체국
우체국	📮	우편함
우체국	🚩	세모 깃발
우체통	📪	표지가 내려간 닫힌 우편함
우체통	📮	우편함
우측	→	오른쪽 화살표
우측	🫱	오른쪽으로 향하는 손등
우측방향	🫱	오른쪽으로 향하는 손등
우크라이나	🇺🇦	깃발: 우크라이나
우크라이나그리브나	₴	우크라이나 그리브나
우편	📯	호른
우편	📧	이메일
우편함	📫	표지가 올라간 닫힌 우편함
우편함	📪	표지가 내려간 닫힌 우편함
우편함	📬	표지가 올라간 열린 우편함
우편함	📭	표지가 내려간 열린 우편함
우편함	📮	우편함
우하향화살표	↘	오른쪽 아래 화살표
우향화살표	➡	우향 화살표
우회전	↪	왼쪽에서 오른쪽으로 꺾는 화살표
우회전	⤵	아래쪽으로 꺾어지는 우향 화살표
우후	🎉	파티
운	🪬	함사
운	🔯	육각 별
운동	💦	땀
운동	🙆	오케이라는 제스처를 하는 사람
운동	🏂	스노보드 타는 사람
운동	🏊	수영하는 사람
운동	🏊‍♂	수영하는 남자
운동	🏋	역도 선수
운동	🏋‍♂	남자 역도 선수
운동	🛼	롤러스케이트
운동	🏀	농구
운동	🏈	미식축구공
운동	🏉	럭비공
운동	🎾	테니스
운동	🏏	크리켓
운동	🎿	스키
운동복	🎽	러닝 셔츠
운동복상의	🎽	러닝 셔츠
운동선수	⛹	공을 갖고 있는 사람
운동선수	⛹‍♂	공 가진 남자
운동선수	⛹‍♀	공 가진 여자
운동선수	🤾	핸드볼하는 사람
운동선수	🤾‍♀	핸드볼하는 여자
운동화	👟	운동화
운세	🔮	수정 구슬
운송	🚚	운송 트럭
운송수단	🛻	픽업트럭
운송차량	🚚	운송 트럭
운송트럭	🚚	운송 트럭
운전	🚐	미니버스
운전	🚕	택시
운전	🚖	오고 있는 택시
운전	🚗	자동차
운전	🚘	오고 있는 자동차
운전	🚙	지프
운전	🚚	운송 트럭
운전	🚛	트레일러 트럭
운전	🚦	세로 신호등
울	🐑	양
울	🦙	라마
울고있는고양이	😿	울고 있는 고양이 얼굴
울고있는고양이얼굴	😿	울고 있는 고양이 얼굴
울렁거림	😟	걱정스러운 얼굴
울면서웃음	😂	기쁨의 눈물을 흘리는 얼굴
울상	🙎	뾰로통한 사람
울음	🥹	눈물을 참는 얼굴
울음	😢	우는 얼굴
울음	😭	엉엉 우는 얼굴
울컥	💢	화남
움라	🕋	카바
움라우트	¨	분음 부호
웁스	🤭	손으로 입을 가린 얼굴
웁스	🙊	입을 막고 있는 원숭이
웁스	🫗	쏟아져 나오는 액체
웃고있는	😃	눈을 크게 뜨고 웃는 얼굴
웃고있지만당황한얼굴	😅	땀 흘리며 웃는 얼굴
웃고있지만당황해서땀흘리는얼굴	😅	땀 흘리며 웃는 얼굴
웃는얼굴	😊	미소 짓는 눈으로 살짝 웃는 얼굴
웃는얼굴	😇	후광이 비치는 웃는 얼굴
웃는얼굴	☺	웃는 얼굴
웃는얼굴	😏	히죽거리는 얼굴
웃는얼굴	😈	머리에 뿔이 달린 웃는 얼굴
웃는얼굴천사	😇	후광이 비치는 웃는 얼굴
웃으면서뽀뽀하는얼굴	😙	미소 짓는 눈으로 키스하는 얼굴
웃음	😀	활짝 웃는 얼굴
웃음	😄	미소 짓는 눈으로 활짝 웃는 얼굴
웃음	😆	눈웃음짓는 얼굴
웃음	🤣	바닥을 구르며 웃는 얼굴
웃음	😂	기쁨의 눈물을 흘리는 얼굴
웃음	☺	웃는 얼굴
웃음	😹	기쁨의 눈물을 흘리는 고양이 얼굴
웃음기없는	😐	덤덤한 얼굴
웃음짓는얼굴	☺	웃는 얼굴
웃장	🚪	문
워킹	🚶‍♂	걷는 남자
워킹	🚶‍♀	걷는 여자
워킹	🚶‍♀‍➡	걷는 여자: 오른쪽을 향한
워킹	🚶‍♂‍➡	걷는 남자: 오른쪽을 향한
워킹데드	🧟	좀비
워킹데드	🧟‍♂	남자 좀비
워킹데드	🧟‍♀	여자 좀비
워터폴로	🤽	수구하는 사람
워터폴로	🤽‍♂	수구하는 남자
워터폴로	🤽‍♀	수구하는 여자
원	○	빈 원
원	●	채워진 원
원	◯	큰 빈 원
원	🛞	휠
원	⏺	녹음/녹화 버튼
원	⭕	빨간색 정답 동그라미
원	Ⓜ	원글자 엠
원	🔴	빨간 원
원	🟠	오렌지색 원
원	🟡	노란색 원
원	🟢	녹색 원
원	🔵	파란 원
원	🟣	보라색 원
원	🟤	갈색 원
원	⚫	검은색 원
원	⚪	흰색 원
원	₩	원
원글자엠	Ⓜ	원글자 엠
원반	🥏	원반
원본	⊶	원본
원샷	🍻	맥주
원석	💎	원석
원소	∈	원소 포함
원소가아님	∉	원소가 아님
원소로포함	∋	원소로 포함
원소포함	∈	원소 포함
원소포함기호	∈	원소 포함
원숭이	🙈	눈을 가리고 있는 원숭이
원숭이	🙉	귀를 막고 있는 원숭이
원숭이	🙊	입을 막고 있는 원숭이
원숭이	🐵	원숭이 얼굴
원숭이	🐒	원숭이
원숭이	🦧	오랑우탄
원숭이띠	🐵	원숭이 얼굴
원숭이얼굴	🐵	원숭이 얼굴
원실	🛖	오두막
원안의곱하기	⊗	원 안의 곱하기
원안의나누기슬래시	⊘	원 안의 나누기 슬래시
원안의더하기	⊕	원 안의 더하기
원안의별표연산자	⊛	원 안의 별표 연산자
원안의빼기	⊖	원 안의 빼기
원안의점연산자	⊙	원 안의 점 연산자
원안의축하표의문자	㊗	원 안의 축하 표의문자
원안의환연산자	⊚	원 안의 환 연산자
원자	⚛	원자 기호
원자기호	⚛	원자 기호
원장	📒	노트
원표시된비밀표의문자	㊙	원 표시된 비밀 표의문자
원표시된축하표의문자	㊗	원 안의 축하 표의문자
원피스	👗	원피스
원피스수영복	🩱	원피스 수영복
월	🈷	달 월
월귤나무	🫐	블루베리
월드	🌏	아시아와 호주가 보이는 지구
월드와이드	🌐	자오선 지구
월병	🥮	월병
웨이트트레이닝	🏋	역도 선수
웨이트트레이닝	🏋‍♂	남자 역도 선수
웨일즈	🏴󠁧󠁢󠁷󠁬󠁳󠁿	깃발: 웨일즈
웹	🕸	거미줄
웹	🌐	자오선 지구
위	↑	위 화살표
위	👆	위쪽을 가리키는 손등
위가좁은빨간색삼각형	🔺	빨간색 위쪽 삼각형
위도	🌐	자오선 지구
위로	⏫	빨리 올리기 버튼
위로버튼	🆙	위로 버튼
위로향한손바닥두개	🤲	내민 두 손
위로화살표	🔝	맨 위 화살표
위를가리키는검지손가락	👆	위쪽을 가리키는 손등
위생	🪥	칫솔
위성	📡	위성 안테나
위성방송	📡	위성 안테나
위성안테나	📡	위성 안테나
위스키	🥃	양주잔
위시본	🦴	뼈다귀
위아래	⇅	위아래 화살표
위아래	🙃	거꾸로 된 얼굴
위아래	↕	위아래 방향 화살표
위아래방향화살표	↕	위아래 방향 화살표
위아래화살표	⇅	위아래 화살표
위안	¥	엔화
위안화	¥	엔화
위쪽	↑	위 화살표
위쪽	▲	검은색 위쪽 삼각형
위쪽	👆	위쪽을 가리키는 손등
위쪽	⬆	위쪽 화살표
위쪽	⏫	빨리 올리기 버튼
위쪽반원	◠	위쪽 반원
위쪽방향검은색삼각형	▴	위쪽 방향 검은색 삼각형
위쪽방향흰색삼각형	△	위쪽 방향 흰색 삼각형
위쪽방향흰색작은삼각형	▵	위쪽 방향 흰색 작은 삼각형
위쪽빨간색삼각형	🔺	빨간색 위쪽 삼각형
위쪽삼각형	🔼	올리기 버튼
위쪽삼각형버튼	🔼	올리기 버튼
위쪽쌍두화살표	↟	위쪽 쌍두 화살표
위쪽압정표시	⊥	위쪽 압정 표시
위쪽에화살촉이있는오른쪽외날화살표	⇀	위쪽에 화살촉이 있는 오른쪽 외날 화살표
위쪽에화살촉이있는왼쪽외날화살표	↼	위쪽에 화살촉이 있는 왼쪽 외날 화살표
위쪽으로	🔝	맨 위 화살표
위쪽으로	🆙	위로 버튼
위쪽으로꺾어지는우향화살표	⤴	오른쪽에서 위로 꺾는 화살표
위쪽을가리키는손	☝	위쪽을 가리키는 손
위쪽을가리키는손등	👆	위쪽을 가리키는 손등
위쪽이중화살표	⇑	위쪽 이중 화살표
위쪽절반이채워진원	◓	위쪽 절반이 채워진 원
위쪽화살표	⬆	위쪽 화살표
위쪽화살표	🔝	맨 위 화살표
위쪽화살표쌍	⇈	위쪽 화살표 쌍
위치표시	🚩	세모 깃발
위치표시깃발	🚩	세모 깃발
위험	🛘	산사태
위험	⚡	고압 주의
위험	☢	방사능
위험한	💣	폭탄
위화살표	↑	위 화살표
윈도우	🪟	창문
윌버	🐷	돼지 얼굴
윗줄	‾	윗줄
윙크	😉	윙크하는 얼굴
윙크	😜	윙크하면서 혀를 내민 얼굴
윙크하는얼굴	😉	윙크하는 얼굴
윙크하면서메롱하는얼굴	😜	윙크하면서 혀를 내민 얼굴
윙크하면서혀를내민얼굴	😜	윙크하면서 혀를 내민 얼굴
유골함	⚱	납골 단지
유니콘	🦄	유니콘 얼굴
유니콘얼굴	🦄	유니콘 얼굴
유니폼	🥋	도복
유대교	🕍	시나고그
유대교	✡	다윗의 별
유대교	🕎	메노라
유대교	🔯	육각 별
유대목	🐨	코알라
유대목동물	🦘	캥거루
유대인	🕍	시나고그
유대인	✡	다윗의 별
유대인	🕎	메노라
유대인	🔯	육각 별
유도	🥋	도복
유럽	🇪🇺	유럽연합 국기 · 유럽 전체의 국기는 아님
유럽	🏰	관련 · 성
유럽	🌍	유럽과 아프리카가 보이는 지구
유럽	🏤	우체국
유럽과아프리카가보이는지구	🌍	유럽과 아프리카가 보이는 지구
유럽돈	💶	유로
유럽성	🏰	유럽 성
유럽연합	🇪🇺	깃발: 유럽 연합
유럽연합단일화폐	€	유로화
유럽화폐	💶	유로
유령	👻	유령
유로	🪙	동전
유로	💶	유로
유로	€	유로화
유로화	💶	유로
유로화	€	유로화
유로화폐	€	유로화
유르트	🛖	오두막
유리	🔍	왼쪽으로 향한 돋보기
유리잔	🫗	쏟아져 나오는 액체
유모	👩‍🍼	수유 중인 여자
유모	🧑‍🍼	수유 중인 사람
유사하거나같음위에보다작음	⪍	유사하거나 같음 위에 보다 작음
유선전화	☎	전화기
유성	🌠	별똥별
유아	👶	아기
유원지	🎠	회전 목마
유원지	🎡	관람차
유원지	🎢	롤러코스터
유인원	🦧	오랑우탄
유전	🧬	DNA
유전학	🧬	DNA
유제품	🧈	버터
유혹	😉	윙크하는 얼굴
육	6⃣	키 캡: 6
육각별	🔯	육각 별
육각형별	🔯	육각 별
육면체	🏢	빌딩
육상	👟	운동화
으르렁거리는	🦁	사자 얼굴
으르렁거리는	🐻	곰 얼굴
으쓱	🤷	어깨를 으쓱하는 사람
으쓱	🤷‍♂	어깨를 으쓱하는 남자
으쓱	🤷‍♀	어깨를 으쓱하는 여자
윽	🙄	눈을 굴리고 있는 얼굴
은	🪙	동전
은	🪎	보물 상자
은메달	🥈	은메달
은발	🦳	백발
은색	🩶	회색 하트
은하	🌌	은하수
은하수	🌌	은하수
은행	🏦	은행
은행	💰	돈주머니
은행	💵	달러
은행	💶	유로
은행	💷	파운드
은행	💸	날개 달린 돈
은행	💳	신용카드
은행	💹	엔화 관련 상승하는 그래프
은행	🏧	ATM
은행	💱	환전
음	😋	맛있는 음식을 음미하는 얼굴
음	🤔	생각하는 얼굴
음	☯	음양
음각피	🅿	주차 표시
음료	🍼	젖병
음료	🥛	우유 한잔
음료	☕	뜨거운 음료
음료	🫖	찻주전자
음료	🍵	차
음료	🍶	사케
음료	🍾	코르크가 튀어나오고 있는 병
음료	🍷	와인잔
음료	🍸	칵테일
음료	🍹	음료수
음료	🍺	맥주잔
음료	🍻	맥주
음료	🥂	건배하는 샴페인 잔
음료	🫗	쏟아져 나오는 액체
음료	🥤	빨대와 컵
음료	🧃	음료 팩
음료	🧉	마테차
음료	🚰	음수대
음료	🚱	마실 수 없는 물
음료수	🥛	우유 한잔
음료수	🍹	음료수
음료팩	🧃	음료 팩
음메	🐮	소 얼굴
음메	🐄	젖소
음미	😋	맛있는 음식을 음미하는 얼굴
음소거	🔇	무음
음소거	🔕	음소거
음소거된스피커	🔇	무음
음수대	🚰	음수대
음식	😋	맛있는 음식을 음미하는 얼굴
음식	🦐	새우
음식	🦑	오징어
음식	🥭	망고
음식	🍎	빨간 사과
음식	🫐	블루베리
음식	🥝	키위
음식	🍅	토마토
음식	🫒	올리브
음식	🥑	아보카도
음식	🥔	감자
음식	🥕	당근
음식	🫑	피망
음식	🥒	오이
음식	🥜	땅콩
음식	🫘	콩
음식	🍄‍🟫	갈색 양송이 버섯
음식	🫜	뿌리채소
음식	🥐	크루아상
음식	🥖	바게트
음식	🫓	플랫브레드
음식	🥞	팬케이크
음식	🥓	베이컨
음식	🍔	햄버거
음식	🍟	감자튀김
음식	🍕	피자
음식	🫔	타말레
음식	🥙	밀전병에 싼 요리
음식	🥚	달걀
음식	🥘	납작한 냄비
음식	🍲	국
음식	🫕	퐁듀
음식	🥗	야채샐러드
음식	🍱	도시락
음식	🍘	주먹밥
음식	🍙	삼각 김밥
음식	🍚	밥
음식	🍛	카레라이스
음식	🍜	국수
음식	🍝	스파게티
음식	🍠	고구마
음식	🍢	오뎅
음식	🍣	초밥
음식	🥡	테이크아웃 상자
음식	🍦	소프트 아이스크림
음식	🍨	아이스크림
음식	🍩	도넛
음식	🍭	롤리팝
음식배달	🥡	테이크아웃 상자
음식한그릇	🍲	국
음악	♪	팔분음표
음악	🔊	스피커 소리 크게
음악	🎼	높은음자리표
음악	🎵	음표
음악	🎶	노래 음표
음악	🎙	스튜디오 마이크
음악	🎚	레벨 슬라이더
음악	🎛	컨트롤 레버
음악	🎤	마이크
음악	🎷	색소폰
음악	🎺	트럼펫
음악	🪊	트롬본
음악	🪗	아코디언
음악	🎸	기타
음악	🎹	피아노
음악	🎻	바이올린
음악	🪕	밴조
음악	🥁	드럼
음악	🪇	마라카스
음악	🪈	플루트
음악	🪉	하프
음악감상	🎧	헤드폰
음양	☯	음양
음원	℗	음원 복제권
음원복제권	℗	음원 복제권
음주	🍷	와인잔
음주	🍺	맥주잔
음표	♪	팔분음표
음표	🎼	높은음자리표
음표	🎵	음표
음표	🎶	노래 음표
음흉한	😏	히죽거리는 얼굴
응	🫡	경례하는 얼굴
응급	🦺	구명조끼
응애응애	👶	아기
응원	📣	메가폰
의료	🧑‍⚕	의료인
의료	👨‍⚕	남자 의료인
의료	👩‍⚕	여자 의료인
의료	🩻	엑스레이
의료인	🧑‍⚕	의료인
의료인	👨‍⚕	남자 의료인
의료인	👩‍⚕	여자 의료인
의료진	🧑‍⚕	의료인
의료진	👨‍⚕	남자 의료인
의료진	👩‍⚕	여자 의료인
의류	👣	발자국
의류	👓	안경
의류	👔	넥타이
의류	👕	티셔츠
의류	👖	바지
의류	👗	원피스
의류	👘	기모노
의류	👙	비키니
의류	👚	여성복
의류	👛	지갑
의류	👜	핸드백
의류	👝	파우치
의류	👞	남성용 구두
의류	👟	운동화
의류	👠	하이힐
의류	👢	부츠
의류	👑	왕관
의류	👒	여성용 모자
의류	🎩	마술사 모자
의류	🎓	졸업 모자
의류	📿	묵주
의문	🫤	입이 한쪽으로 올라간 얼굴
의문	❓	빨간색 물음표
의문	❔	하얀색 물음표
의복	🥻	사리
의사	😷	마스크 낀 얼굴
의사	🧑‍⚕	의료인
의사	👨‍⚕	남자 의료인
의사	👩‍⚕	여자 의료인
의사	🏥	병원
의사	🥼	실험실 가운
의사	💉	주사기
의사	💊	알약
의사	🩺	청진기
의사	🩻	엑스레이
의술의신	⚕	의학 기호
의심	🤨	눈썹을 치켜올린 얼굴
의심	🫤	입이 한쪽으로 올라간 얼굴
의심	🤷‍♂	어깨를 으쓱하는 남자
의심	🤷‍♀	어깨를 으쓱하는 여자
의심스러운	😏	히죽거리는 얼굴
의심하는얼굴	🤨	눈썹을 치켜올린 얼굴
의자	💺	좌석
의자	🪑	의자
의학	😷	마스크 낀 얼굴
의학	🏥	병원
의학	💉	주사기
의학	🩸	핏방울
의학	💊	알약
의학	🩺	청진기
의학	⚕	의학 기호
의학기호	⚕	의학 기호
이	🪥	칫솔
이	2⃣	키 캡: 2
이거	☝	위쪽을 가리키는 손
이겼다	😤	화내며 씩씩거리는 얼굴
이동	🏃	뛰는 사람
이동	🏃‍♂	뛰는 남자
이동	🏃‍♀	뛰는 여자
이동	🚛	트레일러 트럭
이동	🏃‍➡	뛰는 사람: 오른쪽을 향한
이동	🏃‍♀‍➡	뛰는 여자: 오른쪽을 향한
이동	🏃‍♂‍➡	뛰는 남자: 오른쪽을 향한
이동보조	🩼	목발
이두박근	💪	알통
이득	🉐	얻을 득
이등	🥈	은메달
이따가봐	👋	흔드는 손
이라크	🇮🇶	깃발: 이라크
이란	🇮🇷	깃발: 이란
이럴수가	🤦	골치 아파하는 사람
이럴수가	🤦‍♂	골치 아파하는 남자
이럴수가	🤦‍♀	골치 아파하는 여자
이륙	🛫	비행기 이륙
이를떠는	🥶	추워하는 얼굴
이름	📛	이름표
이름표	📛	이름표
이리와	🫴	손바닥을 위로 향한 손
이마에손	🤦‍♂	골치 아파하는 남자
이마에손	🤦‍♀	골치 아파하는 여자
이메일	✉	봉투
이메일	📧	이메일
이메일	📨	받은 편지
이메일	📩	보낸 편지
이메일	📤	보낸 편지함
이메일	📥	받은 편지함
이발	💇	헤어컷
이발	💈	이발소
이발사	💈	이발소
이발소	💇	헤어컷
이발소	💈	이발소
이발소기둥	💈	이발소
이발소표시	💈	이발소
이별	💔	깨진 하트
이별	🫂	포옹하는 사람
이별의고통	💔	깨진 하트
이별의아픔	💔	깨진 하트
이빨	🦷	이빨
이빨	🧛	뱀파이어
이빨	🧛‍♂	남자 뱀파이어
이빨	🧛‍♀	여자 뱀파이어
이빨	🦫	비버
이쁜	🦋	나비
이삭	🌾	벼
이상	≥	이상
이상한	😜	윙크하면서 혀를 내민 얼굴
이상한	😶	입이 없는 얼굴
이상한	😒	지루해하는 얼굴
이상함	😬	찌푸린 얼굴
이스라엘	🇮🇱	깃발: 이스라엘
이스라엘신권세켈	₪	이스라엘 신권 세켈
이슬람	🕌	모스크
이슬람	🕋	카바
이슬람	☪	초승달과 별
이어버드	🎧	헤드폰
이어져있는클립	🖇	이어져 있는 클립
이어폰	🎧	헤드폰
이완	💆	마사지 받는 사람
이음	🔗	링크
이익	🉐	얻을 득
이자카야	🏮	일본식 등
이전노래	⏮	이전 트랙 버튼
이전장면	⏮	이전 트랙 버튼
이전트랙	⏮	이전 트랙 버튼
이전트랙버튼	⏮	이전 트랙 버튼
이중가로선이있는아래쪽화살표	⇟	이중 가로선이 있는 아래쪽 화살표
이중가로선이있는위쪽화살표	⇞	이중 가로선이 있는 위쪽 화살표
이중교집합	⋒	이중 교집합
이중밑줄이있는논리합	⩣	이중 밑줄이 있는 논리합
이중소괄호	《	여는 이중 소괄호
이중소괄호	》	닫는 이중 소괄호
이중적분	∬	이중 적분
이집트	🇪🇬	깃발: 이집트
이집트파운드	£	파운드화
이탈리아	🇮🇹	깃발: 이탈리아
이탈리안	🍝	스파게티
이파리	🍁	단풍잎
이파리	🍂	낙엽
이하	≤	이하
익살스러운얼굴	🤪	괴짜 얼굴
인간	👱	금발인 사람
인공기관	🦿	인공 다리
인공다리	🦿	인공 다리
인공위성	🛰	인공위성
인공팔	🦾	기계 팔
인내	🤌	꼬집는 손가락
인내하는얼굴	😣	참아내는 얼굴
인덱스	👈	왼쪽을 가리키는 손등
인덱스	👉	오른쪽을 가리키는 손등
인덱스	👆	위쪽을 가리키는 손등
인덱스	☝	위쪽을 가리키는 손
인덱스	🗂	카드 색인 파일
인덱스	📇	카드 인덱스
인도	🪷	연꽃
인도	🇮🇳	깃발: 인도
인도네시아	🇮🇩	깃발: 인도네시아
인도루피	₹	인도 루피
인디고	🪻	히아신스
인사	🫡	경례하는 얼굴
인사	🖐	쫙 편 손바닥
인상	💹	엔화 관련 상승하는 그래프
인쇄기	🖨	프린터
인어	🧜	인어
인어	🧜‍♂	남자 인어
인어	🧜‍♀	여자 인어
인용부호	“	왼쪽 큰따옴표
인용부호	”	오른쪽 큰따옴표
인용부호	„	오른쪽 아래 큰따옴표
인용부호	«	왼쪽 이중 꺽쇠괄호
인용부호	»	오른쪽 이중 꺽쇠괄호
인터넷	🌐	자오선 지구
인터넷	🛜	무선
인터넷전화	📞	수화기
인테러뱅	⁉	느낌표와 물음표
인형	🎎	일본 인형
인형	🪆	네스팅 인형
일	🏢	빌딩
일	1⃣	키 캡: 1
일곱시	🕖	일곱 시
일곱시반	🕢	일곱 시 반
일등	🥇	금메달
일몰	🌆	도시 야경
일몰	🌇	일몰
일본	🇯🇵	일본 국기
일본	🗾	일본 지도
일본	🗻	후지산
일본	🍣	초밥
일본	👹	도깨비 가면
일본	👺	코주부 도깨비 가면
일본	🍙	삼각 김밥
일본	🍡	떡꼬치
일본	🏣	일본 우체국
일본	🏯	일본 성
일본	🎋	소원을 건 나무
일본	🎍	일본 장식
일본	🎎	일본 인형
일본	🎴	화투
일본	🏮	일본식 등
일본	🔰	일본 초보운전 표시
일본	🎌	엇갈린 일본 국기
일본기모노	👘	기모노
일본돈	💴	엔
일본성	🏯	일본 성
일본식등	🏮	일본식 등
일본식선술집	🏮	일본식 등
일본신사	⛩	신토 신사
일본어	・	일본어 가운뎃점
일본어	🈁	일본어 "여기" 버튼
일본어	🈂	일본어 "봉사료" 버튼
일본어	🈷	달 월
일본어	🈶	있을 유
일본어	🈯	가리킬 지
일본어	🉐	얻을 득
일본어	🈹	나눌 할
일본어	🈚	없을 무
일본어	🈲	금할 금
일본어	🉑	옳을 가
일본어	🈸	거듭 신
일본어	🈴	합할 합
일본어	🈳	빌 공
일본어	㊗	원 안의 축하 표의문자
일본어	㊙	원 표시된 비밀 표의문자
일본어	🈺	벼슬 관
일본어	🈵	찰 만
일본어가운뎃점	・	일본어 가운뎃점
일본우체국	🏣	일본 우체국
일본인형	🎎	일본 인형
일본장식	🎍	일본 장식
일본지도	🗾	일본 지도
일본초보운전자심볼	🔰	일본 초보운전 표시
일본초보운전표시	🔰	일본 초보운전 표시
일본화폐	💴	엔
일시정지	⏯	재생 또는 일시 정지 버튼
일시정지	⏸	일시 정지 버튼
일시정지버튼	⏸	일시 정지 버튼
일식	🍣	초밥
일자	🪛	드라이버
일정	📅	달력
일정	📆	뜯어진 달력
일출	🌄	산에서 떠오르는 해
일출	🌅	일출
일치	≡	등호
임산부	🤰	임산부
임신	👶	아기
임신	🤰	임산부
임신	🫃	임신한 남자
임신	🫄	임신한 사람
임신부	🤰	임산부
임신한	🫃	임신한 남자
임신한	🫄	임신한 사람
임신한남자	🫃	임신한 남자
임신한사람	🫄	임신한 사람
입	😃	눈을 크게 뜨고 웃는 얼굴
입	😄	미소 짓는 눈으로 활짝 웃는 얼굴
입	🤑	돈 모양의 입이 있는 얼굴
입	🤐	지퍼로 입을 잠근 얼굴
입	😦	입 벌리고 찌푸린 얼굴
입	😰	땀 흘리며 불안해하는 얼굴
입	😺	활짝 웃는 고양이 얼굴
입	👄	입
입김	😮‍💨	날숨 쉬는 얼굴
입꾹	😶	입이 없는 얼굴
입다문	🤐	지퍼로 입을 잠근 얼굴
입다물어	🤌	꼬집는 손가락
입력	🔡	소문자
입력	🔢	숫자
입력	🔣	기호
입벌리고미소	😆	눈웃음짓는 얼굴
입벌리고불쾌한얼굴	😦	입 벌리고 찌푸린 얼굴
입벌리고웃는눈웃음얼굴	😄	미소 짓는 눈으로 활짝 웃는 얼굴
입벌리고웃는얼굴	😃	눈을 크게 뜨고 웃는 얼굴
입벌리고찌푸린얼굴	😦	입 벌리고 찌푸린 얼굴
입벌리고활짝웃는고양이	😺	활짝 웃는 고양이 얼굴
입벌린얼굴	😮	입벌린 얼굴
입벌림	😮	입벌린 얼굴
입술	💋	입술
입술	👄	입
입술을깨물고있는입	🫦	입술을 깨물고 있는 입
입술을내민얼굴	😗	키스하는 얼굴
입없음	😶	입이 없는 얼굴
입에돈을물고있는얼굴	🤑	돈 모양의 입이 있는 얼굴
입을가리고웃는얼굴	🤭	손으로 입을 가린 얼굴
입을막고있는원숭이	🙊	입을 막고 있는 원숭이
입이없는얼굴	😶	입이 없는 얼굴
입이한쪽으로올라간얼굴	🫤	입이 한쪽으로 올라간 얼굴
입장	🎟	입장 티켓
입장	🎫	티켓
입장티켓	🎟	입장 티켓
있을유	🈶	있을 유
있음	🈶	있을 유
잉글랜드	🏴󠁧󠁢󠁥󠁮󠁧󠁿	깃발: 잉글랜드
잉어	🎏	물고기 깃발
잉어모양깃발	🎏	물고기 깃발
잉크	🔏	자물쇠와 펜
잉크	🫟	튀어오른 액체
잊어버린	😮	입벌린 얼굴
잎	🌿	풀
잎	🍀	네잎클로버
잎	🍁	단풍잎
잎	🍂	낙엽
잎	🍃	바람에 흔들리는 나뭇잎
잎	🔰	일본 초보운전 표시
잎사귀	🌿	풀
잎사귀	🍁	단풍잎
잎사귀	🍂	낙엽
잎이없는	🪾	잎이 없는 나무
잎이없는나무	🪾	잎이 없는 나무
자	📏	자
자	📐	삼각자
자격증	🪪	신분증
자고있는얼굴	😴	졸고 있는 얼굴
자고있음	💤	졸림
자기부상	🚟	매달린 케이블카
자기부상열차	🚟	매달린 케이블카
자는시간	😴	졸고 있는 얼굴
자는얼굴	😴	졸고 있는 얼굴
자는중	💤	졸림
자동차	🚕	택시
자동차	🚗	자동차
자동차	🚘	오고 있는 자동차
자동차	🛻	픽업트럭
자동차	🛞	휠
자동화	🏧	ATM
자라다	🪴	분재
자랑	🥲	눈물 흘리며 웃는 얼굴
자랑스러움	🥹	눈물을 참는 얼굴
자력	🧲	자석
자르기	✂	가위
자르기	🪚	목공 톱
자리	💺	좌석
자매	👭	손을 잡고 있는 두 명의 여자
자메이카	🇯🇲	깃발: 자메이카
자물쇠	🔒	자물쇠
자물쇠	🔓	열린 자물쇠
자물쇠	🔏	자물쇠와 펜
자물쇠	🔐	자물쇠와 열쇠
자물쇠	🗝	오래된 열쇠
자물쇠와열쇠	🔐	자물쇠와 열쇠
자물쇠와펜	🔏	자물쇠와 펜
자비	🥺	애원하는 얼굴
자비를구하는	🥺	애원하는 얼굴
자석	🧭	나침반
자석	🧲	자석
자수	🪡	바늘
자신있는	💯	백점
자연	🐌	달팽이
자연	🐝	꿀벌
자연	🐞	무당벌레
자연	🍄‍🟫	갈색 양송이 버섯
자연	🌋	화산
자연	🗻	후지산
자연	🌅	일출
자연	🌈	무지개
자연	⚡	고압 주의
자연	💧	물방울
자연	🌊	파도
자연조인	⋈	자연 조인
자오선	🌐	자오선 지구
자오선지구	🌐	자오선 지구
자욱한안개	🌁	자욱한 안개
자유	🗽	자유의 여신상
자유	⛓‍💥	끊어진 쇠사슬
자유	🆓	프리
자유신호	🆓	프리
자유의여신상	🗽	자유의 여신상
자유투	⛹	공을 갖고 있는 사람
자유투	⛹‍♂	공 가진 남자
자유투	⛹‍♀	공 가진 여자
자유형	🏊	수영하는 사람
자유형	🏊‍♂	수영하는 남자
자전거	🚴	자전거 타는 사람
자전거	🚴‍♂	자전거 타는 남자
자전거	🚴‍♀	자전거 타는 여자
자전거	🚵	산악 자전거 타는 사람
자전거	🚵‍♂	산악 자전거 타는 남자
자전거	🚵‍♀	산악 자전거 타는 여자
자전거	🚲	자전거
자전거	🚳	자전거 금지
자전거금지	🚳	자전거 금지
자전거선수	🚴	자전거 타는 사람
자전거선수	🚴‍♂	자전거 타는 남자
자전거자물쇠	🔐	자물쇠와 열쇠
자전거주행	🚴	자전거 타는 사람
자전거주행	🚴‍♂	자전거 타는 남자
자전거주행금지	🚳	자전거 금지
자전거타는남자	🚴‍♂	자전거 타는 남자
자전거타는남자	🚵‍♂	산악 자전거 타는 남자
자전거타는사람	🚴	자전거 타는 사람
자전거타는사람	🚵	산악 자전거 타는 사람
자전거타는여자	🚴‍♀	자전거 타는 여자
자켓	🥼	실험실 가운
작거나같음	≦	작거나 같음
작은	🦐	새우
작은	🫘	콩
작은검은색사각형	▪	작은 검은색 사각형
작은구름뒤의태양	🌤	작은 구름 뒤의 태양
작은따옴표	'	타자기 아포스트로피
작은따옴표	‘	왼쪽 아포스트로피
작은따옴표	’	오른쪽 아포스트로피
작은병	🫙	작은 병
작은주황색마름모	🔸	작은 주황색 마름모
작은파란색마름모	🔹	작은 파란색 마름모
작은흰색사각형	▫	작은 흰색 사각형
작지않음	≮	작지 않음
작품	🖼	그림 액자
잔	🍶	사케
잔	🥂	건배하는 샴페인 잔
잘가	👋	흔드는 손
잘가	🫂	포옹하는 사람
잘모르겠음	🤷	어깨를 으쓱하는 사람
잘시간	🥱	하품하는 얼굴
잘시간	🛌	침대에 누운 사람
잘자	😴	졸고 있는 얼굴
잘자	🥱	하품하는 얼굴
잘자	💤	졸림
잘자	🛌	침대에 누운 사람
잘했어	👏	손뼉
잠	😪	졸린 얼굴
잠	😴	졸고 있는 얼굴
잠	🛌	침대에 누운 사람
잠	🏨	호텔
잠	🛏	침대
잠금	🔒	자물쇠
잠금	🔐	자물쇠와 열쇠
잠금풀림	🔓	열린 자물쇠
잠금해제	🔓	열린 자물쇠
잠금해제	🔑	열쇠
잠비아	🇿🇲	깃발: 잠비아
잡기	🫴	손바닥을 위로 향한 손
잡기	🤾‍♀	핸드볼하는 여자
잡다	🫱	오른쪽으로 향하는 손등
장갑	🧤	장갑
장기	🫀	심장
장기	🫁	폐
장난감	🪀	요요
장난감	🧸	테디 베어
장난기있는	🦝	너구리
장난꾸러기	🦦	수달
장난스러운눈	🤪	괴짜 얼굴
장년	🦳	백발
장례식	⚰	관
장례식	⚱	납골 단지
장미	🏵	장미
장미꽃	🌹	장미꽃
장미모양	🏵	장미
장보기	🛒	쇼핑카트
장부	📒	노트
장비	🔫	물총
장비	⛏	곡괭이
장비	⚒	망치와 곡괭이
장비	🛠	망치와 렌치
장비	🏹	활과 화살
장비	🪚	목공 톱
장비	🪛	드라이버
장비	🔭	망원경
장식	🪴	분재
장식	🎍	일본 장식
장애	🩼	목발
장애	♿	휠체어
장애인	♿	휠체어
장치	🔬	현미경
재	⚱	납골 단지
재건축	👷	건설 노동자
재건축	👷‍♂	건설 현장 남자 노동자
재건축	👷‍♀	건설 현장 여자 노동자
재난	🛘	산사태
재능	💃	여자 댄서
재능	🕺	남자 댄서
재단	🪡	바늘
재목	🪵	목재
재미없어하는얼굴	😒	지루해하는 얼굴
재미있는	😜	윙크하면서 혀를 내민 얼굴
재봉바늘	🪡	바늘
재생	🐦‍🔥	불사조
재생	▶	재생 버튼
재생	⏯	재생 또는 일시 정지 버튼
재생또는일시정지버튼	⏯	재생 또는 일시 정지 버튼
재생버튼	▶	재생 버튼
재주넘기	🤸‍♂	옆돌기하는 남자
재주넘기	🤸‍♀	옆돌기하는 여자
재즈	🪊	트롬본
재즈핸드	👐	양손을 모아서 벌린 모양
재창조	🐦‍🔥	불사조
재채기	🤧	재채기하는 얼굴
재채기	😫	피곤한 얼굴
재채기하는얼굴	🤧	재채기하는 얼굴
재킷	🧥	코트
재탄생	🐦‍🔥	불사조
재활용	♻	재활용 표시
재활용표시	♻	재활용 표시
잭	🎃	할로윈
잭오랜턴	🎃	할로윈
잽	⚡	고압 주의
저글	🤹	저글링하는 사람
저글	🤹‍♂	저글링하는 남자
저글	🤹‍♀	저글링하는 여자
저글링	🤹	저글링하는 사람
저글링	🤹‍♂	저글링하는 남자
저글링	🤹‍♀	저글링하는 여자
저글링하는남자	🤹‍♂	저글링하는 남자
저글링하는사람	🤹	저글링하는 사람
저글링하는여자	🤹‍♀	저글링하는 여자
저녁	🌆	도시 야경
저녁식사	🐟	물고기
저녁식사	🍽	포크와 나이프가 있는 접시
저녁식사	🍴	포크와 나이프
저리가	🫳	손바닥을 아래로 향한 손
저알아요	🙋	한 손 든 사람
저요	🙋	한 손 든 사람
저요	🙋‍♂	한 손 든 남자
저요	🙋‍♀	한 손 든 여자
저울	🧑‍⚖	판사
저울	👨‍⚖	남자 판사
저울	👩‍⚖	여자 판사
저울	⚖	접시저울
저울	♎	천칭자리
저작권	℗	음원 복제권
저작권	©	저작권
저장	🫙	작은 병
저지	🇯🇪	깃발: 저지
적갈색	🦰	빨간 머리
적도기니	🇬🇶	깃발: 적도 기니
적분	∫	적분
적용안함	⊮	적용 안 함
적은양을나타내는손	🤏	꼬집는 손
전각줄표	—	긴줄표
전갈	🦂	전갈
전갈	♏	전갈자리
전갈자리	🦂	전갈
전갈자리	♏	전갈자리
전곡반복재생	🔁	전곡 반복 재생
전구	💡	전구
전기	🚃	전철
전기	⚡	고압 주의
전기	🪫	배터리 부족
전기	🔌	전기 플러그
전기	💡	전구
전기	🔦	손전등
전기기사	🧑‍🔧	정비공
전기기사	👨‍🔧	남자 정비공
전기기사	👩‍🔧	여자 정비공
전기플러그	🔌	전기 플러그
전동	🛵	스쿠터
전동휠체어	🧑‍🦼	전동 휠체어를 탄 사람
전동휠체어	🦼	전동 휠체어
전동휠체어	🧑‍🦼‍➡	전동 휠체어를 탄 사람: 오른쪽을 향한
전동휠체어를탄남자	👨‍🦼	전동 휠체어를 탄 남자
전동휠체어를탄남자	👨‍🦼‍➡	전동 휠체어를 탄 남자: 오른쪽을 향한
전동휠체어를탄사람	🧑‍🦼	전동 휠체어를 탄 사람
전동휠체어를탄사람	🧑‍🦼‍➡	전동 휠체어를 탄 사람: 오른쪽을 향한
전동휠체어를탄여자	👩‍🦼	전동 휠체어를 탄 여자
전동휠체어를탄여자	👩‍🦼‍➡	전동 휠체어를 탄 여자: 오른쪽을 향한
전등	🔦	손전등
전등	🛋	소파와 전등
전력	⚡	고압 주의
전리품	🪎	보물 상자
전망	🪟	창문
전문가	🤓	모범생 얼굴
전문가	👨‍💻	남자 기술 전문가
전문가	👩‍💻	여자 기술 전문가
전사	🪖	군용 헬멧
전설	🧝	엘프
전설	🧝‍♂	남자 엘프
전설	🧝‍♀	여자 엘프
전송된이메일	📩	보낸 편지
전송된편지	📩	보낸 편지
전압	⚡	고압 주의
전원없음	🪫	배터리 부족
전원이꺼진휴대전화	📴	휴대전화 끄기
전쟁	🥷	닌자
전쟁	🪖	군용 헬멧
전차	🚊	트램
전차차량	🚋	트램 차량
전철	🚃	전철
전철	🚇	지하철
전철역	🚉	기차역
전체	🈴	합할 합
전통적인십자가	☦	전통적인 십자가
전투	🤼	레슬링하는 사람
전투원	🥷	닌자
전화	🤙	전화를 걸라는 손 모양
전화	📱	휴대전화
전화	☎	전화기
전화	📞	수화기
전화	📵	휴대전화 사용금지
전화	📶	안테나 신호
전화기	☎	전화기
전화기	📞	수화기
전화기	📳	진동 모드
전화기	📴	휴대전화 끄기
전화를걸라는손모양	🤙	전화를 걸라는 손 모양
전화사용금지	📵	휴대전화 사용금지
절	🙇	절하는 사람
절	🙇‍♂	절하는 남자
절	🙇‍♀	절하는 여자
절규하는고양이얼굴	🙀	절규하는 고양이 얼굴
절대안돼	🙅	안 된다는 제스처를 하는 사람
절대적동치	≣	절대적 동치
절레절레	😒	지루해하는 얼굴
절친	👭	손을 잡고 있는 두 명의 여자
절하는남자	🙇‍♂	절하는 남자
절하는사람	🙇	절하는 사람
절하는여자	🙇‍♀	절하는 여자
젊은	👦	남자 아이
젊음	👧	여자 아이
점	・	일본어 가운뎃점
점	…	말줄임표
점	·	가운뎃점
점	•	글머리 기호
점	🦒	기린
점근적으로같음	≃	점근적으로 같음
점선테두리원	◌	점선 테두리 원
점수	💯	백점
점심식사	🍴	포크와 나이프
점연산자	⋅	점 연산자
점이있는육각별	🔯	육각 별
점이찍힌다이아몬드모양	💠	점이 찍힌 다이아몬드 모양
점이찍힌마름모	💠	점이 찍힌 다이아몬드 모양
점점기울어가는	🌖	하현달
점점작아지는	🌘	그믐달 하현
점프	🦘	캥거루
접근	♿	휠체어
접근성	🦾	기계 팔
접근성	🦿	인공 다리
접근성	🦻	보청기를 낀 귀
접근성	🧏	청각 장애가 있는 사람
접근성	🧑‍🦯	지팡이를 든 사람
접근성	👨‍🦯	지팡이를 든 남자
접근성	👩‍🦯	지팡이를 든 여자
접근성	🧑‍🦼	전동 휠체어를 탄 사람
접근성	👨‍🦼	전동 휠체어를 탄 남자
접근성	👩‍🦼	전동 휠체어를 탄 여자
접근성	🧑‍🦽	수동 휠체어를 탄 사람
접근성	👨‍🦽	수동 휠체어를 탄 남자
접근성	👩‍🦽	수동 휠체어를 탄 여자
접근성	🦮	안내견
접근성	🐕‍🦺	보조견
접근성	🦽	수동 휠체어
접근성	🦼	전동 휠체어
접근성	🦯	시각장애인 지팡이
접근성	🛗	엘리베이터
접근성	🧑‍🦯‍➡	지팡이를 든 사람: 오른쪽을 향한
접근성	👨‍🦯‍➡	지팡이를 든 남자: 오른쪽을 향한
접근성	👩‍🦯‍➡	지팡이를 든 여자: 오른쪽을 향한
접근성	🧑‍🦼‍➡	전동 휠체어를 탄 사람: 오른쪽을 향한
접근성	👨‍🦼‍➡	전동 휠체어를 탄 남자: 오른쪽을 향한
접근성	👩‍🦼‍➡	전동 휠체어를 탄 여자: 오른쪽을 향한
접근성	🧑‍🦽‍➡	수동 휠체어를 탄 사람: 오른쪽을 향한
접근성	👨‍🦽‍➡	수동 휠체어를 탄 남자: 오른쪽을 향한
접근성	👩‍🦽‍➡	수동 휠체어를 탄 여자: 오른쪽을 향한
접시	🍽	포크와 나이프가 있는 접시
접시	📡	위성 안테나
접시저울	⚖	접시저울
접이식손부채	🪭	접이식 손 부채
접힌우산	🌂	접힌 우산
젓가락	🍜	국수
젓가락	🥡	테이크아웃 상자
젓가락	🥢	젓가락
정각	🕛	열두 시
정각	🕐	한 시
정각	🕑	두 시
정각	🕒	세 시
정각	🕓	네 시
정각	🕔	다섯 시
정각	🕕	여섯 시
정각	🕖	일곱 시
정각	🕗	여덟 시
정각	🕘	아홉 시
정각	🕙	열 시
정각	🕚	열한 시
정교회십자가	☦	전통적인 십자가
정규부분군이거나같음으로포함하지않음	⋭	정규 부분군이거나 같음으로 포함하지 않음
정답	🟰	등호 기호
정령	🧞	지니
정령	🧞‍♂	남자 지니
정령	🧞‍♀	여자 지니
정류	⚗	증류기
정류장	🚏	버스 정류장
정면을향해날개를편병아리	🐥	정면을 향해 날개를 편 병아리
정보	💁	손바닥 꺾은 사람
정보	📰	신문
정보	ℹ	정보 출처
정보출처	ℹ	정보 출처
정비공	🧑‍🔧	정비공
정비공	👨‍🔧	남자 정비공
정비공	👩‍🔧	여자 정비공
정비공	🧰	공구통
정색하는얼굴	😐	덤덤한 얼굴
정신이나간	🤪	괴짜 얼굴
정신이없는	😕	혼란스러워하는 얼굴
정원	🐌	달팽이
정원	🐛	송충이
정원	🐜	개미
정원	🫜	뿌리채소
정원	🏡	정원이 있는 집
정원	🪏	삽
정원사	👨‍🌾	남자 농부
정원사	👩‍🌾	여자 농부
정원이있는주택	🏡	정원이 있는 집
정원이있는집	🏡	정원이 있는 집
정의	🧑‍⚖	판사
정의	👨‍⚖	남자 판사
정의	👩‍⚖	여자 판사
정의	🦸	히로인
정의	🦸‍♂	남자 히어로
정의	🦸‍♀	여자 히어로
정의	⚖	접시저울
정의	♎	천칭자리
정장	🕴	공중에 떠 있는 정장 입은 남자
정좌	🧘	가부좌한 사람
정좌	🧘‍♂	가부좌한 남자
정좌	🧘‍♀	가부좌한 여자
정중함	🙇	절하는 사람
정중함	🙇‍♂	절하는 남자
정중함	🙇‍♀	절하는 여자
정지	🖐	쫙 편 손바닥
정지	⏸	일시 정지 버튼
정지	⏹	정지 버튼
정지버튼	⏹	정지 버튼
정지신호	🚥	가로 신호등
정지신호	🚦	세로 신호등
정착	🏠	집
정착	🏡	정원이 있는 집
정화	⚗	증류기
젖먹이	🍼	젖병
젖병	🍼	젖병
젖소	🐄	젖소
젖힌손	💁‍♂	손바닥 꺾은 남자
젖힌손	💁‍♀	손바닥 꺾은 여자
제곱	√	제곱근
제곱	²	제곱
제곱근	√	제곱근
제과점	🍭	롤리팝
제발	🥹	눈물을 참는 얼굴
제발	🙏	기도
제비꽃	🪻	히아신스
제스처	🙈	눈을 가리고 있는 원숭이
제스처	🙉	귀를 막고 있는 원숭이
제스처	🙊	입을 막고 있는 원숭이
제스처	🙌	만세
제스처	🙍	찌푸린 사람
제스처	🙍‍♂	찌푸린 남자
제스처	🙍‍♀	찌푸린 여자
제스처	🙎	뾰로통한 사람
제스처	🙎‍♂	뾰로통한 남자
제스처	🙎‍♀	뾰로통한 여자
제스처	🙅	안 된다는 제스처를 하는 사람
제스처	🙅‍♂	안 된다는 제스처를 하는 남자
제스처	🙆	오케이라는 제스처를 하는 사람
제스처	🙋	한 손 든 사람
제스처	🙋‍♂	한 손 든 남자
제스처	🙋‍♀	한 손 든 여자
제스트	🍋‍🟩	라임
제안	🫴	손바닥을 위로 향한 손
제외	🙅	안 된다는 제스처를 하는 사람
제트	✈	비행기
젠더퀴어	🌈	무지개
젠더퀴어	🏳‍🌈	무지개 깃발
젤리	🪼	해파리
조각	🍕	피자
조각	🧩	퍼즐
조각케이크	🍰	조각 케익
조각케익	🍰	조각 케익
조각퍼즐	🧩	퍼즐
조개껍데기	🐚	달팽이집
조금	🤏	꼬집는 손
조끼	🦺	구명조끼
조류	🐓	수탉
조류	🐣	알에서 깬 병아리
조류	🐤	병아리
조류	🐦	새
조류	🐧	펭귄
조류	🕊	비둘기
조류	🦅	독수리
조류	🦆	오리
조류	🦢	백조
조류	🦉	부엉이
조류	🦚	공작
조류	🦜	앵무새
조류	🐦‍⬛	검은 새
조류	🪿	거위
조류학	🐦	새
조리	🩴	가락신
조립	👩‍🏭	공장 여자 직원
조립공	🧑‍🏭	공장 직원
조립공	👨‍🏭	공장 남자 직원
조립공	👩‍🏭	공장 여자 직원
조미료	🧄	마늘
조미료	🧂	소금
조소	💁	손바닥 꺾은 사람
조용	🤫	쉿 하는 얼굴
조용한	😶	입이 없는 얼굴
조용한	🙊	입을 막고 있는 원숭이
조용한	🔇	무음
조용한	🔕	음소거
조이스틱	🕹	조이스틱
조작레버	🎛	컨트롤 레버
조종대	🕹	조이스틱
조지아	🇬🇪	깃발: 조지아
조지아라리	₾	조지아 라리
조커	🃏	조커
족쇄	⛓‍💥	끊어진 쇠사슬
족적	👣	발자국
존경	🫡	경례하는 얼굴
존재	∃	존재
졸고있는얼굴	😴	졸고 있는 얼굴
졸린	🫩	다크서클이 있는 얼굴
졸린	😩	지친 얼굴
졸린얼굴	😪	졸린 얼굴
졸림	😪	졸린 얼굴
졸림	💤	졸림
졸업	👨‍🎓	남학생
졸업	👩‍🎓	여학생
졸업	🎓	졸업 모자
졸업모자	🎓	졸업 모자
졸업생	🎓	졸업 모자
졸업식	🧑‍🎓	학생
졸업식	👨‍🎓	남학생
졸업식	👩‍🎓	여학생
졸업식	🎓	졸업 모자
좀비	🧟	좀비
좀비	🧟‍♂	남자 좀비
좀비	🧟‍♀	여자 좀비
종	🎐	풍경
종	🔔	종
종교	⛪	교회
종교	🕌	모스크
종교	🕍	시나고그
종교	⛩	신토 신사
종교	🕋	카바
종교	📿	묵주
종교	🛐	예배공간
종교	🕉	옴
종교	✡	다윗의 별
종교	☸	진리의 수레바퀴
종교	☯	음양
종교	✝	라틴 십자가
종교	☦	전통적인 십자가
종교	☪	초승달과 별
종교	🕎	메노라
종교	🪯	칸다
종료	🔚	종료
종이	✂	가위
종이수건	🧻	두루마리
종이클립	📎	클립
종이타월	🧻	두루마리
좋다	🆗	오케이
좋아	😃	눈을 크게 뜨고 웃는 얼굴
좋아	👌	오케이를 표시한 손
좋아	👍	올린 엄지
좋아	🙆‍♂	오케이라는 제스처를 하는 남자
좋아	🙆‍♀	오케이라는 제스처를 하는 여자
좋아	🆗	오케이
좋아요	👍	올린 엄지
좋아해	🩷	분홍색 하트
좋은밤	💖	빛나는 하트
좋지않아	👎	내린 엄지
좌상향화살표	↖	왼쪽 위 화살표
좌석	💺	좌석
좌석	🪑	의자
좌우	⇆	좌우 화살표
좌우	↔	좌우 방향 화살표
좌우방향화살표	↔	좌우 방향 화살표
좌우측	⇆	좌우 화살표
좌우향화살표	↔	좌우 방향 화살표
좌우화살표	⇆	좌우 화살표
좌절	🫥	테두리가 점선으로 된 얼굴
좌절	😠	화난 얼굴
좌절	🙍	찌푸린 사람
좌절함	😖	당혹한 얼굴
좌측	←	왼쪽 화살표
좌측	🫲	왼쪽으로 향하는 손바닥
좌측방향	🫲	왼쪽으로 향하는 손바닥
좌하향화살표	↙	왼쪽 아래 화살표
좌향화살표	⬅	좌향 화살표
좌회전	↩	오른쪽에서 왼쪽으로 꺾는 화살표
좌회전	⤴	오른쪽에서 위로 꺾는 화살표
주둥이	🐽	돼지코
주르륵	🤤	침 흘리는 얼굴
주말	👕	티셔츠
주말	👖	바지
주머니	💰	돈주머니
주먹	✊	주먹
주먹	👊	주먹 전면
주먹	🤛	왼쪽을 향하는 주먹
주먹	🤜	오른쪽을 향하는 주먹
주먹밥	🍘	주먹밥
주먹을꽉진	👊	주먹 전면
주먹을든	✊	주먹
주먹전면	👊	주먹 전면
주문	🧙	마법사
주문	🧙‍♂	남자 마법사
주문	🧙‍♀	여자 마법사
주방용품	🥄	숟가락
주방장	🧑‍🍳	요리사
주방장	👨‍🍳	남자 요리사
주방장	👩‍🍳	여자 요리사
주사기	💉	주사기
주사바늘	💉	주사기
주사위	🎲	주사위
주스	🥤	빨대와 컵
주스	🧃	음료 팩
주억거리다	🙂‍↕	끄덕끄덕
주유소	⛽	주유소
주의	⚠	주의
주의	☢	방사능
주차	🅿	주차 표시
주차장	🅿	주차 표시
주차표시	🅿	주차 표시
주택	🏘	주택 건물
주택	🏚	낡은 주택 건물
주택	🏠	집
주택	🏡	정원이 있는 집
주택개조	🔨	망치
주택개조	🔩	볼트와 너트
주택건물	🏘	주택 건물
주택수리	🏚	낡은 주택 건물
주택수리	🏠	집
주택수리	🏡	정원이 있는 집
주택수리	🔨	망치
주택수리	🔧	렌치
주택수리	🔩	볼트와 너트
주파수	📲	왼쪽에 화살표가 있는 휴대전화
주판	🧮	주판
주황색	🔶	큰 주황색 마름모
주황색	🔸	작은 주황색 마름모
주황색책	📙	주황색 책
주황색하트	🧡	주황색 하트
죽	🥣	스푼과 사발
죽은	😔	수심 어린 얼굴
죽은	☠	해골과 뼈다귀
죽은	🪾	잎이 없는 나무
죽은	⚰	관
죽음	😐	덤덤한 얼굴
죽음	😑	무표정한 얼굴
죽음	😵	어지러운 얼굴
죽음	💀	해골
죽음	☠	해골과 뼈다귀
죽음	⚰	관
죽음	🪦	묘비
죽음	⚱	납골 단지
준우승	🥈	은메달
줄무늬	🦓	얼룩말
줍다	🫳	손바닥을 아래로 향한 손
중각작은검은색사각형	◾	중각 작은 검은색 사각형
중간	·	가운뎃점
중간가로줄임표	⋯	중간 가로 줄임표
중간검은색사각형	◼	중간 검은색 사각형
중간작은흰색사각형	◽	중간 작은 흰색 사각형
중간크기검은색사각형	◼	중간 검은색 사각형
중간흰색사각형	◻	중간 흰색 사각형
중괄호	{	여는 중괄호
중괄호	}	닫는 중괄호
중국	🇨🇳	깃발: 중국
중국어	㊗	원 안의 축하 표의문자
중국어	㊙	원 표시된 비밀 표의문자
중국전통모자를쓰고있는남자	👲	중국 전통 모자를 쓰고 있는 남자
중국전통모자를쓴남자	👲	중국 전통 모자를 쓰고 있는 남자
중단	⏹	정지 버튼
중앙아프리카공화국	🇨🇫	깃발: 중앙 아프리카 공화국
중요열쇠	🔑	열쇠
중지	🤞	검지와 중지 크로스
중지	🖕	중지
중지	⏹	정지 버튼
쥐	🐭	쥐 얼굴
쥐	🐁	생쥐
쥐	🐀	쥐
쥐덫	🪤	쥐덫
쥐띠	🐭	쥐 얼굴
쥐얼굴	🐭	쥐 얼굴
쥬스팩	🧃	음료 팩
즐거워하는사람	🙋	한 손 든 사람
증기	🚂	기관차
증류	⚗	증류기
증류기	⚗	증류기
증명끝	∎	증명 끝
증분	∆	증분
증분기호	∆	증분
증빙	🧾	영수증
지갑	👛	지갑
지갑	👜	핸드백
지겨워	💅	매니큐어
지구	🌍	유럽과 아프리카가 보이는 지구
지구	🌎	미대륙이 보이는 지구
지구	🌏	아시아와 호주가 보이는 지구
지구	🌐	자오선 지구
지구본	🌍	유럽과 아프리카가 보이는 지구
지구본	🌎	미대륙이 보이는 지구
지구본	🌏	아시아와 호주가 보이는 지구
지금말고	😥	실망했지만 안도하는 얼굴
지난시절	📷	카메라
지난시절	📹	캠코더
지느러미	🐬	돌고래
지니	🧞	지니
지니	🧞‍♂	남자 지니
지니	🧞‍♀	여자 지니
지도	🗺	세계 지도
지도	🗾	일본 지도
지도	📍	둥근 머리 핀
지렁이	🪱	지렁이
지루한	😔	수심 어린 얼굴
지루한	🫩	다크서클이 있는 얼굴
지루한	🪴	분재
지루함	😒	지루해하는 얼굴
지루함	🥱	하품하는 얼굴
지루해하는얼굴	😒	지루해하는 얼굴
지문	🫆	지문
지부티	🇩🇯	깃발: 지부티
지불	💰	돈주머니
지불	💳	신용카드
지불	💲	미국 달러
지브롤터	🇬🇮	깃발: 지브롤터
지식	📖	펼쳐진 책
지식	📚	책 여러 권
지압	💆‍♂	마사지 받는 남자
지압	💆‍♀	마사지 받는 여자
지저분하게튄	🫟	튀어오른 액체
지적인	🧠	뇌
지진	🫨	요동치는 얼굴
지진	🛘	산사태
지친	😮‍💨	날숨 쉬는 얼굴
지친	🫩	다크서클이 있는 얼굴
지친얼굴	😩	지친 얼굴
지침	😩	지친 얼굴
지칭	🈯	가리킬 지
지팡이	🪄	마술 지팡이
지팡이	🦯	시각장애인 지팡이
지팡이	🩼	목발
지팡이를든남자	👨‍🦯	지팡이를 든 남자
지팡이를든남자	👨‍🦯‍➡	지팡이를 든 남자: 오른쪽을 향한
지팡이를든남자시각장애인	👨‍🦯	지팡이를 든 남자
지팡이를든남자시각장애인	👨‍🦯‍➡	지팡이를 든 남자: 오른쪽을 향한
지팡이를든사람	🧑‍🦯	지팡이를 든 사람
지팡이를든사람	🧑‍🦯‍➡	지팡이를 든 사람: 오른쪽을 향한
지팡이를든여자	👩‍🦯	지팡이를 든 여자
지팡이를든여자	👩‍🦯‍➡	지팡이를 든 여자: 오른쪽을 향한
지팡이를든여자시각장애인	👩‍🦯	지팡이를 든 여자
지팡이를든여자시각장애인	👩‍🦯‍➡	지팡이를 든 여자: 오른쪽을 향한
지퍼	🤐	지퍼로 입을 잠근 얼굴
지퍼로입을잠근얼굴	🤐	지퍼로 입을 잠근 얼굴
지폐	💴	엔
지폐	💵	달러
지폐	💶	유로
지폐	💷	파운드
지폐	💸	날개 달린 돈
지프	🚙	지프
지프차	🚙	지프
지하철	🚇	지하철
지하철역	🚉	기차역
지휘봉	🪄	마술 지팡이
직각	∟	직각
직각	📏	자
직각삼각형	⊿	직각 삼각형
직선자	📏	자
직소	🧩	퍼즐
직소퍼즐	🧩	퍼즐
직원	🧑‍🏭	공장 직원
직원	👨‍🏭	공장 남자 직원
직원	👩‍🏭	공장 여자 직원
직원	⚕	의학 기호
직장인	👔	넥타이
직전트랙	⏮	이전 트랙 버튼
진	👖	바지
진동	📳	진동 모드
진동모드	📳	진동 모드
진료	🧑‍⚕	의료인
진료	👨‍⚕	남자 의료인
진료	👩‍⚕	여자 의료인
진리	☸	진리의 수레바퀴
진리의수레바퀴	☸	진리의 수레바퀴
진실	💯	백점
진심	💁	손바닥 꺾은 사람
진입금지	⛔	진입 금지
진입금지표시	⛔	진입 금지
진입금지표시	🚫	금지
진정	🤌	꼬집는 손가락
진주	🦪	굴
진주	🫧	거품
진주같은	🦷	이빨
진짜	💯	백점
진짜심장	🫀	심장
진짜웃겨	💀	해골
진한나누기표시	➗	나누기
진한달러표시	💲	미국 달러
진한빼기표시	➖	빼기
진한체크표시	✔	체크 표시
진화	🧬	DNA
진화	🧯	소화기
질문	?	물음표
질문	¿	거꾸로 된 물음표
질문	؟	아랍어 물음표
질문	🤌	꼬집는 손가락
질문	🙋	한 손 든 사람
질문	⁉	느낌표와 물음표
질문	❓	빨간색 물음표
질문	❔	하얀색 물음표
질병	🪰	파리
질주	🏃	뛰는 사람
질주	🏃‍♂	뛰는 남자
질주	🏃‍♀	뛰는 여자
질주	🏃‍➡	뛰는 사람: 오른쪽을 향한
질주	🏃‍♀‍➡	뛰는 여자: 오른쪽을 향한
질주	🏃‍♂‍➡	뛰는 남자: 오른쪽을 향한
질투	😐	덤덤한 얼굴
질투	😒	지루해하는 얼굴
짐	🧳	여행용 가방
짐	🛄	짐 찾는 곳
짐	🛅	화물 서비스
짐바브웨	🇿🇼	깃발: 짐바브웨
짐싸기	🧳	여행용 가방
짐싸기	🛃	세관
짐싸기	🛄	짐 찾는 곳
짐찾는곳	🛄	짐 찾는 곳
집	🪴	분재
집	🪹	빈 둥지
집	🛖	오두막
집	🏘	주택 건물
집	🏚	낡은 주택 건물
집	🏠	집
집게발	🦞	바닷가재
집다	🫳	손바닥을 아래로 향한 손
집사	🐈	고양이
집중하는	😣	참아내는 얼굴
징그러운	🪳	바퀴벌레
징징거림	🙎	뾰로통한 사람
짜증	🙍	찌푸린 사람
짜증	🤦	골치 아파하는 사람
짜증	🤦‍♂	골치 아파하는 남자
짜증	🤦‍♀	골치 아파하는 여자
짜증난	😒	지루해하는 얼굴
짜증남	😖	당혹한 얼굴
짝꿍	👯	토끼 귀를 쓰고 춤추는 사람들
짝꿍	👯‍♀	토끼 귀를 쓰고 춤추는 여자들
짝짝이눈	🥴	헤롱헤롱 얼굴
짠	🧂	소금
짠	🍻	맥주
짠	🥂	건배하는 샴페인 잔
짠	🎉	파티
짠하는맥주잔	🍻	맥주
쪼개기	🪓	도끼
쪼옥	💋	입술
쪽	💋	입술
쫙편손바닥	🖐	쫙 편 손바닥
찌	✌	브이 표시
찌개	🥘	납작한 냄비
찌개	🍲	국
찌르다	🫵	보는 사람을 가리키는 검지
찌푸린남자	🙍‍♂	찌푸린 남자
찌푸린사람	🙍	찌푸린 사람
찌푸린사람	🙍‍♂	찌푸린 남자
찌푸린사람	🙍‍♀	찌푸린 여자
찌푸린얼굴	😬	찌푸린 얼굴
찌푸린얼굴	😦	입 벌리고 찌푸린 얼굴
찌푸린여자	🙍‍♀	찌푸린 여자
찌푸림	🙍‍♂	찌푸린 남자
찌푸림	🙍‍♀	찌푸린 여자
찌푸림	🙎	뾰로통한 사람
찐고구마	🍠	고구마
찡그린	😕	혼란스러워하는 얼굴
찡그린얼굴	🙁	살짝 찡그린 얼굴
찡그린얼굴	☹	찡그린 얼굴
찡그림	😬	찌푸린 얼굴
찡그림	🙁	살짝 찡그린 얼굴
찡그림	☹	찡그린 얼굴
찡그림	🙍‍♂	찌푸린 남자
찡그림	🙍‍♀	찌푸린 여자
찡그림	🙎	뾰로통한 사람
차	☕	뜨거운 음료
차	🫖	찻주전자
차	🍵	차
차	🧋	버블티
차	🧉	마테차
차	🚃	전철
차	🚞	기차 터널
차	🚋	트램 차량
차	🚌	버스
차	🚍	오고 있는 버스
차	🚓	경찰차
차	🚔	오고 있는 경찰차
차	🚕	택시
차	🚖	오고 있는 택시
차	🚘	오고 있는 자동차
차	🚙	지프
차	🛻	픽업트럭
차	🚚	운송 트럭
차	🏎	경주용 자동차
차	🛞	휠
차	🚨	사이렌
차	🚡	케이블카
차가운	🧊	얼음
차단	🈲	금할 금
차드	🇹🇩	깃발: 차드
차량	🚗	자동차
차량	🚜	트랙터
차려입은	👗	원피스
차려입음	👖	바지
차트	💹	엔화 관련 상승하는 그래프
차트	📉	내려가는 그래프
차트	📊	막대 그래프
찰만	🈵	찰 만
참고표	※	참고표
참선	🧘	가부좌한 사람
참선	🧘‍♂	가부좌한 남자
참선	🧘‍♀	가부좌한 여자
참아내는얼굴	😣	참아내는 얼굴
찹	🥩	고깃덩이
찻잔	🍵	차
찻주전자	🫖	찻주전자
찻집	🍵	차
창	🪟	창문
창	🔱	삼지창
창문	🪟	창문
창틀	🪟	창문
채소	🍈	멜론
채소	🍅	토마토
채소	🍆	가지
채소	🥔	감자
채소	🥕	당근
채소	🫑	피망
채소	🥒	오이
채소	🫛	완두콩 꼬투리
채소	🫜	뿌리채소
채소	🥗	야채샐러드
채식	🍄‍🟫	갈색 양송이 버섯
채식주의	🍄‍🟫	갈색 양송이 버섯
채식주의	🫜	뿌리채소
채워진원	●	채워진 원
책	📕	펼치지 않은 책
책	📖	펼쳐진 책
책	📗	초록색 책
책	📘	파란색 책
책	📙	주황색 책
책	📚	책 여러 권
책가방	🎒	학교 가방
책갈피	🔖	북마크
책여러권	📚	책 여러 권
챔스	🏆	트로피
챔피언십	⛹	공을 갖고 있는 사람
챔피언십	⛹‍♂	공 가진 남자
챔피언십	⛹‍♀	공 가진 여자
챔피온	🏆	트로피
챙넓은모자	👒	여성용 모자
처녀	♍	처녀자리
처녀자리	♍	처녀자리
천도복숭아	🍊	귤
천문학	⭐	별
천분율	‰	천분율
천사	👼	아기 천사
천사	🪽	날개
천사같은	😇	후광이 비치는 웃는 얼굴
천사고리가있는얼굴	😇	후광이 비치는 웃는 얼굴
천상의	🪽	날개
천연	🫚	생강 뿌리
천칭	♎	천칭자리
천칭자리	⚖	접시저울
천칭자리	♎	천칭자리
철도	🚃	전철
철도	🚄	고속열차
철도	🚅	고속철
철도	🚆	기차
철도	🚉	기차역
철도	🛤	철도 선로
철도	🚟	매달린 케이블카
철도선로	🛤	철도 선로
철도차량	🚃	전철
철월	🌔	상현달
청각장애	🦻	보청기를 낀 귀
청각장애	🧏	청각 장애가 있는 사람
청각장애	🧏‍♂	청각장애가 있는 남자
청각장애	🧏‍♀	청각장애가 있는 여자
청각장애가있는남자	🧏‍♂	청각장애가 있는 남자
청각장애가있는사람	🧏	청각 장애가 있는 사람
청각장애가있는여자	🧏‍♀	청각장애가 있는 여자
청각장애인	🧏	청각 장애가 있는 사람
청경채	🥬	녹색 채소
청구	🧾	영수증
청력	🧏	청각 장애가 있는 사람
청록색	🩵	밝은 파란색 하트
청바지	👖	바지
청소	🧹	빗자루
청소	🫧	거품
청소	🧽	스펀지
청진기	🩺	청진기
체리	🍒	체리
체스말	♟	체스 폰
체스폰	♟	체스 폰
체온계	🤒	체온계를 물고 있는 얼굴
체온계를물고있는얼굴	🤒	체온계를 물고 있는 얼굴
체인	⛓	쇠사슬
체조	🤸	옆돌기하는 사람
체조	🤸‍♂	옆돌기하는 남자
체조	🤸‍♀	옆돌기하는 여자
체취	👃	코
체코	🇨🇿	깃발: 체코
체크	✅	체크 표시 버튼
체크	☑	체크박스
체크	✔	체크 표시
체크무늬	🏁	격자 무늬 깃발
체크무늬깃발	🏁	격자 무늬 깃발
체크박스	☑	체크박스
체크상자	☑	체크박스
체크완료	☑	체크박스
체크인	🛫	비행기 이륙
체크인	🛄	짐 찾는 곳
체크표시	✅	체크 표시 버튼
체크표시	✔	체크 표시
체크표시된투표란	☑	체크박스
체크표시버튼	✅	체크 표시 버튼
초과	>	초과
초과	≥	이상
초능력	🦸	히로인
초능력	🦸‍♂	남자 히어로
초능력	🦸‍♀	여자 히어로
초능력	🦹	슈퍼 악당
초능력	🦹‍♂	남자 슈퍼 악당
초능력	🦹‍♀	여자 슈퍼 악당
초록사과	🍏	초록 사과
초록상자안엑스표시	❎	엑스 표시 버튼
초록색	🍏	초록 사과
초록색	🔰	일본 초보운전 표시
초록색책	📗	초록색 책
초록색하트	💚	초록색 하트
초밥	🍣	초밥
초보	🔰	일본 초보운전 표시
초보자	🔰	일본 초보운전 표시
초승달	🌑	삭
초승달	🌘	그믐달 하현
초승달	🌙	초승달
초승달	☪	초승달과 별
초승달과별	☪	초승달과 별
초승달모양롤	🥐	크루아상
초승달상현	🌒	초승달 상현
초식공룡	🦕	초식 공룡
초인	🦸	히로인
초인	🦹	슈퍼 악당
초인	🦹‍♂	남자 슈퍼 악당
초인	🦹‍♀	여자 슈퍼 악당
초조함	🫦	입술을 깨물고 있는 입
초집중	😣	참아내는 얼굴
초코	🍫	초콜렛
초코도넛	🍩	도넛
초코바	🍫	초콜렛
초코칩쿠키	🍪	쿠키
초코쿠키	🍪	쿠키
초콜렛	🍫	초콜렛
초콜렛칩	🍪	쿠키
초콜릿	🫕	퐁듀
촉수	🪼	해파리
촛대	🕎	메노라
총	🔫	물총
총명	🤓	모범생 얼굴
촬영	🎥	영화 카메라
최고	👍	올린 엄지
최고점	💯	백점
최신과학기술전문가	👨‍💻	남자 기술 전문가
최신과학기술전문가	👩‍💻	여자 기술 전문가
최악	👎	내린 엄지
추모	🎗	추모 리본
추모리본	🎗	추모 리본
추세	💹	엔화 관련 상승하는 그래프
추세	📈	상승하는 그래프
추세	📉	내려가는 그래프
추수감사절	🦃	칠면조
추운	🥶	추워하는 얼굴
추운	😰	땀 흘리며 불안해하는 얼굴
추움	🌨	눈구름
추워하는얼굴	🥶	추워하는 얼굴
추위	🏔	눈 덮인 산
추위	❄	눈송이
추위	☃	눈사람
추위	⛄	스노우맨
추위	💧	물방울
추위	🧣	스카프
추적	🫆	지문
추출	⏏	꺼냄 버튼
축구	⚽	축구공
축구	🏈	미식축구공
축구공	⚽	축구공
축복	🙏	기도
축복	⛪	교회
축제	💃	여자 댄서
축제	🕺	남자 댄서
축제	🥮	월병
축제	🎎	일본 인형
축하	🥳	파티하는 얼굴
축하	👏	손뼉
축하	🙌	만세
축하	🤶	산타할머니
축하	🎂	생일 케이크
축하	🥂	건배하는 샴페인 잔
축하	🎄	크리스마스 트리
축하	🎆	불꽃놀이
축하	🎇	불꽃
축하	🎈	풍선
축하	🎉	파티
축하	🎊	박 터트리기
축하	🎋	소원을 건 나무
축하	🎍	일본 장식
축하	🎑	달맞이
축하	🎀	리본
축하	🎁	선물
축하	🎖	무공 훈장
축하	🪅	피냐타
축하	㊗	원 안의 축하 표의문자
출발	🛫	비행기 이륙
출입국심사	🛂	출입국 심사
춤	💃	여자 댄서
춤	🕺	남자 댄서
춤	🪩	미러볼
춤	🪭	접이식 손 부채
춤	🩰	발레 슈즈
춤	🪇	마라카스
춤추는남자	🕺	남자 댄서
춤추는여자	💃	여자 댄서
충격	🤭	손으로 입을 가린 얼굴
충격	🫢	눈을 뜨고 손으로 입을 가린 얼굴
충격	🫨	요동치는 얼굴
충격	🤯	폭발하는 얼굴
충격	😮	입벌린 얼굴
충격	😲	깜짝 놀란 얼굴
충격	🫪	왜곡된 얼굴
충격받은	🤯	폭발하는 얼굴
충격받은	😱	공포에 절규하는 얼굴
충격적	😳	상기된 얼굴
충돌	🫯	싸움 구름
충돌	💥	충돌
취소	✖	곱하기
취한	🥴	헤롱헤롱 얼굴
측정단위	µ	마이크로
치과	🦷	이빨
치과의사	😬	찌푸린 얼굴
치과의사	😷	마스크 낀 얼굴
치과의사	🦷	이빨
치료	💆	마사지 받는 사람
치료	💉	주사기
치아	😀	활짝 웃는 얼굴
치아	😃	눈을 크게 뜨고 웃는 얼굴
치아	😁	미소 짓는 눈으로 웃는 얼굴
치아	🦷	이빨
치유	❤‍🩹	낫고 있는 하트
치즈	🧀	치즈 조각
치즈	🍕	피자
치즈	🫕	퐁듀
치즈	🪤	쥐덫
치즈덩어리	🧀	치즈 조각
치즈조각	🧀	치즈 조각
치킨	🐔	닭
치킨	🍗	닭다리
칙칙폭폭	🚆	기차
친구	👨	남자
친구	👭	손을 잡고 있는 두 명의 여자
친구	👫	손을 잡고 있는 남녀
친구	👬	손을 잡고 있는 두 명의 남자
친구	👨‍🦰	남자: 빨간 머리
친구	👨‍🦱	남자: 곱슬머리
친구	👨‍🦳	남자: 백발
친구	👨‍🦲	남자: 대머리
친구들	👭	손을 잡고 있는 두 명의 여자
친구들	👬	손을 잡고 있는 두 명의 남자
친구들	👥	사람들 그림자
친한	👭	손을 잡고 있는 두 명의 여자
칠	7⃣	키 캡: 7
칠레	🇨🇱	깃발: 칠레
칠면조	🦃	칠면조
칠면조	🍗	닭다리
침	🤤	침 흘리는 얼굴
침	🪼	해파리
침대	😴	졸고 있는 얼굴
침대	🛌	침대에 누운 사람
침대	🛏	침대
침대에누운사람	🛌	침대에 누운 사람
침흘리기	🤤	침 흘리는 얼굴
침흘리는얼굴	🤤	침 흘리는 얼굴
칫솔	🪥	칫솔
칭찬	🙌	만세
카	🛞	휠
카나리아제도	🇮🇨	깃발: 카나리아 제도
카누	🚣	노젓는 사람
카누	🚣‍♂	노젓는 남자
카누	🛶	카누
카드	♠	스페이드
카드	♦	다이아몬드
카드	🃏	조커
카드	🎴	화투
카드	💳	신용카드
카드	🗂	카드 색인 파일
카드	📇	카드 인덱스
카드	🗃	카드 파일 상자
카드	🪧	플래카드
카드게임	♥	하트
카드게임	♣	클럽
카드색인파일	🗂	카드 색인 파일
카드인덱스	📇	카드 인덱스
카드파일상자	🗃	카드 파일 상자
카레	🍛	카레라이스
카레라이스	🍛	카레라이스
카레밥	🍛	카레라이스
카메라	🤳	셀카
카메라	🎥	영화 카메라
카메라	📷	카메라
카메라	📸	플래시를 터트리고 있는 카메라
카메라	📹	캠코더
카메룬	🇨🇲	깃발: 카메룬
카바	🕋	카바
카보베르데	🇨🇻	깃발: 카보베르데
카부스	🚂	기관차
카우걸	🤠	카우보이 모자 쓴 얼굴
카우보이	🤠	카우보이 모자 쓴 얼굴
카우보이모자쓴얼굴	🤠	카우보이 모자 쓴 얼굴
카우치	🛋	소파와 전등
카자흐스탄	🇰🇿	깃발: 카자흐스탄
카자흐스탄텡게	₸	카자흐스탄 텡게
카지노	🎰	슬롯 머신
카타르	🇶🇦	깃발: 카타르
카타카나	🈁	일본어 "여기" 버튼
카타카나	🈂	일본어 "봉사료" 버튼
카트	🛒	쇼핑카트
카페	☕	뜨거운 음료
카페인	☕	뜨거운 음료
칵테일	🍋‍🟩	라임
칵테일	🍸	칵테일
칵테일글라스	🍸	칵테일
칵테일바	🍸	칵테일
칵테일잔	🍸	칵테일
칸다	🪯	칸다
칸탈루프	🍈	멜론
칼	🤺	펜싱하는 사람
칼	🗡	단검
칼라	👕	티셔츠
칼라	👚	여성복
칼사	🪯	칸다
칼표	†	외칼표
칼표	‡	쌍칼표
캄보디아	🇰🇭	깃발: 캄보디아
캄보디아리엘	៛	캄보디아 리엘
캐나다	🇨🇦	깃발: 캐나다
캐디	🏌	골프치는 사람
캐디	🏌‍♂	골프치는 남자
캐럿	^	곡절 부호
캐비닛	🗄	파일 보관 서랍장
캐서롤	🥘	납작한 냄비
캐주얼	👖	바지
캔	🥫	통조림
캔들	🕯	양초
캔디	🍫	초콜렛
캔디	🍬	사탕
캔디	🍭	롤리팝
캔디	🪅	피냐타
캘린더	📅	달력
캘린더	📆	뜯어진 달력
캘린더	🗓	스프링 달력
캠코더	📹	캠코더
캠프	⛺	텐트
캠핑	🏕	캠핑
캠핑	⛺	텐트
캠핑	🥾	등산화
캡	🧢	야구모자
캥거루	🦘	캥거루
커뮤니케이션	📢	확성기
커뮤니케이션	📱	휴대전화
커뮤니케이션	📞	수화기
커뮤니케이션	📟	삐삐
커뮤니케이션	📠	팩스
커뮤니케이션	📩	보낸 편지
커뮤니케이션	📦	소포
커뮤니케이션	📶	안테나 신호
커뮤니케이션	📳	진동 모드
커스타드	🍮	커스타드 푸딩
커스타드푸딩	🍮	커스타드 푸딩
커지는마음	💗	커지는 하트
커지는하트	💗	커지는 하트
커플	🧑‍🤝‍🧑	손을 잡고 있는 두 명의 사람
커플	👫	손을 잡고 있는 남녀
커플	👬	손을 잡고 있는 두 명의 남자
커플	💏	키스
커플	💑	연인
커플	👩‍❤‍💋‍👨	키스: 여자 남자
커플	👨‍❤‍💋‍👨	키스: 남자 남자
커플	👩‍❤‍💋‍👩	키스: 여자 여자
커플	👩‍❤‍👨	연인: 여자 남자
커플	👨‍❤‍👨	연인: 남자 남자
커플	👩‍❤‍👩	연인: 여자 여자
커피	☕	뜨거운 음료
컨트롤	🎛	컨트롤 레버
컨트롤러	🎮	비디오 게임
컨트롤레버	🎛	컨트롤 레버
컬링	🥌	컬링 스톤
컬링스톤	🥌	컬링 스톤
컴퓨터	🧑‍💻	기술 전문가
컴퓨터	👨‍💻	남자 기술 전문가
컴퓨터	👩‍💻	여자 기술 전문가
컴퓨터	💻	노트북
컴퓨터	🖥	데스크톱 컴퓨터
컴퓨터	🖨	프린터
컴퓨터	⌨	키보드
컴퓨터	🖱	컴퓨터 마우스
컴퓨터	🖲	트랙볼
컴퓨터	💽	엠디
컴퓨터	💾	플로피 디스크
컴퓨터	📀	디비디
컴퓨터	🛜	무선
컴퓨터마우스	🖱	컴퓨터 마우스
컵	🍵	차
컵케이크	🧁	컵케이크
케냐	🇰🇪	깃발: 케냐
케밥	🥙	밀전병에 싼 요리
케밥	🍢	오뎅
케어	💅	매니큐어
케이맨제도	🇰🇾	깃발: 케이맨 제도
케이블	🚠	산악 케이블카
케이블카	🚟	매달린 케이블카
케이블카	🚠	산악 케이블카
케이블카	🚡	케이블카
케이스	🛅	화물 서비스
케이크	🎂	생일 케이크
케이크	🍰	조각 케익
케이티엑스	🚄	고속열차
케이티엑스	🚅	고속철
케일	🥬	녹색 채소
켄터키더비	🐎	말
켜짐	🔛	켜짐
코	🥸	변장한 얼굴
코	👃	코
코	🐽	돼지코
코끼리	🐘	코끼리
코드	🪢	매듭
코딩	🧑‍💻	기술 전문가
코딩	👨‍💻	남자 기술 전문가
코딩	👩‍💻	여자 기술 전문가
코딩하는사람	🧑‍💻	기술 전문가
코딩하는사람	👨‍💻	남자 기술 전문가
코딩하는사람	👩‍💻	여자 기술 전문가
코럴	🪸	산호초
코르크	🍾	코르크가 튀어나오고 있는 병
코르크가튀어나오고있는병	🍾	코르크가 튀어나오고 있는 병
코모로	🇰🇲	깃발: 코모로
코믹	💩	똥
코믹	💥	충돌
코믹	💫	어지러움
코믹	💦	땀
코믹	💨	달려나감
코믹	💤	졸림
코믹	💪	알통
코믹	💧	물방울
코믹	💣	폭탄
코믹	💠	점이 찍힌 다이아몬드 모양
코바늘	🧶	실뭉치
코뿔소	🦏	코뿔소
코소보	🇽🇰	깃발: 코소보
코스메틱	💄	립스틱
코스타리카	🇨🇷	깃발: 코스타리카
코스타리카콜론	₡	코스타리카 콜론
코스터	🎢	롤러코스터
코스프레	🧛	뱀파이어
코스프레	🧛‍♂	남자 뱀파이어
코스프레	🧛‍♀	여자 뱀파이어
코알라	🐨	코알라
코인	🪙	동전
코주부도깨비	👺	코주부 도깨비 가면
코주부도깨비가면	👺	코주부 도깨비 가면
코코	🈁	일본어 "여기" 버튼
코코넛	🥥	코코넛
코코스제도	🇨🇨	깃발: 코코스 제도
코트	🧥	코트
코트디부아르	🇨🇮	깃발: 코트디부아르
콘	🌽	옥수수
콘서티나	🪗	아코디언
콘아이스크림	🍦	소프트 아이스크림
콘지	🥣	스푼과 사발
콜라다	🍍	파인애플
콜라주	📌	압정
콜론	:	콜론
콜롬비아	🇨🇴	깃발: 콜롬비아
콤프레셔	🗜	압축기
콥터	🚁	헬리콥터
콧수염	🥸	변장한 얼굴
콩	🫘	콩
콩	🫛	완두콩 꼬투리
콩가	🪘	긴 북
콩과	🫛	완두콩 꼬투리
콩류	🫘	콩
콩팥	🫘	콩
콸콸	🐳	물 뿜는 고래
쾅	💥	충돌
쾅	👊	주먹 전면
쾅	🎆	불꽃놀이
쾅	🎇	불꽃
쾌속정	🚤	쾌속정
쿠바	🇨🇺	깃발: 쿠바
쿠웨이트	🇰🇼	깃발: 쿠웨이트
쿠키	🍪	쿠키
쿡제도	🇨🇰	깃발: 쿡 제도
쿨	🆒	쿨
쿨신호	🆒	쿨
쿨쿨	💤	졸림
쿨쿨쿨	😴	졸고 있는 얼굴
쿨쿨쿨	🥱	하품하는 얼굴
쿨쿨쿨	🛌	침대에 누운 사람
퀴라소	🇨🇼	깃발: 퀴라소
퀴어	👬	손을 잡고 있는 두 명의 남자
퀴어	🏳‍🌈	무지개 깃발
퀸	🫅	왕관을 쓴 사람
큐피드	💘	화살이 꽂힌 하트
큐피드	🪉	하프
크거나같음	≧	크거나 같음
크게	🔊	스피커 소리 크게
크게	📢	확성기
크고진한동그라미	⭕	빨간색 정답 동그라미
크라운	🫅	왕관을 쓴 사람
크래인	🏗	건물 공사
크래커	🍘	주먹밥
크랩	🦀	꽃게
크레용	🖍	크레용
크레파스	🖍	크레용
크레페	🥞	팬케이크
크로스	🤞	검지와 중지 크로스
크로아티아	🇭🇷	깃발: 크로아티아
크로커다일	🐊	악어
크루아상	🥐	크루아상
크루제이루	₢	크루제이루
크루즈	🚣	노젓는 사람
크루즈	🚣‍♂	노젓는 남자
크루즈	🚣‍♀	노젓는 여자
크리스마스	🎅	산타클로스
크리스마스	🤶	산타할머니
크리스마스	🧑‍🎄	산타
크리스마스	🎄	크리스마스 트리
크리스마스	🎁	선물
크리스마스섬	🇨🇽	깃발: 크리스마스섬
크리스마스트리	🌲	소나무
크리스마스트리	🎄	크리스마스 트리
크리스찬	⛪	교회
크리스찬	✝	라틴 십자가
크리스천	☦	전통적인 십자가
크리켓	🏏	크리켓
크림	🍦	소프트 아이스크림
크림	🍨	아이스크림
크지않음	≯	크지 않음
큭큭거리는	🤭	손으로 입을 가린 얼굴
큰	🦣	매머드
큰검은색사각형	⬛	큰 검은색 사각형
큰고양이과동물	🐅	호랑이
큰고양이과동물	🐆	표범
큰구름뒤의태양	🌥	큰 구름 뒤의 태양
큰까마귀	🐦‍⬛	검은 새
큰눈	🥺	애원하는 얼굴
큰따옴표	“	왼쪽 큰따옴표
큰따옴표	”	오른쪽 큰따옴표
큰따옴표	„	오른쪽 아래 큰따옴표
큰빈원	◯	큰 빈 원
큰빨간원	🔴	빨간 원
큰새	🦤	도도새
큰절	🙇	절하는 사람
큰절	🙇‍♂	절하는 남자
큰절	🙇‍♀	절하는 여자
큰주황색마름모	🔶	큰 주황색 마름모
큰파란색마름모	🔷	큰 파란색 마름모
큰파란원	🔵	파란 원
큰흰색사각형	⬜	큰 흰색 사각형
클라이밍	🧗	클라이밍하는 사람
클라이밍	🧗‍♂	클라이밍하는 남자
클라이밍	🧗‍♀	클라이밍하는 여자
클라이밍하는남자	🧗‍♂	클라이밍하는 남자
클라이밍하는사람	🧗	클라이밍하는 사람
클라이밍하는여자	🧗‍♀	클라이밍하는 여자
클래식한	🧐	단안경을 쓴 얼굴
클래퍼보드	🎬	슬레이트
클램프	🗜	압축기
클러치	👝	파우치
클러치백	👝	파우치
클럽	🍷	와인잔
클럽	🍸	칵테일
클럽	🍹	음료수
클럽	♣	클럽
클레이	🧱	벽돌
클렌징	🧼	비누
클로바무늬	♣	클럽
클로버	🍀	네잎클로버
클로스	🎅	산타클로스
클로스	🤶	산타할머니
클리퍼턴섬	🇨🇵	깃발: 클리퍼턴섬
클리핑	📋	클립보드
클립	📋	클립보드
클립	📎	클립
클립	🖇	이어져 있는 클립
클립보드	📋	클립보드
키르기스스탄	🇰🇬	깃발: 키르기스스탄
키리바시	🇰🇮	깃발: 키리바시
키보드	⌨	키보드
키스	😘	키스를 보내는 얼굴
키스	😗	키스하는 얼굴
키스	😚	눈을 감은 채로 키스하는 얼굴
키스	😙	미소 짓는 눈으로 키스하는 얼굴
키스	😽	키스하는 고양이 얼굴
키스	💝	리본 달린 하트
키스	💖	빛나는 하트
키스	💗	커지는 하트
키스	💋	입술
키스	👄	입
키스	🫦	입술을 깨물고 있는 입
키스	💏	키스
키스	💑	연인
키스	👩‍❤‍💋‍👨	키스: 여자 남자
키스	👨‍❤‍💋‍👨	키스: 남자 남자
키스	👩‍❤‍💋‍👩	키스: 여자 여자
키스	👩‍❤‍👨	연인: 여자 남자
키스	👨‍❤‍👨	연인: 남자 남자
키스	👩‍❤‍👩	연인: 여자 여자
키스를날리는얼굴	😘	키스를 보내는 얼굴
키스를보내는얼굴	😘	키스를 보내는 얼굴
키스하는고양이얼굴	😽	키스하는 고양이 얼굴
키스하는얼굴	😗	키스하는 얼굴
키우다	🪴	분재
키위	🥝	키위
키캡	0⃣	키 캡: 0
키캡	1⃣	키 캡: 1
키캡	2⃣	키 캡: 2
키캡	3⃣	키 캡: 3
키캡	4⃣	키 캡: 4
키캡	5⃣	키 캡: 5
키캡	6⃣	키 캡: 6
키캡	7⃣	키 캡: 7
키캡	8⃣	키 캡: 8
키캡	9⃣	키 캡: 9
키캡	#⃣	키 캡: #
키캡	*⃣	키 캡: *
키캡	🔟	키 캡: 10
키티	🐱	고양이 얼굴
키프로스	🇨🇾	깃발: 키프로스
킥	🦵	한쪽 다리
킥	🦶	한쪽 발
킥	🛴	킥보드
킥보드	🛴	킥보드
킹	🫅	왕관을 쓴 사람
타말레	🫔	타말레
타악기	🪇	마라카스
타워	🗼	도쿄 타워
타이	👔	넥타이
타이거	🐅	호랑이
타이머	⌛	시간이 다 된 모래시계
타이머	⏳	시간이 남은 모래시계
타이머	⏲	타이머 시계
타이머시계	⏲	타이머 시계
타이어	🛞	휠
타이완	🧋	버블티
타이타닉	🚢	선박
타자기아포스트로피	'	타자기 아포스트로피
타지키스탄	🇹🇯	깃발: 타지키스탄
타코	🌮	타코
타코	🌯	부리또
탁구	🏓	탁구
탁구공	🏓	탁구
탁구채	🏓	탁구
탄식	🙎	뾰로통한 사람
탄자니아	🇹🇿	깃발: 탄자니아
탈것	🛞	휠
탈리스만	🧿	악마의 눈
탈자기호	‸	탈자 기호
탐욕	🤑	돈 모양의 입이 있는 얼굴
탐정	🕵	탐정
탐정	🕵‍♂	남자 탐정
탐정	🕵‍♀	여자 탐정
탐정	🫆	지문
탑	🗼	도쿄 타워
탑햇	🎩	마술사 모자
탕	🍲	국
태국	🇹🇭	깃발: 태국
태국바트	฿	태국 바트
태권도	🥋	도복
태그	<	미만
태그	>	초과
태양	🏜	사막
태양	☀	태양
태어난	🍼	젖병
태풍	🌪	토네이도
태풍	🌀	태풍
태풍의눈	🌀	태풍
택	🏷	라벨
택배	📦	소포
택시	🚕	택시
택시	🚖	오고 있는 택시
택시부르기	🚖	오고 있는 택시
탭	📑	북마크 탭
탱고	💃	여자 댄서
탱고	🕺	남자 댄서
터널	🚞	기차 터널
터번	👳	터번을 쓰고 있는 사람
터번	👳‍♂	터번을 쓰고 있는 남자
터번	👳‍♀	터번을 쓰고 있는 여자
터번쓴남자	👳‍♂	터번을 쓰고 있는 남자
터번쓴사람	👳	터번을 쓰고 있는 사람
터번쓴여자	👳‍♀	터번을 쓰고 있는 여자
터번을쓰고있는남자	👳‍♂	터번을 쓰고 있는 남자
터번을쓰고있는사람	👳	터번을 쓰고 있는 사람
터번을쓰고있는여자	👳‍♀	터번을 쓰고 있는 여자
터보건	🛷	썰매
터크스케이커스제도	🇹🇨	깃발: 터크스 케이커스 제도
터키	🦃	칠면조
턱	🤔	생각하는 얼굴
턱시도	🤵	턱시도를 입은 사람
턱시도	🤵‍♂	턱시도를 입은 남자
턱시도	🤵‍♀	턱시도를 입은 여자
턱시도를입은남자	🤵‍♂	턱시도를 입은 남자
턱시도를입은사람	🤵	턱시도를 입은 사람
턱시도를입은여자	🤵‍♀	턱시도를 입은 여자
털	🫈	털복숭이
털복숭이	🫈	털복숭이
털복숭이맘모스	🦣	매머드
털북숭이	🦣	매머드
텀블러	🥃	양주잔
텅빈받은편지함	📥	받은 편지함
텅빈상태	🈳	빌 공
테그	🪯	칸다
테니스	🎾	테니스
테두리	🔳	테두리가 하얀 사각 버튼
테두리가검은사각버튼	🔲	테두리가 검은 사각 버튼
테두리가점선으로된얼굴	🫥	테두리가 점선으로 된 얼굴
테두리가하얀사각버튼	🔳	테두리가 하얀 사각 버튼
테디	🧸	테디 베어
테디베어	🧸	테디 베어
테라피	💆	마사지 받는 사람
테라피스트	🧑‍⚕	의료인
테라피스트	👨‍⚕	남자 의료인
테라피스트	👩‍⚕	여자 의료인
테이블웨어	🥄	숟가락
테이크아웃상자	🥡	테이크아웃 상자
테이프	📼	비디오테이프
텐트	🏕	캠핑
텐트	⛺	텐트
텐트	🎪	서커스
텔레비전	📺	텔레비전
토	🤮	토하는 얼굴
토고	🇹🇬	깃발: 토고
토깽이	🐇	토끼
토끼	👯‍♂	토끼 귀를 쓰고 춤추는 남자들
토끼	🐰	토끼 얼굴
토끼	🐇	토끼
토끼귀	👯	토끼 귀를 쓰고 춤추는 사람들
토끼귀	👯‍♀	토끼 귀를 쓰고 춤추는 여자들
토끼귀를쓰고춤추는남자들	👯‍♂	토끼 귀를 쓰고 춤추는 남자들
토끼귀를쓰고춤추는사람들	👯	토끼 귀를 쓰고 춤추는 사람들
토끼귀를쓰고춤추는여자들	👯‍♀	토끼 귀를 쓰고 춤추는 여자들
토끼띠	🐰	토끼 얼굴
토끼얼굴	🐰	토끼 얼굴
토끼풀	☘	토끼풀
토네이도	🌪	토네이도
토라진	😾	뾰로통한 고양이 얼굴
토라짐	😾	뾰로통한 고양이 얼굴
토마토	🍅	토마토
토성	🪐	고리가 있는 행성
토스트	🍞	빵
토켈라우	🇹🇰	깃발: 토켈라우
토하기	🤢	구역질을 하는 얼굴
토하는	🤮	토하는 얼굴
토하는얼굴	🤮	토하는 얼굴
톱	🪚	목공 톱
톱니바퀴	⚙	톱니바퀴
톱질	🪚	목공 톱
통	🪣	양동이
통가	🇹🇴	깃발: 통가
통기타	🎸	기타
통나무	🪵	목재
통조림	🥫	통조림
통화	📲	왼쪽에 화살표가 있는 휴대전화
투구	🤾	핸드볼하는 사람
투구	🤾‍♀	핸드볼하는 여자
투르크메니스탄	🇹🇲	깃발: 투르크메니스탄
투명한	🪟	창문
투발루	🇹🇻	깃발: 투발루
투표	🗳	투표 용지가 있는 투표 상자
투표	☑	체크박스
투표상자	🗳	투표 용지가 있는 투표 상자
투표용지	☑	체크박스
투표용지가있는투표상자	🗳	투표 용지가 있는 투표 상자
툭툭	🛺	경삼륜차
튀김	🍤	새우튀김
튀김	🫟	튀어오른 액체
튀니지	🇹🇳	깃발: 튀니지
튀다	🧨	폭죽
튀르키예	🇹🇷	깃발: 튀르키예
튀르키예리라	₺	튀르키예 리라
튀어오른액체	🫟	튀어오른 액체
튄	🫟	튀어오른 액체
튤립	🌷	튤립
트라이애슬론	🏊	수영하는 사람
트라이애슬론	🏊‍♂	수영하는 남자
트랙랜덤재생	🔀	랜덤 재생
트랙볼	🖲	트랙볼
트랙터	🚜	트랙터
트랜스	🌈	무지개
트랜스젠더	🌈	무지개
트랜스젠더	⚧	트랜스젠더 기호
트랜스젠더	🏳‍🌈	무지개 깃발
트랜스젠더	🏳‍⚧	트랜스젠더 깃발
트랜스젠더기호	⚧	트랜스젠더 기호
트랜스젠더깃발	🏳‍⚧	트랜스젠더 깃발
트램	🚃	전철
트램	🚊	트램
트램	🚎	트롤리 버스
트램차량	🚋	트램 차량
트러플	🍄‍🟫	갈색 양송이 버섯
트럭	🚒	소방차
트럭	🛻	픽업트럭
트럭	🚚	운송 트럭
트럭	🚛	트레일러 트럭
트럼펫	🎺	트럼펫
트레마	¨	분음 부호
트레이닝	🏋	역도 선수
트레이닝	🏋‍♂	남자 역도 선수
트레이드마크표시	™	상표
트레이트마크	™	상표
트레인	🚂	기관차
트레일러	🚛	트레일러 트럭
트레일러트럭	🚛	트레일러 트럭
트렌드	💹	엔화 관련 상승하는 그래프
트렌드	📈	상승하는 그래프
트렌드	📉	내려가는 그래프
트로피	🏆	트로피
트롤	🧌	트롤
트롤리	🚋	트램 차량
트롤리	🚎	트롤리 버스
트롤리버스	🚃	전철
트롤리버스	🚊	트램
트롤리버스	🚋	트램 차량
트롤리버스	🚎	트롤리 버스
트롤링	🧌	트롤
트롬본	🪊	트롬본
트리니다드토바고	🇹🇹	깃발: 트리니다드 토바고
트리스탄다쿠나	🇹🇦	깃발: 트리스탄다쿠나
트리트먼트	💆	마사지 받는 사람
트리플크라운	🏇	승마
트리플크라운	🐎	말
트리플프라임	‴	트리플 프라임
트림	🪚	목공 톱
트림	🫧	거품
틀림없이	👊	주먹 전면
티	🫖	찻주전자
티	🧋	버블티
티	👕	티셔츠
티라노사우루스	🦖	티라노사우루스
티라노사우르스렉스	🦖	티라노사우루스
티렉스	🦖	티라노사우루스
티비	📺	텔레비전
티셔츠	👕	티셔츠
티첼	🧕	머리에 스카프를 두른 여자
티켓	🎟	입장 티켓
티켓	🎫	티켓
틱	✅	체크 표시 버튼
틱	☑	체크박스
파나마	🇵🇦	깃발: 파나마
파다	🪏	삽
파도	🏄	서핑하는 사람
파도	🏄‍♂	서핑하는 남자
파도	🏄‍♀	서핑하는 여자
파도	🌊	파도
파도타기	🏄	서핑하는 사람
파도타기	🏄‍♂	서핑하는 남자
파라과이	🇵🇾	깃발: 파라과이
파라과이과라니	₲	파라과이 과라니
파라솔	🏖	파라솔이 있는 해변
파라솔	⛱	땅에 꽂힌 파라솔
파라솔이있는해변	🏖	파라솔이 있는 해변
파란사과	🍏	초록 사과
파란색	💙	파란색 하트
파란색	👕	티셔츠
파란색	📘	파란색 책
파란색	🧿	악마의 눈
파란색	🔵	파란 원
파란색	🟦	파란색 사각형
파란색	🔷	큰 파란색 마름모
파란색	🔹	작은 파란색 마름모
파란색사각형	🟦	파란색 사각형
파란색책	📘	파란색 책
파란색하트	💙	파란색 하트
파란원	🔵	파란 원
파란책	📘	파란색 책
파란하트	💙	파란색 하트
파랑	🔵	파란 원
파랑	🔷	큰 파란색 마름모
파랑	🔹	작은 파란색 마름모
파리	🪰	파리
파선모양아래쪽화살표	⇣	파선 모양 아래쪽 화살표
파선모양오른쪽화살표	⇢	파선 모양 오른쪽 화살표
파선모양왼쪽화살표	⇠	파선 모양 왼쪽 화살표
파선모양위쪽화살표	⇡	파선 모양 위쪽 화살표
파스타	🍝	스파게티
파에야	🥘	납작한 냄비
파우치	👝	파우치
파운드	💷	파운드
파운드기호	#	해시 기호
파운드화	💷	파운드
파운드화	£	파운드화
파워리프팅	🏋	역도 선수
파워리프팅	🏋‍♂	남자 역도 선수
파워부족	🪫	배터리 부족
파이	🥧	파이
파이브	🙏	기도
파이크	|	수직선
파이프	|	수직선
파이프	🪈	플루트
파이한조각	🥧	파이
파인애플	🍍	파인애플
파인트	🍺	맥주잔
파일	📁	폴더
파일	📂	폴더 열기
파일	🗂	카드 색인 파일
파일	🗃	카드 파일 상자
파일	🗄	파일 보관 서랍장
파일럿	🧑‍✈	기장
파일럿	👨‍✈	남자 기장
파일럿	👩‍✈	여자 기장
파일보관서랍장	🗄	파일 보관 서랍장
파일철	🗄	파일 보관 서랍장
파충류	🦎	도마뱀
파칭코	🎰	슬롯 머신
파키스탄	🇵🇰	깃발: 파키스탄
파킹	🅿	주차 표시
파티	😛	혀를 내민 얼굴
파티	🥳	파티하는 얼굴
파티	👯	토끼 귀를 쓰고 춤추는 사람들
파티	👯‍♂	토끼 귀를 쓰고 춤추는 남자들
파티	👯‍♀	토끼 귀를 쓰고 춤추는 여자들
파티	🍹	음료수
파티	🎈	풍선
파티	🎉	파티
파티	🎊	박 터트리기
파티	🪅	피냐타
파티	🪩	미러볼
파티	🪇	마라카스
파티마	🪬	함사
파티하는얼굴	🥳	파티하는 얼굴
파푸아뉴기니	🇵🇬	깃발: 파푸아뉴기니
파프리카	🫑	피망
판다	🐼	판다 얼굴
판다곰	🐼	판다 얼굴
판다얼굴	🐼	판다 얼굴
판사	🧑‍⚖	판사
판사	👨‍⚖	남자 판사
판사	👩‍⚖	여자 판사
판타지	👿	머리에 뿔이 달린 화난 얼굴
판타지	👺	코주부 도깨비 가면
판타지	👻	유령
판타지	👽	외계인
판타지	👾	에일리언
판타지	👸	공주
판타지	👼	아기 천사
판타지	🧙	마법사
판타지	🧙‍♂	남자 마법사
판타지	🧙‍♀	여자 마법사
판타지	🧚	요정
판타지	🧚‍♂	남자 요정
판타지	🧚‍♀	여자 요정
판타지	🧝	엘프
판타지	🧝‍♂	남자 엘프
판타지	🧝‍♀	여자 엘프
판타지	🧞	지니
판타지	🧞‍♂	남자 지니
판타지	🧞‍♀	여자 지니
판타지	🧌	트롤
판타지	🐦‍🔥	불사조
판타지	🔮	수정 구슬
판타지	📖	펼쳐진 책
판타지	📗	초록색 책
판타지	📘	파란색 책
판타지	📙	주황색 책
판타지	📚	책 여러 권
팔	💪	알통
팔	🎱	당구
팔	8⃣	키 캡: 8
팔각별	✴	팔각 별
팔각형	🛑	멈춤 표시
팔라우	🇵🇼	깃발: 팔라우
팔라펠	🥙	밀전병에 싼 요리
팔라펠	🧆	팔라펠
팔레스타인지구	🇵🇸	깃발: 팔레스타인 지구
팔레트	👨‍🎨	남자 화가
팔레트	👩‍🎨	여자 화가
팔레트	🎨	팔레트
팔리는	🪝	갈고리
팔분음표	♪	팔분음표
팝콘	🍿	팝콘
팡튀어오르는	🍾	코르크가 튀어나오고 있는 병
패드	🗒	스프링 노트
패드	🗓	스프링 달력
패러세일링	🪂	낙하산
패션	👠	하이힐
패스워드	🔑	열쇠
패스트리	🥧	파이
패스트푸드	🍔	햄버거
패스트푸드	🍟	감자튀김
팩스	📠	팩스
팩스기	📠	팩스
팩시밀리	📠	팩스
팬	🍳	프라이팬
팬	🥘	납작한 냄비
팬케이크	🥞	팬케이크
퍼밀	‰	천분율
퍼센트	%	백분율
퍼즐	🧩	퍼즐
퍼트	🏌	골프치는 사람
퍼트	🏌‍♂	골프치는 남자
퍼플하트	💟	하트 장식
퍽	🏒	아이스 하키와 퍽
펀치	👊	주먹 전면
펄	🧋	버블티
펄럭이는	🏳	펄럭이는 흰색 깃발
펄럭이는검은색깃발	🏴	펄럭이는 검은색 깃발
펄럭이는흰색깃발	🏳	펄럭이는 흰색 깃발
펄럭펄럭	🪭	접이식 손 부채
펄릭이는	🏴	펄럭이는 검은색 깃발
펌프	⛽	주유소
페니	₰	독일 페니
페로제도	🇫🇴	깃발: 페로 제도
페루	🇵🇪	깃발: 페루
페리	⛴	페리
페소	₱	페소
페스츄리	🎂	생일 케이크
페스츄리	🍰	조각 케익
페스트리	🥧	파이
페스티발	🎎	일본 인형
페이	💸	날개 달린 돈
페이	💳	신용카드
페이지	📃	안으로 말린 문서
페이지	📄	오른쪽 모서리가 접힌 문서
페이퍼클립	🖇	이어져 있는 클립
페이퍼타월	🧻	두루마리
페인트	🫟	튀어오른 액체
페인트붓	🖌	붓
페인트브러쉬	🖌	붓
페인팅	🖌	붓
페트리접시	🧫	페트리 접시
페페로니	🍕	피자
펜	✒	검은색 펜촉
펜	🖋	만년필
펜	🖊	펜
펜	🔏	자물쇠와 펜
펜싱	🤺	펜싱하는 사람
펜싱하는사람	🤺	펜싱하는 사람
펜촉	✒	검은색 펜촉
펜촉	🖋	만년필
펜촉	🔏	자물쇠와 펜
펭귄	🐧	펭귄
편리한	🪛	드라이버
편미분	∂	편미분
편안	👘	기모노
편안한	☺	웃는 얼굴
편안한	🫂	포옹하는 사람
편안한	🥿	플랫 슈즈
편의점	🏪	편의점
편자	🧲	자석
편지	💌	러브레터
편지	✉	봉투
편지	📧	이메일
편지	📨	받은 편지
편지	📩	보낸 편지
편지	📤	보낸 편지함
편지	📥	받은 편지함
편지	📫	표지가 올라간 닫힌 우편함
편지	📪	표지가 내려간 닫힌 우편함
편지	📬	표지가 올라간 열린 우편함
편지	📭	표지가 내려간 열린 우편함
편지	📮	우편함
편지받기	📥	받은 편지함
편지보내기	📤	보낸 편지함
편지함	📤	보낸 편지함
편지함	📫	표지가 올라간 닫힌 우편함
편지함	📬	표지가 올라간 열린 우편함
편지함	📭	표지가 내려간 열린 우편함
펼쳐진책	📖	펼쳐진 책
펼치지않은책	📕	펼치지 않은 책
펼친두손	👐	양손을 모아서 벌린 모양
펼친손	👋	흔드는 손
펼침	📖	펼쳐진 책
평등	🟰	등호 기호
평온	🧘	가부좌한 사람
평온	🧘‍♂	가부좌한 남자
평온	🧘‍♀	가부좌한 여자
평온	🪷	연꽃
평행	∥	평행
평화	😌	안심한 얼굴
평화	✌	브이 표시
평화	🧘	가부좌한 사람
평화	🧘‍♂	가부좌한 남자
평화	🧘‍♀	가부좌한 여자
평화	🕊	비둘기
평화	🪷	연꽃
평화	☮	평화 기호
평화기호	☮	평화 기호
평화로운	☮	평화 기호
평화상징	☮	평화 기호
폐	🫁	폐
포도	🍇	포도
포렌식	🫆	지문
포르투갈	🇵🇹	깃발: 포르투갈
포세이돈	🔱	삼지창
포스트잇	📑	북마크 탭
포식자	🐯	호랑이 얼굴
포식자	🐅	호랑이
포식자	🐆	표범
포옹	🤗	포옹하고 있는 얼굴
포옹	👐	양손을 모아서 벌린 모양
포옹	🫂	포옹하는 사람
포옹하고있는얼굴	🤗	포옹하고 있는 얼굴
포옹하는사람	🫂	포옹하는 사람
포유동물	🫎	무스
포유동물	🫏	당나귀
포장	🍬	사탕
포장	🎁	선물
포장	🛃	세관
포춘쿠키	🥠	포츈 쿠키
포츈쿠키	🥠	포츈 쿠키
포크	🍽	포크와 나이프가 있는 접시
포크	🍴	포크와 나이프
포크와나이프	🍴	포크와 나이프
포크와나이프가있는접시	🍽	포크와 나이프가 있는 접시
포크찹	🥩	고깃덩이
포클랜드제도	🇫🇰	깃발: 포클랜드 제도
포타슘	🍌	바나나
포테이토	🥔	감자
포토벨로	🍄‍🟫	갈색 양송이 버섯
포함	∈	원소 포함
폭발	💥	충돌
폭발	🌋	화산
폭발	💣	폭탄
폭발적인	🧨	폭죽
폭발하는얼굴	🤯	폭발하는 얼굴
폭약	🧨	폭죽
폭죽	🎇	불꽃
폭죽	🧨	폭죽
폭탄	💣	폭탄
폰	🤳	셀카
폰	♟	체스 폰
폰	📵	휴대전화 사용금지
폴더	📁	폴더
폴더	📂	폴더 열기
폴더	🗂	카드 색인 파일
폴더열기	📂	폴더 열기
폴란드	🇵🇱	깃발: 폴란드
퐁듀	🫕	퐁듀
표	🎫	티켓
표범	🐆	표범
표시	❣	하트 모양 느낌표
표시	🚦	세로 신호등
표시	📑	북마크 탭
표시	🔖	북마크
표시	☢	방사능
표시	☣	생물학적 위험
표시	🔛	켜짐
표시	™	상표
표의문자	🈷	달 월
표의문자	🈶	있을 유
표의문자	🈯	가리킬 지
표의문자	🉐	얻을 득
표의문자	🈹	나눌 할
표의문자	🈚	없을 무
표의문자	🈲	금할 금
표의문자	🉑	옳을 가
표의문자	🈸	거듭 신
표의문자	🈴	합할 합
표의문자	🈳	빌 공
표의문자	㊗	원 안의 축하 표의문자
표의문자	㊙	원 표시된 비밀 표의문자
표의문자	🈺	벼슬 관
표의문자	🈵	찰 만
표정	😌	안심한 얼굴
표정없는얼굴	😑	무표정한 얼굴
표지	📔	표지가 있는 노트
표지가내려간닫힌우편함	📪	표지가 내려간 닫힌 우편함
표지가내려간열린우편함	📭	표지가 내려간 열린 우편함
표지가올라간닫힌우편함	📫	표지가 올라간 닫힌 우편함
표지가올라간열린우편함	📬	표지가 올라간 열린 우편함
표지가있는노트	📔	표지가 있는 노트
표지판	🪧	플래카드
표확인	🎫	티켓
푸드	🫘	콩
푸들	🐩	푸들
푸딩	🍮	커스타드 푸딩
푸른	🩵	밝은 파란색 하트
푸에르토리코	🇵🇷	깃발: 푸에르토리코
풀	🌿	풀
풀	☘	토끼풀
풋사과	🍏	초록 사과
풋콩	🫛	완두콩 꼬투리
풍경	🎐	풍경
풍랑	🌊	파도
풍선	💬	말풍선
풍선	🗯	화난 표현의 오른쪽 말풍선
풍선	💭	생각 풍선
풍선	🎈	풍선
풍차돌리기	🤸	옆돌기하는 사람
풍차돌리기	🤸‍♂	옆돌기하는 남자
풍차돌리기	🤸‍♀	옆돌기하는 여자
프라이드	🌈	무지개
프라이버시	🔏	자물쇠와 펜
프라이팬	🍳	프라이팬
프라임	′	프라임
프라임	″	더블 프라임
프라임	‴	트리플 프라임
프랑	₣	프랑스 프랑
프랑스	🇫🇷	프랑스 국기
프랑스	🥖	바게트
프랑스	🥐	크루아상
프랑스령기아나	🇬🇫	깃발: 프랑스령 기아나
프랑스령남방지역	🇹🇫	깃발: 프랑스령 남방 지역
프랑스령폴리네시아	🇵🇫	깃발: 프랑스령 폴리네시아
프랑스프랑	₣	프랑스 프랑
프랑크푸르트소시지	🌭	핫도그
프레임	🎞	영화 프레임
프레첼	🥨	프레첼
프렌치	🍟	감자튀김
프렌치프라이	🍟	감자튀김
프로그래머	🧑‍💻	기술 전문가
프로그래머	👨‍💻	남자 기술 전문가
프로그래머	👩‍💻	여자 기술 전문가
프로젝터	📽	영화 프로젝터
프리	🆓	프리
프리스비	🥏	원반
프리신호	🆓	프리
프린세스	👸	공주
프린스	🤴	왕자
프린터	🖨	프린터
프린트	🫆	지문
플라멩고	💃	여자 댄서
플라멩고	🕺	남자 댄서
플라밍고	🦩	홍학
플라워	🪷	연꽃
플랑크톤	🪼	해파리
플래그	🏴	펄럭이는 검은색 깃발
플래그	🏳	펄럭이는 흰색 깃발
플래시	📸	플래시를 터트리고 있는 카메라
플래시라이트	🔦	손전등
플래시를터트리고있는카메라	📸	플래시를 터트리고 있는 카메라
플래시터트린카메라	📸	플래시를 터트리고 있는 카메라
플래카드	🪧	플래카드
플랫	♭	내림표
플랫베드	🛻	픽업트럭
플랫브레드	🫓	플랫브레드
플랫슈즈	🥿	플랫 슈즈
플러그	🔌	전기 플러그
플러스	➕	더하기
플러스마이너스	±	플러스마이너스
플러팅	🫦	입술을 깨물고 있는 입
플레이	▶	재생 버튼
플로피디스크	💾	플로피 디스크
플루트	🪈	플루트
플루티스트	🪈	플루트
플립플랍	🩴	가락신
피	🧛	뱀파이어
피	🧛‍♂	남자 뱀파이어
피	🧛‍♀	여자 뱀파이어
피곤	🛌	침대에 누운 사람
피곤한	😪	졸린 얼굴
피곤한	🫩	다크서클이 있는 얼굴
피곤한얼굴	😫	피곤한 얼굴
피곤함	😵	어지러운 얼굴
피곤함	😫	피곤한 얼굴
피곤함	🥱	하품하는 얼굴
피그	🐗	멧돼지
피난처	🛖	오두막
피냐콜라다	🥥	코코넛
피냐타	🪅	피냐타
피노키오	🤥	거짓말하는 얼굴
피닉스	🐦‍🔥	불사조
피로한	🫩	다크서클이 있는 얼굴
피리	🪈	플루트
피망	🫑	피망
피부과의사	😷	마스크 낀 얼굴
피스톨	🔫	물총
피씨	💻	노트북
피아노	🎹	피아노
피자	🍕	피자
피자토핑	🍄‍🟫	갈색 양송이 버섯
피자한조각	🍕	피자
피지	🇫🇯	깃발: 피지
피켓	🪧	플래카드
피클	🥒	오이
피타	🫓	플랫브레드
픽업	🛻	픽업트럭
픽업트럭	🛻	픽업트럭
핀	📌	압정
핀	📍	둥근 머리 핀
핀란드	🇫🇮	깃발: 핀란드
필기	📔	표지가 있는 노트
필기도구	✏	연필
필기도구	🖋	만년필
필드	🏌	골프치는 사람
필드	🏑	필드 하키
필드하키	🏑	필드 하키
필름	🎞	영화 프레임
필리핀	🇵🇭	깃발: 필리핀
필링	🥧	파이
필크로	¶	단락 기호
핏방울	🩸	핏방울
핏케언제도	🇵🇳	깃발: 핏케언 제도
핑퐁	🏓	탁구
하늘	☁️	구름
하늘	🌤️	구름 뒤의 해
하늘	🌈	무지개
하늘색	🏳‍⚧	트랜스젠더 깃발
하늘색하트	🩵	밝은 파란색 하트
하마	🦛	하마
하얀	🦷	이빨
하얀색	🏳‍⚧	트랜스젠더 깃발
하얀색느낌표	❕	하얀색 느낌표
하얀색물음표	❔	하얀색 물음표
하얀색물음표부호	❕	하얀색 느낌표
하얀색원	⚪	흰색 원
하얀색하트	💟	하트 장식
하이크	🚶	보행자
하이크	🚶‍➡	보행자: 오른쪽을 향한
하이킹	🚶	보행자
하이킹	🚶‍♂	걷는 남자
하이킹	🚶‍♀	걷는 여자
하이킹	🥾	등산화
하이킹	🚶‍➡	보행자: 오른쪽을 향한
하이킹	🚶‍♀‍➡	걷는 여자: 오른쪽을 향한
하이킹	🚶‍♂‍➡	걷는 남자: 오른쪽을 향한
하이파이브	✋	손바닥
하이파이브	🫷	왼쪽으로 밀치는 손
하이파이브	🫸	오른쪽으로 밀치는 손
하이파이브	🙌	만세
하이파이브	🙏	기도
하이픈	-	하이픈 마이너스
하이픈	‐	하이픈
하이픈마이너스	-	하이픈 마이너스
하이픈삽입	‧	하이픈 지점
하이픈지점	‧	하이픈 지점
하이힐	👠	하이힐
하즈	🕋	카바
하키	🏑	필드 하키
하키	🏒	아이스 하키와 퍽
하트	🥰	하트와 함께 웃는 얼굴
하트	😍	하트 눈 얼굴
하트	😘	키스를 보내는 얼굴
하트	😻	하트 눈 고양이 얼굴
하트	💌	러브레터
하트	💘	화살이 꽂힌 하트
하트	💝	리본 달린 하트
하트	💖	빛나는 하트
하트	💗	커지는 하트
하트	💓	두근거리는 하트
하트	💞	회전하는 하트
하트	💕	하트 두 개
하트	💟	하트 장식
하트	❣	하트 모양 느낌표
하트	❤‍🔥	불 난 하트
하트	❤	빨간색 하트
하트	🩷	분홍색 하트
하트	💛	노란색 하트
하트	💚	초록색 하트
하트	💙	파란색 하트
하트	🩵	밝은 파란색 하트
하트	💜	보라색 하트
하트	🤎	갈색 하트
하트	🖤	검은색 하트
하트	🩶	회색 하트
하트	🤍	흰색 하트
하트	💋	입술
하트	🫰	엄지와 중지를 교차한 손
하트	💏	키스
하트	💑	연인
하트	♥	하트
하트	👩‍❤‍💋‍👨	키스: 여자 남자
하트	👨‍❤‍💋‍👨	키스: 남자 남자
하트	👩‍❤‍💋‍👩	키스: 여자 여자
하트	👩‍❤‍👨	연인: 여자 남자
하트	👨‍❤‍👨	연인: 남자 남자
하트	👩‍❤‍👩	연인: 여자 여자
하트가있는연인	💑	연인
하트가있는연인	👩‍❤‍👨	연인: 여자 남자
하트가있는연인	👨‍❤‍👨	연인: 남자 남자
하트가있는연인	👩‍❤‍👩	연인: 여자 여자
하트눈고양이얼굴	😻	하트 눈 고양이 얼굴
하트눈얼굴	😍	하트 눈 얼굴
하트두개	💕	하트 두 개
하트모양	♥	하트
하트모양눈으로미소짓는고양이얼굴	😻	하트 눈 고양이 얼굴
하트모양느낌표	❣	하트 모양 느낌표
하트뿅뿅얼굴	😍	하트 눈 얼굴
하트와함께웃는얼굴	🥰	하트와 함께 웃는 얼굴
하트장식	💟	하트 장식
하품	😴	졸고 있는 얼굴
하품	🥱	하품하는 얼굴
하품하는얼굴	🥱	하품하는 얼굴
하프	🪉	하프
하하	🤣	바닥을 구르며 웃는 얼굴
하하	😂	기쁨의 눈물을 흘리는 얼굴
하하하	😆	눈웃음짓는 얼굴
하하하	🫠	녹아 내리는 얼굴
하향	📉	내려가는 그래프
하향화살표	⬇	아래쪽 화살표
하현달	🌖	하현달
하현반달	🌗	왼쪽 반달
학교	🏫	학교
학교	🚌	버스
학교	📔	표지가 있는 노트
학교	📚	책 여러 권
학교가방	🎒	학교 가방
학사모	🧑‍🎓	학생
학사모	👨‍🎓	남학생
학사모	👩‍🎓	여학생
학생	🧑‍🎓	학생
학생	👨‍🎓	남학생
학생	👩‍🎓	여학생
학생가방	🎒	학교 가방
학자	🎓	졸업 모자
한곡반복재생	🔂	한 곡 반복 재생
한곡반복재생버튼	🔂	한 곡 반복 재생
한국	🇰🇷	대한민국 국기
한국원화	₩	원
한꼬집	👌	오케이를 표시한 손
한꼬집	🤏	꼬집는 손
한눈	👁	눈
한달	🈷	달 월
한덩이	🍞	빵
한번	🔂	한 곡 반복 재생
한손	🙋‍♂	한 손 든 남자
한손	🙋‍♀	한 손 든 여자
한손든남자	🙋‍♂	한 손 든 남자
한손든사람	🙋	한 손 든 사람
한손든사람	🙋‍♂	한 손 든 남자
한손든사람	🙋‍♀	한 손 든 여자
한손든여자	🙋‍♀	한 손 든 여자
한손을든사람	🙋	한 손 든 사람
한손을들고즐거워하는사람	🙋	한 손 든 사람
한숨	😮‍💨	날숨 쉬는 얼굴
한시	🕐	한 시
한시	🕜	한 시 반
한시반	🕜	한 시 반
한잔	🥛	우유 한잔
한장씩뜯어내는달력	📆	뜯어진 달력
한쪽눈을가리고훔쳐보는얼굴	🫣	한쪽 눈을 가리고 훔쳐보는 얼굴
한쪽다리	🦵	한쪽 다리
한쪽발	🦶	한쪽 발
할로윈	👻	유령
할로윈	🧛	뱀파이어
할로윈	🧛‍♂	남자 뱀파이어
할로윈	🧛‍♀	여자 뱀파이어
할로윈	🧟	좀비
할로윈	🧟‍♂	남자 좀비
할로윈	🧟‍♀	여자 좀비
할로윈	🐈‍⬛	검은 고양이
할로윈	🍫	초콜렛
할로윈	🍬	사탕
할로윈	🎃	할로윈
할로윈장식	🎃	할로윈
할리우드	🎥	영화 카메라
할머니	👵	할머니
할아버지	👴	할아버지
할일	📋	클립보드
핥다	👅	혀
함사	🪬	함사
함정	🪤	쥐덫
합	🈴	합할 합
합격	🈴	합할 합
합기도	🥋	도복
합성함수	∘	합성 함수
합의	🤝	악수
합장	🙏	기도
합집합	∪	합집합
합하기	🈴	합할 합
합할합	🈴	합할 합
핫	🫠	녹아 내리는 얼굴
핫도그	🌭	핫도그
핫스팟	🛜	무선
핫케이크	🥞	팬케이크
항공	✈	비행기
항공기	🛩	경비행기
항공기	🛬	비행기 착륙
항복	🏳	펄럭이는 흰색 깃발
항해	⚓	닻
해	🌻	해바라기
해	🌄	산에서 떠오르는 해
해	🌅	일출
해	🌆	도시 야경
해	🌇	일몰
해	☀	태양
해	⛅	구름 뒤의 해
해	🌤	작은 구름 뒤의 태양
해	🌥	큰 구름 뒤의 태양
해	🌦	비구름 뒤의 태양
해	⛱	땅에 꽂힌 파라솔
해가뜸	🌄	산에서 떠오르는 해
해가뜸	🌅	일출
해가짐	🌇	일몰
해골	💀	해골
해골	☠	해골과 뼈다귀
해골	🩻	엑스레이
해골과뼈다귀	☠	해골과 뼈다귀
해골깃발	🏴‍☠	해적 깃발
해골바가지	💀	해골
해님	🌞	얼굴이 있는 해
해머	🔨	망치
해바라기	🌻	해바라기
해방긋	🌞	얼굴이 있는 해
해변	🏄	서핑하는 사람
해변	🏄‍♂	서핑하는 남자
해변	🏄‍♀	서핑하는 여자
해변	🐳	물 뿜는 고래
해변	🐋	고래
해변	🐬	돌고래
해변	🌴	야자수
해변	🏖	파라솔이 있는 해변
해변	👙	비키니
해변	🩴	가락신
해변가	⛱	땅에 꽂힌 파라솔
해부학	🫀	심장
해산물	🦞	바닷가재
해시	#	해시 기호
해시기호	#	해시 기호
해시태그	#	해시 기호
해양	🏄	서핑하는 사람
해양	🏄‍♂	서핑하는 남자
해양	🫍	범고래
해양	🦭	물개
해양	🪼	해파리
해저	🧜	인어
해저	🧜‍♂	남자 인어
해저	🧜‍♀	여자 인어
해적	🦜	앵무새
해적	🏴‍☠	해적 깃발
해적깃발	🏴‍☠	해적 깃발
해질녘	🌆	도시 야경
해질녘	🌇	일몰
해충	🪳	바퀴벌레
해충	🪰	파리
해파리	🪼	해파리
핸드	🫳	손바닥을 아래로 향한 손
핸드	🫴	손바닥을 위로 향한 손
핸드	🪬	함사
핸드백	👛	지갑
핸드백	👜	핸드백
핸드백	👝	파우치
핸드볼	🤾	핸드볼하는 사람
핸드볼	🤾‍♂	핸드볼하는 남자
핸드볼	🤾‍♀	핸드볼하는 여자
핸드볼하는남자	🤾‍♂	핸드볼하는 남자
핸드볼하는사람	🤾	핸드볼하는 사람
핸드볼하는여자	🤾‍♀	핸드볼하는 여자
핼러윈	🐈‍⬛	검은 고양이
핼러윈	🎃	할로윈
햄버거	🍔	햄버거
햄스터	🐹	햄스터 얼굴
햄스터얼굴	🐹	햄스터 얼굴
햇빛	🌞	얼굴이 있는 해
했음	✔	체크 표시
행글라이더	🪂	낙하산
행복	😀	활짝 웃는 얼굴
행복	😃	눈을 크게 뜨고 웃는 얼굴
행복	😄	미소 짓는 눈으로 활짝 웃는 얼굴
행복	😁	미소 짓는 눈으로 웃는 얼굴
행복	🤣	바닥을 구르며 웃는 얼굴
행복	😂	기쁨의 눈물을 흘리는 얼굴
행복	🙂	살짝 미소 짓는 얼굴
행복	☺	웃는 얼굴
행복	🥲	눈물 흘리며 웃는 얼굴
행복	🤸	옆돌기하는 사람
행복	🤸‍♂	옆돌기하는 남자
행복	🤸‍♀	옆돌기하는 여자
행사	🎤	마이크
행성	🪐	고리가 있는 행성
행성	🌌	은하수
행운	🤞	검지와 중지 크로스
행운	🍀	네잎클로버
행운	🧧	세뱃돈
행운을빌어	🫡	경례하는 얼굴
행진	🪈	플루트
향신료	🫚	생강 뿌리
향한	🚶‍➡	보행자: 오른쪽을 향한
향한	🚶‍♀‍➡	걷는 여자: 오른쪽을 향한
향한	🚶‍♂‍➡	걷는 남자: 오른쪽을 향한
향한	🧎‍➡	무릎을 꿇은 사람: 오른쪽을 향한
향한	🧎‍♀‍➡	무릎을 꿇은 여자: 오른쪽을 향한
향한	🧎‍♂‍➡	무릎을 꿇은 남자: 오른쪽을 향한
향한	🧑‍🦯‍➡	지팡이를 든 사람: 오른쪽을 향한
향한	👨‍🦯‍➡	지팡이를 든 남자: 오른쪽을 향한
향한	👩‍🦯‍➡	지팡이를 든 여자: 오른쪽을 향한
향한	🧑‍🦼‍➡	전동 휠체어를 탄 사람: 오른쪽을 향한
향한	👨‍🦼‍➡	전동 휠체어를 탄 남자: 오른쪽을 향한
향한	👩‍🦼‍➡	전동 휠체어를 탄 여자: 오른쪽을 향한
향한	🧑‍🦽‍➡	수동 휠체어를 탄 사람: 오른쪽을 향한
향한	👨‍🦽‍➡	수동 휠체어를 탄 남자: 오른쪽을 향한
향한	👩‍🦽‍➡	수동 휠체어를 탄 여자: 오른쪽을 향한
향한	🏃‍➡	뛰는 사람: 오른쪽을 향한
향한	🏃‍♀‍➡	뛰는 여자: 오른쪽을 향한
향한	🏃‍♂‍➡	뛰는 남자: 오른쪽을 향한
허가	🉑	옳을 가
허가증	🪪	신분증
허그	🫂	포옹하는 사람
허드맥도널드제도	🇭🇲	깃발: 허드 맥도널드 제도
허를찔리다	😦	입 벌리고 찌푸린 얼굴
허브	🌿	풀
허브	🫚	생강 뿌리
헌혈	🩸	핏방울
헐	🫥	테두리가 점선으로 된 얼굴
헐떡이는	🥵	더운 얼굴
헐벗은	🪾	잎이 없는 나무
헝가리	🇭🇺	깃발: 헝가리
헤드폰	🎧	헤드폰
헤롱거리는	🥴	헤롱헤롱 얼굴
헤롱헤롱얼굴	🥴	헤롱헤롱 얼굴
헤어	🪮	머리 빗
헤어스타일	💇	헤어컷
헤어짐	💔	깨진 하트
헤어컷	👩	여자
헤어컷	💇	헤어컷
헤어컷	💇‍♂	남자 헤어컷
헤어컷	💇‍♀	여자 헤어컷
헤어컷	👩‍🦰	여자: 빨간 머리
헤어컷	👩‍🦱	여자: 곱슬머리
헤어컷	👩‍🦳	여자: 백발
헤어컷	👩‍🦲	여자: 대머리
헤엄	🏊‍♀	수영하는 여자
헤이	👋	흔드는 손
헤헤	😂	기쁨의 눈물을 흘리는 얼굴
헤헤	🙃	거꾸로 된 얼굴
헬기	🚁	헬리콥터
헬리콥터	🚁	헬리콥터
헬멧	💂	근위병
헬멧	💂‍♂	남자 근위병
헬멧	💂‍♀	여자 근위병
헬멧	👷	건설 노동자
헬멧	👷‍♂	건설 현장 남자 노동자
헬멧	👷‍♀	건설 현장 여자 노동자
헬멧	🪖	군용 헬멧
헬멧	⛑	흰 십자가가 있는 헬멧
헬스장	💪	알통
헬프	🩼	목발
헷갈리는	🫤	입이 한쪽으로 올라간 얼굴
헷갈림	😵‍💫	현기증 난 얼굴
헷갈림	😕	혼란스러워하는 얼굴
혀	😛	혀를 내민 얼굴
혀	😜	윙크하면서 혀를 내민 얼굴
혀	😝	눈을 감고 메롱하는 얼굴
혀	👅	혀
혀를내민얼굴	😛	혀를 내민 얼굴
현금	🧧	세뱃돈
현금	💰	돈주머니
현금	💷	파운드
현금	💸	날개 달린 돈
현금	💳	신용카드
현금	🏧	ATM
현금인출기	🏧	ATM
현기증	😵‍💫	현기증 난 얼굴
현기증난얼굴	😵‍💫	현기증 난 얼굴
현명	🤓	모범생 얼굴
현명한	👴	할아버지
현명한	👵	할머니
현명한	🦉	부엉이
현미경	🔬	현미경
현악기	🪕	밴조
혈액형	🆎	에이비형
혈액형	🅱	비형
혈액형	🅾	오형
혈액형에이형	🅰	에이형
형사	🕵	탐정
형사	🕵‍♂	남자 탐정
형사	🕵‍♀	여자 탐정
혜성	☄	혜성
호기심	🦝	너구리
호날두	⚽	축구공
호랑이	🐯	호랑이 얼굴
호랑이	🐅	호랑이
호랑이띠	🐯	호랑이 얼굴
호랑이얼굴	🐯	호랑이 얼굴
호러	🧟	좀비
호러	🧟‍♂	남자 좀비
호러	🧟‍♀	여자 좀비
호른	📯	호른
호밀	🍞	빵
호박	🎃	할로윈
호박파이	🥧	파이
호수	🚣	노젓는 사람
호수	🚣‍♂	노젓는 남자
호수	🚣‍♀	노젓는 여자
호수	🚤	쾌속정
호전	❤‍🩹	낫고 있는 하트
호주	🐨	코알라
호주	🦘	캥거루
호주	🌏	아시아와 호주가 보이는 지구
호쵸	🔪	식칼
호출기	📟	삐삐
호출벨	🛎	호출 벨
호텔	🛌	침대에 누운 사람
호텔	🏨	호텔
호텔	🏩	모텔
호텔	🛎	호출 벨
호텔	🛍	쇼핑백
호텔	🛏	침대
호텔	🛋	소파와 전등
호프	🍺	맥주잔
호황	💹	엔화 관련 상승하는 그래프
호황	📈	상승하는 그래프
호흡	🫁	폐
혹	🐪	낙타
혹	🐫	쌍봉 낙타
혼란	😵‍💫	현기증 난 얼굴
혼란	🫤	입이 한쪽으로 올라간 얼굴
혼란스러운	😕	혼란스러워하는 얼굴
혼란스러움	😖	당혹한 얼굴
혼란스러워하는얼굴	😕	혼란스러워하는 얼굴
혼례식	💒	결혼식
홀	⛳	골프
홀에깃발	⛳	골프
홈	🪹	빈 둥지
홈	🛖	오두막
홍고추	🌶	홍고추
홍등	🏮	일본식 등
홍학	🦩	홍학
홑낫표	「	여는 낫표
홑낫표	」	닫는 낫표
화	😠	화난 얼굴
화	💢	화남
화가	🧑‍🎨	화가
화가	👨‍🎨	남자 화가
화가	👩‍🎨	여자 화가
화가	🎨	팔레트
화가난	😤	화내며 씩씩거리는 얼굴
화끈한	🔥	불
화난	😡	뾰로통한 얼굴
화난	🤬	욕하는 얼굴
화난	👺	코주부 도깨비 가면
화난	🗯	화난 표현의 오른쪽 말풍선
화난얼굴	😠	화난 얼굴
화난표현의오른쪽말풍선	🗯	화난 표현의 오른쪽 말풍선
화남	💢	화남
화남	🗯	화난 표현의 오른쪽 말풍선
화남	🙍	찌푸린 사람
화남	🧂	소금
화내며씩씩거리는얼굴	😤	화내며 씩씩거리는 얼굴
화려한	🧐	단안경을 쓴 얼굴
화려한	🦚	공작
화려한	👗	원피스
화려한	🎩	마술사 모자
화물	🛄	짐 찾는 곳
화물	🛅	화물 서비스
화물서비스	🛅	화물 서비스
화물차	🛻	픽업트럭
화분	🪴	분재
화산	🌋	화산
화살	🎯	과녁 명중
화살	🏹	활과 화살
화살이꽂힌하트	💘	화살이 꽂힌 하트
화살표	←	왼쪽 화살표
화살표	→	오른쪽 화살표
화살표	↑	위 화살표
화살표	↓	아래 화살표
화살표	⇅	위아래 화살표
화살표	⇆	좌우 화살표
화살표	📲	왼쪽에 화살표가 있는 휴대전화
화살표	📩	보낸 편지
화살표	⬆	위쪽 화살표
화살표	↗	오른쪽 위 화살표
화살표	➡	우향 화살표
화살표	↘	오른쪽 아래 화살표
화살표	⬇	아래쪽 화살표
화살표	↙	왼쪽 아래 화살표
화살표	⬅	좌향 화살표
화살표	↖	왼쪽 위 화살표
화살표	↕	위아래 방향 화살표
화살표	↔	좌우 방향 화살표
화살표	↩	오른쪽에서 왼쪽으로 꺾는 화살표
화살표	↪	왼쪽에서 오른쪽으로 꺾는 화살표
화살표	⤴	오른쪽에서 위로 꺾는 화살표
화살표	⤵	아래쪽으로 꺾어지는 우향 화살표
화살표	🔃	시계 방향 화살표
화살표	🔄	반시계 방향 화살표
화살표	🔙	뒤로
화살표	🔚	종료
화살표	🔛	켜짐
화살표	🔜	곧
화살표	🔝	맨 위 화살표
화살표	🔀	랜덤 재생
화살표	🔁	전곡 반복 재생
화살표	🔂	한 곡 반복 재생
화살표	▶	재생 버튼
화살표	⏩	빨리 감기 버튼
화살표	⏭	다음 트랙 버튼
화살표	⏯	재생 또는 일시 정지 버튼
화살표	◀	반대로 버튼
화살표	⏪	되감기 버튼
화살표	⏮	이전 트랙 버튼
화살표	⏫	빨리 올리기 버튼
화살표	⏬	빨리 내리기 버튼
화살표가있는편지봉투	📩	보낸 편지
화살표가있는휴대전화	📲	왼쪽에 화살표가 있는 휴대전화
화이트	🦷	이빨
화이트라지사각형	⬜	큰 흰색 사각형
화이트미디엄별	⭐	별
화이트미디엄사각형	◻	중간 흰색 사각형
화이트서클	⚪	흰색 원
화이트스몰사각형	▫	작은 흰색 사각형
화이트칼라	🧑‍💼	회사원
화이트칼라	👨‍💼	남자 회사원
화이트칼라	👩‍💼	여자 회사원
화이트플라워	💮	흰 꽃
화이트하트	💟	하트 장식
화장	💄	립스틱
화장	🪞	거울
화장실	🚽	변기
화장실	🪠	뚫어뻥
화장실	🚻	화장실
화장실	🚾	더블유씨
화장지	🧻	두루마리
화장품	💄	립스틱
화재	🧑‍🚒	소방관
화재	👨‍🚒	남자 소방관
화재	👩‍🚒	여자 소방관
화재	🚒	소방차
화재	🔥	불
화재	🧯	소화기
화창	🫡	경례하는 얼굴
화창한	☀	태양
화투	🎴	화투
화투게임	🎴	화투
화투패	🎴	화투
화폐	💴	엔
화폐	💵	달러
화폐	💶	유로
화폐	💷	파운드
화폐	💹	엔화 관련 상승하는 그래프
화폐	💱	환전
화폐	💲	미국 달러
화폐	$	달러화
화폐	₢	크루제이루
화폐	₣	프랑스 프랑
화폐	₤	리라
화폐	₰	독일 페니
화폐	₳	오스트랄
화폐	₶	리브르 투아누아
화폐	₷	스페스밀로
화폐	₹	인도 루피
화폐	₽	러시아 루블
화폐	₨	루피
화폐	﷼	리알
화학	⚗	증류기
화학	🧪	시험관
화학자	🧑‍🔬	과학자
화학자	👨‍🔬	남자 과학자
화학자	👩‍🔬	여자 과학자
화학자	🧪	시험관
확성기	📢	확성기
확신없는	😕	혼란스러워하는 얼굴
확신이없음	🫤	입이 한쪽으로 올라간 얼굴
확인	🙆	오케이라는 제스처를 하는 사람
확인함	✅	체크 표시 버튼
확인함	✔	체크 표시
환상	🧚	요정
환상	🧚‍♂	남자 요정
환상	🧚‍♀	여자 요정
환생	🐦‍🔥	불사조
환영	🤗	포옹하고 있는 얼굴
환전	💱	환전
환한미소	🤪	괴짜 얼굴
환형동물	🪱	지렁이
환호	😀	활짝 웃는 얼굴
활	🏹	활과 화살
활	♐	사수자리
활공	🪁	연
활과화살	🏹	활과 화살
활동적	🤸	옆돌기하는 사람
활동적	🤸‍♂	옆돌기하는 남자
활동적	🤸‍♀	옆돌기하는 여자
활력	🤸	옆돌기하는 사람
활짝웃는	😄	미소 짓는 눈으로 활짝 웃는 얼굴
활짝웃는고양이얼굴	😺	활짝 웃는 고양이 얼굴
활짝웃는얼굴	😀	활짝 웃는 얼굴
황당	😠	화난 얼굴
황당해	😳	상기된 얼굴
황사	😷	마스크 낀 얼굴
황소	🐂	소
황소	♉	황소자리
황소자리	🐂	소
황소자리	♉	황소자리
황혼	🌇	일몰
회계	🧾	영수증
회복	❤‍🩹	낫고 있는 하트
회사건물	🏢	빌딩
회사원	🧑‍💼	회사원
회색	🩶	회색 하트
회색곰	🐻	곰 얼굴
회색하트	🩶	회색 하트
회오리모양	🍥	어묵
회오리모양이있는어묵	🍥	어묵
회의	🤝	악수
회의적인	🤨	눈썹을 치켜올린 얼굴
회의적인	🫤	입이 한쪽으로 올라간 얼굴
회전	🛞	휠
회전목마	🎠	회전 목마
회전하는하트	💞	회전하는 하트
획득	🉐	얻을 득
후광이비치는웃는얼굴	😇	후광이 비치는 웃는 얼굴
후다닥	💨	달려나감
후식	🍧	샤베트 아이스크림
후아	😯	숨죽인 얼굴
후아	😱	공포에 절규하는 얼굴
후지	🗻	후지산
후지산	🗻	후지산
후추	🫑	피망
후크	🪝	갈고리
후하고바람부는얼굴	🌬	얼굴이 있는 바람
후회	🙇	절하는 사람
후회	🙇‍♂	절하는 남자
후회	🙇‍♀	절하는 여자
훅	🪝	갈고리
훈장	🎖	무공 훈장
훌쩍	😭	엉엉 우는 얼굴
훌쩍	😿	울고 있는 고양이 얼굴
훔쳐보기	🫣	한쪽 눈을 가리고 훔쳐보는 얼굴
훔쳐봄	👀	왕눈이 눈알
훗	🛖	오두막
훨씬더작음	⋘	훨씬 더 작음
훨씬더큼	⋙	훨씬 더 큼
훨씬작음	≪	훨씬 작음
훨씬큼	≫	훨씬 큼
휘발유	⛽	주유소
휘파람	😮‍💨	날숨 쉬는 얼굴
휠	🛞	휠
휠체어	👨‍🦼	전동 휠체어를 탄 남자
휠체어	👩‍🦼	전동 휠체어를 탄 여자
휠체어	👨‍🦽	수동 휠체어를 탄 남자
휠체어	👩‍🦽	수동 휠체어를 탄 여자
휠체어	♿	휠체어
휠체어	👨‍🦼‍➡	전동 휠체어를 탄 남자: 오른쪽을 향한
휠체어	👩‍🦼‍➡	전동 휠체어를 탄 여자: 오른쪽을 향한
휠체어	👨‍🦽‍➡	수동 휠체어를 탄 남자: 오른쪽을 향한
휠체어	👩‍🦽‍➡	수동 휠체어를 탄 여자: 오른쪽을 향한
휠체어표시	♿	휠체어
휴	😥	실망했지만 안도하는 얼굴
휴대전화	📱	휴대전화
휴대전화	📲	왼쪽에 화살표가 있는 휴대전화
휴대전화	📶	안테나 신호
휴대전화끄기	📵	휴대전화 사용금지
휴대전화끄기	📴	휴대전화 끄기
휴대전화사용금지	📵	휴대전화 사용금지
휴대전화전원끄기	📴	휴대전화 끄기
휴대전화진동모드	📳	진동 모드
휴대폰	📱	휴대전화
휴대폰	📲	왼쪽에 화살표가 있는 휴대전화
휴대폰	📶	안테나 신호
휴식	🧖	사우나 하는 사람
휴식	🧖‍♂	사우나 하는 남자
휴식	🧖‍♀	사우나 하는 여자
휴식	🧘	가부좌한 사람
휴식	🧘‍♂	가부좌한 남자
휴식	🧘‍♀	가부좌한 여자
휴양	🧖	사우나 하는 사람
휴양	🧖‍♂	사우나 하는 남자
휴양	🧖‍♀	사우나 하는 여자
휴일	🧑‍🎄	산타
휴지	🤧	재채기하는 얼굴
휴지	🧻	두루마리
휴지통	🗑	쓰레기통
흐림	☁	구름
흐림	🌤	작은 구름 뒤의 태양
흐림	🌥	큰 구름 뒤의 태양
흔드는손	👋	흔드는 손
흔들다	🫱	오른쪽으로 향하는 손등
흔들다	🫲	왼쪽으로 향하는 손바닥
흔들림	🍃	바람에 흔들리는 나뭇잎
흘리다	🫗	쏟아져 나오는 액체
흘린	🫟	튀어오른 액체
흘림	🫗	쏟아져 나오는 액체
흡수	🧽	스펀지
흡연	🚬	흡연 구역 신호
흡연	🚭	금연 신호
흡연구역신호	🚬	흡연 구역 신호
흡입	🪠	뚫어뻥
흡혈귀	⚰	관
흥분한	👻	유령
흥분함	💗	커지는 하트
흩뿌린	🫟	튀어오른 액체
흰가운	🥼	실험실 가운
흰곰	🐻‍❄	북극곰
흰꽃	💮	흰 꽃
흰색	🤍	흰색 하트
흰색깃발	🏳	펄럭이는 흰색 깃발
흰색다이아몬드	◇	흰색 다이아몬드
흰색렌즈괄호	〖	여는 흰색 렌즈 괄호
흰색렌즈괄호	〗	닫는 흰색 렌즈 괄호
흰색미디엄별	⭐	별
흰색원	⚪	흰색 원
흰색원을포함하고있는검은색정사각형	◙	흰색 원을 포함하고 있는 검은색 정사각형
흰색정사각형	□	흰색 정사각형
흰색중간사각형	◻	중간 흰색 사각형
흰색직사각형	▭	흰색 직사각형
흰색큰사각형	⬜	큰 흰색 사각형
흰색하트	🤍	흰색 하트
흰십자가가있는헬멧	⛑	흰 십자가가 있는 헬멧
흰쥐	🐁	생쥐
히로인	🦸	히로인
히로인	🦸‍♀	여자 히어로
히비스커스	🌺	무궁화
히아신스	🪻	히아신스
히어로	🦸	히로인
히어로	🦸‍♂	남자 히어로
히어로	🦸‍♀	여자 히어로
히잡	🧕	머리에 스카프를 두른 여자
히잡두른여자	🧕	머리에 스카프를 두른 여자
히죽거리는얼굴	😏	히죽거리는 얼굴
히죽히죽	😏	히죽거리는 얼굴
힌두교	🪷	연꽃
힌두교	🛕	힌두교 사원
힌두교	🕉	옴
힌두교사원	🛕	힌두교 사원
힐링	❤‍🩹	낫고 있는 하트
힐링	☮	평화 기호
힘	💪	알통
힘든	🫩	다크서클이 있는 얼굴
힘이센	💪	알통
힘이센	🦁	사자 얼굴
힙합	🤘	뿔 모양 손짓
